{
	"credit": "Made by SHO310",
	"textures": {
		"0": "custom:item/sho/fantasy_scroll/scroll",
		"1": "custom:item/sho/fantasy_scroll/signature",
		"particle": "custom:item/sho/fantasy_scroll/scroll"
	},
	"elements": [
		{
			"from": [0, 24, 7],
			"to": [16, 27, 10],
			"rotation": {"angle": 0, "axis": "y", "origin": [10, 24, 7]},
			"faces": {
				"north": {"uv": [0, 5.75, 4, 6.5], "texture": "#0"},
				"east": {"uv": [8, 5, 8.75, 5.75], "texture": "#0"},
				"south": {"uv": [4, 5.75, 8, 6.5], "texture": "#0"},
				"west": {"uv": [8, 5.75, 8.75, 6.5], "texture": "#0"},
				"up": {"uv": [4, 7.25, 0, 6.5], "texture": "#0"},
				"down": {"uv": [8, 6.5, 4, 7.25], "texture": "#0"}
			}
		},
		{
			"from": [-2.5, 23.25, 6.25],
			"to": [0, 27.75, 10.75],
			"rotation": {"angle": 0, "axis": "y", "origin": [-6, 24, 7]},
			"faces": {
				"north": {"uv": [5.5, 7.25, 6.125, 8.375], "texture": "#0"},
				"east": {"uv": [0, 7.25, 1.125, 8.375], "texture": "#0"},
				"south": {"uv": [6.25, 7.25, 6.875, 8.375], "texture": "#0"},
				"west": {"uv": [1.25, 7.25, 2.375, 8.375], "texture": "#0"},
				"up": {"uv": [7.625, 8.375, 7, 7.25], "texture": "#0"},
				"down": {"uv": [8.375, 7.25, 7.75, 8.375], "texture": "#0"}
			}
		},
		{
			"from": [-3.5, 24, 7],
			"to": [-2.5, 27, 10],
			"rotation": {"angle": 0, "axis": "y", "origin": [-8.5, 24, 7]},
			"faces": {
				"north": {"uv": [2.25, 8.5, 2.5, 9.25], "texture": "#0"},
				"east": {"uv": [8, 6.5, 8.75, 7.25], "texture": "#0"},
				"south": {"uv": [2.5, 8.5, 2.75, 9.25], "texture": "#0"},
				"west": {"uv": [0, 8.5, 0.75, 9.25], "texture": "#0"},
				"up": {"uv": [3, 9.25, 2.75, 8.5], "texture": "#0"},
				"down": {"uv": [3.25, 8.5, 3, 9.25], "texture": "#0"}
			}
		},
		{
			"from": [18.5, 24, 7],
			"to": [19.5, 27, 10],
			"rotation": {"angle": 0, "axis": "y", "origin": [13.5, 24, 7]},
			"faces": {
				"north": {"uv": [3.25, 8.5, 3.5, 9.25], "texture": "#0"},
				"east": {"uv": [0.75, 8.5, 1.5, 9.25], "texture": "#0"},
				"south": {"uv": [3.5, 8.5, 3.75, 9.25], "texture": "#0"},
				"west": {"uv": [1.5, 8.5, 2.25, 9.25], "texture": "#0"},
				"up": {"uv": [4, 9.25, 3.75, 8.5], "texture": "#0"},
				"down": {"uv": [4.25, 8.5, 4, 9.25], "texture": "#0"}
			}
		},
		{
			"from": [19.5, 24.75, 8.5],
			"to": [21, 26.25, 8.5],
			"rotation": {"angle": 0, "axis": "x", "origin": [15.5, 27, 7.75]},
			"faces": {
				"north": {"uv": [4.25, 8.5, 4.625, 8.875], "texture": "#0"},
				"east": {"uv": [0, 0, 0, 0.375], "texture": "#0"},
				"south": {"uv": [8.5, 7.5, 8.875, 7.875], "texture": "#0"},
				"west": {"uv": [0, 0, 0, 0.375], "texture": "#0"},
				"up": {"uv": [0.375, 0, 0, 0], "texture": "#0"},
				"down": {"uv": [0.375, 0, 0, 0], "texture": "#0"}
			}
		},
		{
			"from": [-5, 24.75, 8.5],
			"to": [-3.5, 26.25, 8.5],
			"rotation": {"angle": 0, "axis": "y", "origin": [-9.5, 27, 7.75]},
			"faces": {
				"north": {"uv": [8.5, 8, 8.875, 8.375], "texture": "#0"},
				"east": {"uv": [0, 0, 0, 0.375], "texture": "#0"},
				"south": {"uv": [8.75, 0, 9.125, 0.375], "texture": "#0"},
				"west": {"uv": [0, 0, 0, 0.375], "texture": "#0"},
				"up": {"uv": [0.375, 0, 0, 0], "texture": "#0"},
				"down": {"uv": [0.375, 0, 0, 0], "texture": "#0"}
			}
		},
		{
			"from": [16, 23.25, 6.25],
			"to": [18.5, 27.75, 10.75],
			"rotation": {"angle": 0, "axis": "y", "origin": [13, 24, 7]},
			"faces": {
				"north": {"uv": [8, 0, 8.625, 1.125], "texture": "#0"},
				"east": {"uv": [2.5, 7.25, 3.625, 8.375], "texture": "#0"},
				"south": {"uv": [8, 1.25, 8.625, 2.375], "texture": "#0"},
				"west": {"uv": [3.75, 7.25, 4.875, 8.375], "texture": "#0"},
				"up": {"uv": [8.625, 3.625, 8, 2.5], "texture": "#0"},
				"down": {"uv": [8.625, 3.75, 8, 4.875], "texture": "#0"}
			}
		},
		{
			"from": [7.5, 27, 8],
			"to": [8.5, 28, 9],
			"rotation": {"angle": 0, "axis": "y", "origin": [3.5, 24, 7]},
			"faces": {
				"north": {"uv": [4.75, 8.5, 5, 8.75], "texture": "#0"},
				"east": {"uv": [8.75, 0.5, 9, 0.75], "texture": "#0"},
				"south": {"uv": [8.75, 0.75, 9, 1], "texture": "#0"},
				"west": {"uv": [8.75, 1, 9, 1.25], "texture": "#0"},
				"up": {"uv": [9, 1.5, 8.75, 1.25], "texture": "#0"},
				"down": {"uv": [9, 1.5, 8.75, 1.75], "texture": "#0"}
			}
		},
		{
			"from": [0, 1, 8.25],
			"to": [16, 24, 8.75],
			"rotation": {"angle": 0, "axis": "y", "origin": [10, 21, 7]},
			"faces": {
				"north": {"uv": [0, 0, 4, 5.75], "texture": "#0"},
				"east": {"uv": [5, 7.25, 5.125, 13], "texture": "#0"},
				"south": {"uv": [4, 0, 8, 5.75], "texture": "#0"},
				"west": {"uv": [5.25, 7.25, 5.375, 13], "texture": "#0"},
				"up": {"uv": [9.5, 8.625, 5.5, 8.5], "texture": "#0"},
				"down": {"uv": [12.5, 7.25, 8.5, 7.375], "texture": "#0"}
			}
		},
		{
			"from": [12.5, 4, 8.75],
			"to": [14.5, 7, 9.25],
			"rotation": {"angle": 0, "axis": "y", "origin": [13.5, 4, 8.75]},
			"faces": {
				"north": {"uv": [0, 4, 2, 7], "texture": "#1"},
				"east": {"uv": [4, 4, 4.5, 7], "texture": "#1"},
				"south": {"uv": [2, 4, 4, 7], "texture": "#1"},
				"west": {"uv": [5, 4, 5.5, 7], "texture": "#1"},
				"up": {"uv": [8, 0.5, 6, 0], "texture": "#1"},
				"down": {"uv": [8, 1, 6, 1.5], "texture": "#1"}
			}
		},
		{
			"from": [14.5, 4.5, 8.75],
			"to": [15, 6.5, 9.25],
			"rotation": {"angle": 0, "axis": "y", "origin": [15.5, 4, 8.75]},
			"faces": {
				"north": {"uv": [6, 2, 6.5, 4], "texture": "#1"},
				"east": {"uv": [6, 4, 6.5, 6], "texture": "#1"},
				"south": {"uv": [6, 6, 6.5, 8], "texture": "#1"},
				"west": {"uv": [0, 7, 0.5, 9], "texture": "#1"},
				"up": {"uv": [4.5, 7.5, 4, 7], "texture": "#1"},
				"down": {"uv": [7.5, 4, 7, 4.5], "texture": "#1"}
			}
		},
		{
			"from": [12, 4.5, 8.75],
			"to": [12.5, 6.5, 9.25],
			"rotation": {"angle": 0, "axis": "y", "origin": [13, 4, 8.75]},
			"faces": {
				"north": {"uv": [1, 7, 1.5, 9], "texture": "#1"},
				"east": {"uv": [2, 7, 2.5, 9], "texture": "#1"},
				"south": {"uv": [7, 2, 7.5, 4], "texture": "#1"},
				"west": {"uv": [3, 7, 3.5, 9], "texture": "#1"},
				"up": {"uv": [5.5, 7.5, 5, 7], "texture": "#1"},
				"down": {"uv": [7.5, 5, 7, 5.5], "texture": "#1"}
			}
		},
		{
			"from": [12, 0, 9],
			"to": [15, 4, 9],
			"rotation": {"angle": 0, "axis": "y", "origin": [13.5, 1, 9]},
			"faces": {
				"north": {"uv": [0, 0, 3, 4], "texture": "#1"},
				"east": {"uv": [0, 0, 0, 4], "texture": "#1"},
				"south": {"uv": [3, 0, 6, 4], "texture": "#1"},
				"west": {"uv": [0, 0, 0, 4], "texture": "#1"},
				"up": {"uv": [3, 0, 0, 0], "texture": "#1"},
				"down": {"uv": [3, 0, 0, 0], "texture": "#1"}
			}
		}
	],
	"display": {
		"thirdperson_righthand": {
			"rotation": [72, -180, 0],
			"translation": [0, -4.75, -7.5],
			"scale": [0.47, 0.47, 0.47]
		},
		"thirdperson_lefthand": {
			"rotation": [72, -180, 0],
			"translation": [0, -4.75, -7.5],
			"scale": [0.47, 0.47, 0.47]
		},
		"firstperson_righthand": {
			"translation": [0, -5, 0],
			"scale": [0.44, 0.44, 0.44]
		},
		"firstperson_lefthand": {
			"translation": [0, -5, 0],
			"scale": [0.44, 0.44, 0.44]
		},
		"ground": {
			"translation": [0, 1.75, 0],
			"scale": [0.47, 0.47, 0.47]
		},
		"gui": {
			"translation": [0, -3.25, 0],
			"scale": [0.52, 0.52, 0.52]
		},
		"head": {
			"rotation": [90, 180, 0],
			"translation": [0, 6.5, -4],
			"scale": [0.72, 0.72, 0.72]
		},
		"fixed": {
			"rotation": [0, -180, 0],
			"translation": [0, -4, -0.5],
			"scale": [0.65, 0.65, 0.65]
		}
	},
	"groups": [
		{
			"name": "scroll",
			"origin": [10, 21, 7],
			"color": 0,
			"children": [0, 1, 2, 3, 4, 5, 6, 7, 8]
		},
		{
			"name": "signature",
			"origin": [13.5, 1, 9],
			"color": 0,
			"children": [9, 10, 11, 12]
		}
	]
}