{
	"credit": "Made by SHO310",
	"textures": {
		"1": "custom:item/sho/mystic_energy_source_yellow/rune_overlay",
		"2": "custom:item/sho/mystic_energy_source_yellow/fragments",
		"3": "custom:item/sho/mystic_energy_source_yellow/rune",
		"particle": "custom:item/sho/mystic_energy_source_yellow/rune"
	},
	"elements": [
		{
			"from": [6.50736, 14.25, 7.5],
			"to": [9.25736, 14.75, 8],
			"light_emission": 10,
			"rotation": {"angle": 0, "axis": "y", "origin": [6.87868, 14.37868, 7.5]},
			"faces": {
				"north": {"uv": [0, 0, 3, 1], "texture": "#3"},
				"east": {"uv": [0, 6, 1, 7], "texture": "#3"},
				"south": {"uv": [0, 1, 3, 2], "texture": "#3"},
				"west": {"uv": [6, 0, 7, 1], "texture": "#3"},
				"up": {"uv": [3, 3, 0, 2], "texture": "#3"},
				"down": {"uv": [3, 3, 0, 4], "texture": "#3"}
			}
		},
		{
			"from": [6.48959, 13.94975, 7.5],
			"to": [9.23959, 14.44975, 8],
			"light_emission": 10,
			"rotation": {"angle": -45, "axis": "z", "origin": [6.86091, 14.07843, 7.5]},
			"faces": {
				"north": {"uv": [3, 0, 6, 1], "texture": "#3"},
				"east": {"uv": [1, 6, 2, 7], "texture": "#3"},
				"south": {"uv": [3, 1, 6, 2], "texture": "#3"},
				"west": {"uv": [6, 1, 7, 2], "texture": "#3"},
				"up": {"uv": [6, 3, 3, 2], "texture": "#3"},
				"down": {"uv": [6, 3, 3, 4], "texture": "#3"}
			}
		},
		{
			"from": [6.9415, 16.04074, 7.5],
			"to": [9.6915, 16.54074, 8],
			"light_emission": 10,
			"rotation": {"angle": -45, "axis": "z", "origin": [7.31282, 16.16942, 7.5]},
			"faces": {
				"north": {"uv": [0, 4, 3, 5], "texture": "#3"},
				"east": {"uv": [2, 6, 3, 7], "texture": "#3"},
				"south": {"uv": [3, 4, 6, 5], "texture": "#3"},
				"west": {"uv": [6, 2, 7, 3], "texture": "#3"},
				"up": {"uv": [3, 6, 0, 5], "texture": "#3"},
				"down": {"uv": [6, 5, 3, 6], "texture": "#3"}
			}
		},
		{
			"from": [6.50736, 14.25, 9],
			"to": [9.25736, 14.75, 9.5],
			"light_emission": 10,
			"rotation": {"angle": 0, "axis": "y", "origin": [6.87868, 14.37868, 9]},
			"faces": {
				"north": {"uv": [0, 0, 3, 1], "texture": "#3"},
				"east": {"uv": [0, 6, 1, 7], "texture": "#3"},
				"south": {"uv": [0, 1, 3, 2], "texture": "#3"},
				"west": {"uv": [6, 0, 7, 1], "texture": "#3"},
				"up": {"uv": [3, 3, 0, 2], "texture": "#3"},
				"down": {"uv": [3, 3, 0, 4], "texture": "#3"}
			}
		},
		{
			"from": [6.48959, 13.94975, 9],
			"to": [9.23959, 14.44975, 9.5],
			"light_emission": 10,
			"rotation": {"angle": -45, "axis": "z", "origin": [6.86091, 14.07843, 9]},
			"faces": {
				"north": {"uv": [3, 0, 6, 1], "texture": "#3"},
				"east": {"uv": [1, 6, 2, 7], "texture": "#3"},
				"south": {"uv": [3, 1, 6, 2], "texture": "#3"},
				"west": {"uv": [6, 1, 7, 2], "texture": "#3"},
				"up": {"uv": [6, 3, 3, 2], "texture": "#3"},
				"down": {"uv": [6, 3, 3, 4], "texture": "#3"}
			}
		},
		{
			"from": [6.9415, 16.04074, 9],
			"to": [9.6915, 16.54074, 9.5],
			"light_emission": 10,
			"rotation": {"angle": -45, "axis": "z", "origin": [7.31282, 16.16942, 9]},
			"faces": {
				"north": {"uv": [0, 4, 3, 5], "texture": "#3"},
				"east": {"uv": [2, 6, 3, 7], "texture": "#3"},
				"south": {"uv": [3, 4, 6, 5], "texture": "#3"},
				"west": {"uv": [6, 2, 7, 3], "texture": "#3"},
				"up": {"uv": [3, 6, 0, 5], "texture": "#3"},
				"down": {"uv": [6, 5, 3, 6], "texture": "#3"}
			}
		},
		{
			"name": "rune_overlay",
			"from": [5.37868, 11.91421, 8],
			"to": [10.37868, 16.91421, 9],
			"light_emission": 15,
			"rotation": {"angle": 45, "axis": "z", "origin": [7.87868, 14.41421, 8.5]},
			"faces": {
				"north": {"uv": [0, 0, 5, 5], "texture": "#1"},
				"east": {"uv": [5, 0, 6, 5], "texture": "#1"},
				"south": {"uv": [0, 5, 5, 10], "texture": "#1"},
				"west": {"uv": [5, 5, 6, 10], "texture": "#1"},
				"up": {"uv": [11, 1, 6, 0], "texture": "#1"},
				"down": {"uv": [11, 1, 6, 2], "texture": "#1"}
			}
		},
		{
			"name": "long_1",
			"from": [11.52665, 9.52881, 8],
			"to": [12.77665, 16.77881, 9],
			"rotation": {"angle": 45, "axis": "z", "origin": [7.875, 14.375, 8.5]},
			"faces": {
				"north": {"uv": [0, 6, 0.75, 9.75], "texture": "#2"},
				"east": {"uv": [8, 7, 8.5, 10.75], "texture": "#2"},
				"south": {"uv": [1, 6, 1.75, 9.75], "texture": "#2"},
				"west": {"uv": [2, 8.5, 2.5, 12.25], "texture": "#2"},
				"up": {"uv": [10.75, 1, 10, 0.5], "texture": "#2"},
				"down": {"uv": [10.75, 1, 10, 1.5], "texture": "#2"}
			}
		},
		{
			"name": "long_2",
			"from": [4.34987, 9.54137, 8],
			"to": [11.34987, 10.79137, 9],
			"rotation": {"angle": 45, "axis": "z", "origin": [7.875, 14.375, 8.5]},
			"faces": {
				"north": {"uv": [5, 6, 8.5, 6.75], "texture": "#2"},
				"east": {"uv": [4.5, 10.5, 5, 11.25], "texture": "#2"},
				"south": {"uv": [6.5, 0, 10, 0.75], "texture": "#2"},
				"west": {"uv": [10.5, 4.5, 11, 5.25], "texture": "#2"},
				"up": {"uv": [10, 1.5, 6.5, 1], "texture": "#2"},
				"down": {"uv": [10, 1.5, 6.5, 2], "texture": "#2"}
			}
		},
		{
			"name": "middle_1",
			"from": [12, 18.75, 7.75],
			"to": [13.75, 22.5, 9.25],
			"rotation": {"angle": 0, "axis": "y", "origin": [7.875, 14.375, 8.5]},
			"faces": {
				"north": {"uv": [6.5, 4, 7.5, 6], "texture": "#2"},
				"east": {"uv": [7.5, 4, 8.25, 6], "texture": "#2"},
				"south": {"uv": [7, 7, 8, 9], "texture": "#2"},
				"west": {"uv": [2.5, 8.5, 3.25, 10.5], "texture": "#2"},
				"up": {"uv": [9.5, 5.75, 8.5, 5], "texture": "#2"},
				"down": {"uv": [9.5, 6, 8.5, 6.75], "texture": "#2"}
			}
		},
		{
			"name": "middle_2",
			"from": [15.5, 12.75, 7.5],
			"to": [17.75, 17, 9.5],
			"rotation": {"angle": 0, "axis": "y", "origin": [7.875, 14.375, 8.5]},
			"faces": {
				"north": {"uv": [2, 6, 3.25, 8.25], "texture": "#2"},
				"east": {"uv": [5, 7, 6, 9.25], "texture": "#2"},
				"south": {"uv": [3.5, 6, 4.75, 8.25], "texture": "#2"},
				"west": {"uv": [6, 7, 7, 9.25], "texture": "#2"},
				"up": {"uv": [4.75, 9.5, 3.5, 8.5], "texture": "#2"},
				"down": {"uv": [9.75, 4, 8.5, 5], "texture": "#2"}
			}
		},
		{
			"name": "small_1",
			"from": [9.01777, 22.94239, 8],
			"to": [10.26777, 24.19239, 9],
			"rotation": {"angle": -45, "axis": "z", "origin": [7.875, 14.375, 8.5]},
			"faces": {
				"north": {"uv": [9.5, 5, 10.25, 5.75], "texture": "#2"},
				"east": {"uv": [1.5, 10, 2, 10.75], "texture": "#2"},
				"south": {"uv": [5.5, 9.5, 6.25, 10.25], "texture": "#2"},
				"west": {"uv": [10, 4, 10.5, 4.75], "texture": "#2"},
				"up": {"uv": [10.75, 2, 10, 1.5], "texture": "#2"},
				"down": {"uv": [7.75, 10, 7, 10.5], "texture": "#2"}
			}
		},
		{
			"name": "small_2",
			"from": [13.96751, 13.75, 8],
			"to": [15.21751, 15, 9],
			"rotation": {"angle": -45, "axis": "z", "origin": [7.875, 14.375, 8.5]},
			"faces": {
				"north": {"uv": [3.5, 9.5, 4.25, 10.25], "texture": "#2"},
				"east": {"uv": [6.5, 9.5, 7, 10.25], "texture": "#2"},
				"south": {"uv": [4.5, 9.5, 5.25, 10.25], "texture": "#2"},
				"west": {"uv": [0, 10, 0.5, 10.75], "texture": "#2"},
				"up": {"uv": [10.75, 0.5, 10, 0], "texture": "#2"},
				"down": {"uv": [1.25, 10, 0.5, 10.5], "texture": "#2"}
			}
		},
		{
			"name": "small_1",
			"from": [-0.88173, 17.28553, 8],
			"to": [0.36827, 18.53553, 9],
			"rotation": {"angle": -45, "axis": "z", "origin": [7.875, 14.375, 8.5]},
			"faces": {
				"north": {"uv": [9.5, 6, 10.25, 6.75], "texture": "#2"},
				"east": {"uv": [8.5, 10, 9, 10.75], "texture": "#2"},
				"south": {"uv": [9.5, 7, 10.25, 7.75], "texture": "#2"},
				"west": {"uv": [9, 10, 9.5, 10.75], "texture": "#2"},
				"up": {"uv": [10.25, 10.5, 9.5, 10], "texture": "#2"},
				"down": {"uv": [1.25, 10.5, 0.5, 11], "texture": "#2"}
			}
		},
		{
			"name": "small_2",
			"from": [8.31066, 5.26472, 8],
			"to": [9.56066, 6.51472, 9],
			"rotation": {"angle": -45, "axis": "z", "origin": [7.875, 14.375, 8.5]},
			"faces": {
				"north": {"uv": [9.5, 8, 10.25, 8.75], "texture": "#2"},
				"east": {"uv": [2.5, 10.5, 3, 11.25], "texture": "#2"},
				"south": {"uv": [9.5, 9, 10.25, 9.75], "texture": "#2"},
				"west": {"uv": [3, 10.5, 3.5, 11.25], "texture": "#2"},
				"up": {"uv": [4.25, 11, 3.5, 10.5], "texture": "#2"},
				"down": {"uv": [11.25, 4, 10.5, 4.5], "texture": "#2"}
			}
		},
		{
			"name": "long_1",
			"from": [1.80178, 18.76409, 7.75],
			"to": [14.30178, 20.51409, 9.25],
			"rotation": {"angle": 45, "axis": "z", "origin": [7.875, 14.375, 8.5]},
			"faces": {
				"north": {"uv": [0, 0, 6.25, 1], "texture": "#2"},
				"east": {"uv": [7, 9, 7.75, 10], "texture": "#2"},
				"south": {"uv": [0, 1, 6.25, 2], "texture": "#2"},
				"west": {"uv": [8.5, 9, 9.25, 10], "texture": "#2"},
				"up": {"uv": [6.25, 4.75, 0, 4], "texture": "#2"},
				"down": {"uv": [6.25, 5, 0, 5.75], "texture": "#2"}
			}
		},
		{
			"name": "long_2",
			"from": [3.84987, 8.33426, 7.75],
			"to": [14.59987, 10.08426, 9.25],
			"rotation": {"angle": -45, "axis": "z", "origin": [7.875, 14.375, 8.5]},
			"faces": {
				"north": {"uv": [0, 2, 5.5, 3], "texture": "#2"},
				"east": {"uv": [8.5, 7, 9.25, 8], "texture": "#2"},
				"south": {"uv": [0, 3, 5.5, 4], "texture": "#2"},
				"west": {"uv": [8.5, 8, 9.25, 9], "texture": "#2"},
				"up": {"uv": [11, 2.75, 5.5, 2], "texture": "#2"},
				"down": {"uv": [11, 3, 5.5, 3.75], "texture": "#2"}
			}
		}
	],
	"display": {
		"thirdperson_righthand": {
			"translation": [0, -0.75, 0.5],
			"scale": [0.38, 0.38, 0.38]
		},
		"thirdperson_lefthand": {
			"translation": [0, -0.75, 0.75],
			"scale": [0.38, 0.38, 0.38]
		},
		"firstperson_righthand": {
			"translation": [2, -3, 0],
			"scale": [0.67, 0.67, 0.67]
		},
		"firstperson_lefthand": {
			"translation": [2.25, -3, 0],
			"scale": [0.67, 0.67, 0.67]
		},
		"gui": {
			"rotation": [0, -180, 0],
			"translation": [0.5, -5.25, 0],
			"scale": [0.79, 0.79, 0.79]
		},
		"head": {
			"translation": [0, 9.75, 0]
		},
		"fixed": {
			"translation": [-0.75, -6.5, -1.25]
		}
	},
	"groups": [
		{
			"name": "center piece",
			"origin": [10, 13, 7],
			"color": 0,
			"children": [
				{
					"name": "rune",
					"origin": [7.31282, 16.16942, 9],
					"color": 0,
					"children": [0, 1, 2]
				},
				{
					"name": "rune",
					"origin": [7.31282, 16.16942, 9],
					"color": 0,
					"children": [3, 4, 5]
				},
				6
			]
		},
		{
			"name": "left_side",
			"origin": [13.75, 12, 7],
			"color": 0,
			"children": [7, 8, 9, 10, 11, 12]
		},
		{
			"name": "right_side",
			"origin": [5.25, 17.25, 7],
			"color": 0,
			"children": [13, 14, 15, 16]
		}
	]
}