{
	"credit": "Made by LynntFluffle",
	"parent": "carved_pumpkin",
	"textures": {
		"1": "custom:item/lynnt/wizard_hat/stars",
		"2": "custom:item/lynnt/wizard_hat/wizbiz",
		"particle": "custom:item/lynnt/wizard_hat/wizbiz"
	},
	"elements": [
		{
			"name": "base",
			"from": [1, 0, 1],
			"to": [15, 1, 15],
			"rotation": {"angle": 0, "axis": "y", "origin": [1, 0, 1]},
			"faces": {
				"north": {"uv": [8, 4.5, 11.5, 4.75], "texture": "#2"},
				"east": {"uv": [8, 4.75, 11.5, 5], "texture": "#2"},
				"south": {"uv": [1.5, 8.5, 5, 8.75], "texture": "#2"},
				"west": {"uv": [1.5, 8.75, 5, 9], "texture": "#2"},
				"up": {"uv": [3.5, 3.5, 0, 0], "texture": "#2"},
				"down": {"uv": [3.5, 3.5, 0, 7], "texture": "#2"}
			}
		},
		{
			"name": "middle",
			"from": [3, 1, 3],
			"to": [13, 4, 13],
			"rotation": {"angle": 0, "axis": "y", "origin": [3, 1, 3]},
			"faces": {
				"north": {"uv": [7.5, 6.5, 10, 7.25], "texture": "#2"},
				"east": {"uv": [7.5, 7.25, 10, 8], "texture": "#2"},
				"south": {"uv": [8, 0, 10.5, 0.75], "texture": "#2"},
				"west": {"uv": [8, 0.75, 10.5, 1.5], "texture": "#2"},
				"up": {"uv": [6, 2.5, 3.5, 0], "texture": "#2"},
				"down": {"uv": [6, 2.5, 3.5, 5], "texture": "#2"}
			}
		},
		{
			"name": "middle 2",
			"from": [4, 3, 3],
			"to": [12, 8, 11],
			"rotation": {"angle": 22.5, "axis": "x", "origin": [4, 3, 3]},
			"faces": {
				"north": {"uv": [6, 0, 8, 1.25], "texture": "#2"},
				"east": {"uv": [6, 1.25, 8, 2.5], "texture": "#2"},
				"south": {"uv": [6, 2.5, 8, 3.75], "texture": "#2"},
				"west": {"uv": [6, 3.75, 8, 5], "texture": "#2"},
				"up": {"uv": [5.5, 7, 3.5, 5], "texture": "#2"},
				"down": {"uv": [7.5, 5, 5.5, 7], "texture": "#2"}
			}
		},
		{
			"name": "middle 3",
			"from": [5, 5, 5],
			"to": [11, 11, 11],
			"rotation": {"angle": 22.5, "axis": "x", "origin": [5, 5, 5]},
			"faces": {
				"north": {"uv": [0, 7, 1.5, 8.5], "texture": "#2"},
				"east": {"uv": [1.5, 7, 3, 8.5], "texture": "#2"},
				"south": {"uv": [3, 7, 4.5, 8.5], "texture": "#2"},
				"west": {"uv": [4.5, 7, 6, 8.5], "texture": "#2"},
				"up": {"uv": [7.5, 8.5, 6, 7], "texture": "#2"},
				"down": {"uv": [9, 5, 7.5, 6.5], "texture": "#2"}
			}
		},
		{
			"name": "top",
			"from": [6, 7, 8],
			"to": [10, 10, 14],
			"rotation": {"angle": 0, "axis": "y", "origin": [6, 7, 8]},
			"faces": {
				"north": {"uv": [5, 8.5, 6, 9.25], "texture": "#2"},
				"east": {"uv": [7.5, 8, 9, 8.75], "texture": "#2"},
				"south": {"uv": [6, 8.5, 7, 9.25], "texture": "#2"},
				"west": {"uv": [0, 8.5, 1.5, 9.25], "texture": "#2"},
				"up": {"uv": [9, 3, 8, 1.5], "texture": "#2"},
				"down": {"uv": [9, 3, 8, 4.5], "texture": "#2"}
			}
		},
		{
			"name": "top 2",
			"from": [7, 7, 14],
			"to": [9, 9, 15],
			"rotation": {"angle": 0, "axis": "y", "origin": [7, 7, 14]},
			"faces": {
				"north": {"uv": [7, 8.5, 7.5, 9], "texture": "#2"},
				"east": {"uv": [1.5, 9, 1.75, 9.5], "texture": "#2"},
				"south": {"uv": [7.5, 8.75, 8, 9.25], "texture": "#2"},
				"west": {"uv": [9, 1.5, 9.25, 2], "texture": "#2"},
				"up": {"uv": [2.25, 9.25, 1.75, 9], "texture": "#2"},
				"down": {"uv": [9.5, 2, 9, 2.25], "texture": "#2"}
			}
		},
		{
			"name": "top 3",
			"from": [7, 6, 15],
			"to": [9, 8, 16],
			"rotation": {"angle": 0, "axis": "y", "origin": [7, 6, 15]},
			"faces": {
				"north": {"uv": [8, 8.75, 8.5, 9.25], "texture": "#2"},
				"east": {"uv": [2.25, 9, 2.5, 9.5], "texture": "#2"},
				"south": {"uv": [8.5, 8.75, 9, 9.25], "texture": "#2"},
				"west": {"uv": [9, 2.25, 9.25, 2.75], "texture": "#2"},
				"up": {"uv": [3, 9.25, 2.5, 9], "texture": "#2"},
				"down": {"uv": [9.5, 2.75, 9, 3], "texture": "#2"}
			}
		},
		{
			"name": "star",
			"from": [9, 5, 15],
			"to": [10, 6, 16],
			"rotation": {"angle": 0, "axis": "y", "origin": [9, 5, 15]},
			"faces": {
				"north": {"uv": [3, 9, 3.25, 9.25], "texture": "#2"},
				"east": {"uv": [9, 3, 9.25, 3.25], "texture": "#2"},
				"south": {"uv": [3.25, 9, 3.5, 9.25], "texture": "#2"},
				"west": {"uv": [9, 3.25, 9.25, 3.5], "texture": "#2"},
				"up": {"uv": [3.75, 9.25, 3.5, 9], "texture": "#2"},
				"down": {"uv": [9.25, 3.5, 9, 3.75], "texture": "#2"}
			}
		},
		{
			"from": [1, -3, 1],
			"to": [2, -2, 1],
			"rotation": {"angle": 0, "axis": "y", "origin": [2, -3, 1]},
			"faces": {
				"north": {"uv": [0, 0, 1, 1], "texture": "#1"},
				"east": {"uv": [0, 0, 0, 1], "texture": "#1"},
				"south": {"uv": [0, 0, 1, 1], "texture": "#1"},
				"west": {"uv": [0, 0, 0, 1], "texture": "#1"},
				"up": {"uv": [0, 0, 1, 0], "texture": "#1"},
				"down": {"uv": [0, 0, 1, 0], "texture": "#1"}
			}
		},
		{
			"from": [1, -3, 1],
			"to": [1, -2, 2],
			"rotation": {"angle": 0, "axis": "y", "origin": [1, -3, 1]},
			"faces": {
				"north": {"uv": [0, 0, 0, 1], "texture": "#1"},
				"east": {"uv": [0, 0, 1, 1], "texture": "#1"},
				"south": {"uv": [0, 0, 0, 1], "texture": "#1"},
				"west": {"uv": [0, 0, 1, 1], "texture": "#1"},
				"up": {"uv": [0, 0, 0, 1], "texture": "#1"},
				"down": {"uv": [0, 0, 0, 1], "texture": "#1"}
			}
		},
		{
			"from": [1, -3, 2],
			"to": [1, -2, 3],
			"rotation": {"angle": 0, "axis": "y", "origin": [1, -3, 2]},
			"faces": {
				"north": {"uv": [0, 0, 0, 1], "texture": "#1"},
				"east": {"uv": [0, 0, 1, 1], "texture": "#1"},
				"south": {"uv": [0, 0, 0, 1], "texture": "#1"},
				"west": {"uv": [0, 0, 1, 1], "texture": "#1"},
				"up": {"uv": [0, 0, 0, 1], "texture": "#1"},
				"down": {"uv": [0, 0, 0, 1], "texture": "#1"}
			}
		},
		{
			"from": [1, -2, 3],
			"to": [1, -1, 4],
			"rotation": {"angle": 0, "axis": "y", "origin": [1, -2, 3]},
			"faces": {
				"north": {"uv": [0, 0, 0, 1], "texture": "#1"},
				"east": {"uv": [0, 0, 1, 1], "texture": "#1"},
				"south": {"uv": [0, 0, 0, 1], "texture": "#1"},
				"west": {"uv": [0, 0, 1, 1], "texture": "#1"},
				"up": {"uv": [0, 0, 0, 1], "texture": "#1"},
				"down": {"uv": [0, 0, 0, 1], "texture": "#1"}
			}
		},
		{
			"from": [1, -1, 4],
			"to": [1, 0, 5],
			"rotation": {"angle": 0, "axis": "y", "origin": [1, -1, 4]},
			"faces": {
				"north": {"uv": [0, 0, 0, 1], "texture": "#1"},
				"east": {"uv": [0, 0, 1, 1], "texture": "#1"},
				"south": {"uv": [0, 0, 0, 1], "texture": "#1"},
				"west": {"uv": [0, 0, 1, 1], "texture": "#1"},
				"up": {"uv": [0, 0, 0, 1], "texture": "#1"},
				"down": {"uv": [0, 0, 0, 1], "texture": "#1"}
			}
		},
		{
			"from": [1, -1, 10],
			"to": [1, 0, 11],
			"rotation": {"angle": 0, "axis": "y", "origin": [1, -1, 10]},
			"faces": {
				"north": {"uv": [0, 0, 0, 1], "texture": "#1"},
				"east": {"uv": [0, 0, 1, 1], "texture": "#1"},
				"south": {"uv": [0, 0, 0, 1], "texture": "#1"},
				"west": {"uv": [0, 0, 1, 1], "texture": "#1"},
				"up": {"uv": [0, 0, 0, 1], "texture": "#1"},
				"down": {"uv": [0, 0, 0, 1], "texture": "#1"}
			}
		},
		{
			"from": [1, -2, 11],
			"to": [1, -1, 12],
			"rotation": {"angle": 0, "axis": "y", "origin": [1, -2, 11]},
			"faces": {
				"north": {"uv": [0, 0, 0, 1], "texture": "#1"},
				"east": {"uv": [0, 0, 1, 1], "texture": "#1"},
				"south": {"uv": [0, 0, 0, 1], "texture": "#1"},
				"west": {"uv": [0, 0, 1, 1], "texture": "#1"},
				"up": {"uv": [0, 0, 0, 1], "texture": "#1"},
				"down": {"uv": [0, 0, 0, 1], "texture": "#1"}
			}
		},
		{
			"from": [1, -1, 12],
			"to": [1, 0, 13],
			"rotation": {"angle": 0, "axis": "y", "origin": [1, -1, 12]},
			"faces": {
				"north": {"uv": [0, 0, 0, 1], "texture": "#1"},
				"east": {"uv": [0, 0, 1, 1], "texture": "#1"},
				"south": {"uv": [0, 0, 0, 1], "texture": "#1"},
				"west": {"uv": [0, 0, 1, 1], "texture": "#1"},
				"up": {"uv": [0, 0, 0, 1], "texture": "#1"},
				"down": {"uv": [0, 0, 0, 1], "texture": "#1"}
			}
		},
		{
			"from": [2, -1, 15],
			"to": [3, 0, 15],
			"rotation": {"angle": 0, "axis": "y", "origin": [2, -1, 15]},
			"faces": {
				"north": {"uv": [0, 0, 1, 1], "texture": "#1"},
				"east": {"uv": [0, 0, 0, 1], "texture": "#1"},
				"south": {"uv": [0, 0, 1, 1], "texture": "#1"},
				"west": {"uv": [0, 0, 0, 1], "texture": "#1"},
				"up": {"uv": [0, 0, 1, 0], "texture": "#1"},
				"down": {"uv": [0, 0, 1, 0], "texture": "#1"}
			}
		},
		{
			"from": [3, -2, 15],
			"to": [4, -1, 15],
			"rotation": {"angle": 0, "axis": "y", "origin": [3, -2, 15]},
			"faces": {
				"north": {"uv": [0, 0, 1, 1], "texture": "#1"},
				"east": {"uv": [0, 0, 0, 1], "texture": "#1"},
				"south": {"uv": [0, 0, 1, 1], "texture": "#1"},
				"west": {"uv": [0, 0, 0, 1], "texture": "#1"},
				"up": {"uv": [0, 0, 1, 0], "texture": "#1"},
				"down": {"uv": [0, 0, 1, 0], "texture": "#1"}
			}
		},
		{
			"from": [4, -3, 15],
			"to": [5, -2, 15],
			"rotation": {"angle": 0, "axis": "y", "origin": [4, -3, 15]},
			"faces": {
				"north": {"uv": [0, 0, 1, 1], "texture": "#1"},
				"east": {"uv": [0, 0, 0, 1], "texture": "#1"},
				"south": {"uv": [0, 0, 1, 1], "texture": "#1"},
				"west": {"uv": [0, 0, 0, 1], "texture": "#1"},
				"up": {"uv": [0, 0, 1, 0], "texture": "#1"},
				"down": {"uv": [0, 0, 1, 0], "texture": "#1"}
			}
		},
		{
			"from": [5, -3, 15],
			"to": [6, -2, 15],
			"rotation": {"angle": 0, "axis": "y", "origin": [5, -3, 15]},
			"faces": {
				"north": {"uv": [0, 0, 1, 1], "texture": "#1"},
				"east": {"uv": [0, 0, 0, 1], "texture": "#1"},
				"south": {"uv": [0, 0, 1, 1], "texture": "#1"},
				"west": {"uv": [0, 0, 0, 1], "texture": "#1"},
				"up": {"uv": [0, 0, 1, 0], "texture": "#1"},
				"down": {"uv": [0, 0, 1, 0], "texture": "#1"}
			}
		},
		{
			"from": [6, -2, 15],
			"to": [7, -1, 15],
			"rotation": {"angle": 0, "axis": "y", "origin": [6, -2, 15]},
			"faces": {
				"north": {"uv": [0, 0, 1, 1], "texture": "#1"},
				"east": {"uv": [0, 0, 0, 1], "texture": "#1"},
				"south": {"uv": [0, 0, 1, 1], "texture": "#1"},
				"west": {"uv": [0, 0, 0, 1], "texture": "#1"},
				"up": {"uv": [0, 0, 1, 0], "texture": "#1"},
				"down": {"uv": [0, 0, 1, 0], "texture": "#1"}
			}
		},
		{
			"from": [7, -1, 15],
			"to": [8, 0, 15],
			"rotation": {"angle": 0, "axis": "y", "origin": [7, -1, 15]},
			"faces": {
				"north": {"uv": [0, 0, 1, 1], "texture": "#1"},
				"east": {"uv": [0, 0, 0, 1], "texture": "#1"},
				"south": {"uv": [0, 0, 1, 1], "texture": "#1"},
				"west": {"uv": [0, 0, 0, 1], "texture": "#1"},
				"up": {"uv": [0, 0, 1, 0], "texture": "#1"},
				"down": {"uv": [0, 0, 1, 0], "texture": "#1"}
			}
		},
		{
			"from": [11, -1, 15],
			"to": [12, 0, 15],
			"rotation": {"angle": 0, "axis": "y", "origin": [11, -1, 15]},
			"faces": {
				"north": {"uv": [0, 0, 1, 1], "texture": "#1"},
				"east": {"uv": [0, 0, 0, 1], "texture": "#1"},
				"south": {"uv": [0, 0, 1, 1], "texture": "#1"},
				"west": {"uv": [0, 0, 0, 1], "texture": "#1"},
				"up": {"uv": [0, 0, 1, 0], "texture": "#1"},
				"down": {"uv": [0, 0, 1, 0], "texture": "#1"}
			}
		},
		{
			"from": [11, -3, 15],
			"to": [12, -2, 15],
			"rotation": {"angle": 0, "axis": "y", "origin": [11, -3, 15]},
			"faces": {
				"north": {"uv": [0, 0, 1, 1], "texture": "#1"},
				"east": {"uv": [0, 0, 0, 1], "texture": "#1"},
				"south": {"uv": [0, 0, 1, 1], "texture": "#1"},
				"west": {"uv": [0, 0, 0, 1], "texture": "#1"},
				"up": {"uv": [0, 0, 1, 0], "texture": "#1"},
				"down": {"uv": [0, 0, 1, 0], "texture": "#1"}
			}
		},
		{
			"from": [12, -2, 15],
			"to": [13, -1, 15],
			"rotation": {"angle": 0, "axis": "y", "origin": [12, -2, 15]},
			"faces": {
				"north": {"uv": [0, 0, 1, 1], "texture": "#1"},
				"east": {"uv": [0, 0, 0, 1], "texture": "#1"},
				"south": {"uv": [0, 0, 1, 1], "texture": "#1"},
				"west": {"uv": [0, 0, 0, 1], "texture": "#1"},
				"up": {"uv": [0, 0, 1, 0], "texture": "#1"},
				"down": {"uv": [0, 0, 1, 0], "texture": "#1"}
			}
		},
		{
			"from": [10, -2, 15],
			"to": [11, -1, 15],
			"rotation": {"angle": 0, "axis": "y", "origin": [10, -2, 15]},
			"faces": {
				"north": {"uv": [0, 0, 1, 1], "texture": "#1"},
				"east": {"uv": [0, 0, 0, 1], "texture": "#1"},
				"south": {"uv": [0, 0, 1, 1], "texture": "#1"},
				"west": {"uv": [0, 0, 0, 1], "texture": "#1"},
				"up": {"uv": [0, 0, 1, 0], "texture": "#1"},
				"down": {"uv": [0, 0, 1, 0], "texture": "#1"}
			}
		},
		{
			"from": [15, -1, 14],
			"to": [15, 0, 15],
			"rotation": {"angle": 0, "axis": "y", "origin": [15, -1, 14]},
			"faces": {
				"north": {"uv": [0, 0, 0, 1], "texture": "#1"},
				"east": {"uv": [0, 0, 1, 1], "texture": "#1"},
				"south": {"uv": [0, 0, 0, 1], "texture": "#1"},
				"west": {"uv": [0, 0, 1, 1], "texture": "#1"},
				"up": {"uv": [0, 0, 0, 1], "texture": "#1"},
				"down": {"uv": [0, 0, 0, 1], "texture": "#1"}
			}
		},
		{
			"from": [15, -2, 13],
			"to": [15, -1, 14],
			"rotation": {"angle": 0, "axis": "y", "origin": [15, -2, 13]},
			"faces": {
				"north": {"uv": [0, 0, 0, 1], "texture": "#1"},
				"east": {"uv": [0, 0, 1, 1], "texture": "#1"},
				"south": {"uv": [0, 0, 0, 1], "texture": "#1"},
				"west": {"uv": [0, 0, 1, 1], "texture": "#1"},
				"up": {"uv": [0, 0, 0, 1], "texture": "#1"},
				"down": {"uv": [0, 0, 0, 1], "texture": "#1"}
			}
		},
		{
			"from": [15, -2, 12],
			"to": [15, -1, 13],
			"rotation": {"angle": 0, "axis": "y", "origin": [15, -2, 12]},
			"faces": {
				"north": {"uv": [0, 0, 0, 1], "texture": "#1"},
				"east": {"uv": [0, 0, 1, 1], "texture": "#1"},
				"south": {"uv": [0, 0, 0, 1], "texture": "#1"},
				"west": {"uv": [0, 0, 1, 1], "texture": "#1"},
				"up": {"uv": [0, 0, 0, 1], "texture": "#1"},
				"down": {"uv": [0, 0, 0, 1], "texture": "#1"}
			}
		},
		{
			"from": [15, -1, 11],
			"to": [15, 0, 12],
			"rotation": {"angle": 0, "axis": "y", "origin": [15, -1, 11]},
			"faces": {
				"north": {"uv": [0, 0, 0, 1], "texture": "#1"},
				"east": {"uv": [0, 0, 1, 1], "texture": "#1"},
				"south": {"uv": [0, 0, 0, 1], "texture": "#1"},
				"west": {"uv": [0, 0, 1, 1], "texture": "#1"},
				"up": {"uv": [0, 0, 0, 1], "texture": "#1"},
				"down": {"uv": [0, 0, 0, 1], "texture": "#1"}
			}
		},
		{
			"from": [15, -1, 6],
			"to": [15, 0, 7],
			"rotation": {"angle": 0, "axis": "y", "origin": [15, -1, 6]},
			"faces": {
				"north": {"uv": [0, 0, 0, 1], "texture": "#1"},
				"east": {"uv": [0, 0, 1, 1], "texture": "#1"},
				"south": {"uv": [0, 0, 0, 1], "texture": "#1"},
				"west": {"uv": [0, 0, 1, 1], "texture": "#1"},
				"up": {"uv": [0, 0, 0, 1], "texture": "#1"},
				"down": {"uv": [0, 0, 0, 1], "texture": "#1"}
			}
		},
		{
			"from": [15, -2, 5],
			"to": [15, -1, 6],
			"rotation": {"angle": 0, "axis": "y", "origin": [15, -2, 5]},
			"faces": {
				"north": {"uv": [0, 0, 0, 1], "texture": "#1"},
				"east": {"uv": [0, 0, 1, 1], "texture": "#1"},
				"south": {"uv": [0, 0, 0, 1], "texture": "#1"},
				"west": {"uv": [0, 0, 1, 1], "texture": "#1"},
				"up": {"uv": [0, 0, 0, 1], "texture": "#1"},
				"down": {"uv": [0, 0, 0, 1], "texture": "#1"}
			}
		},
		{
			"from": [15, -3, 4],
			"to": [15, -2, 5],
			"rotation": {"angle": 0, "axis": "y", "origin": [15, -3, 4]},
			"faces": {
				"north": {"uv": [0, 0, 0, 1], "texture": "#1"},
				"east": {"uv": [0, 0, 1, 1], "texture": "#1"},
				"south": {"uv": [0, 0, 0, 1], "texture": "#1"},
				"west": {"uv": [0, 0, 1, 1], "texture": "#1"},
				"up": {"uv": [0, 0, 0, 1], "texture": "#1"},
				"down": {"uv": [0, 0, 0, 1], "texture": "#1"}
			}
		},
		{
			"from": [15, -3, 3],
			"to": [15, -2, 4],
			"rotation": {"angle": 0, "axis": "y", "origin": [15, -3, 3]},
			"faces": {
				"north": {"uv": [0, 0, 0, 1], "texture": "#1"},
				"east": {"uv": [0, 0, 1, 1], "texture": "#1"},
				"south": {"uv": [0, 0, 0, 1], "texture": "#1"},
				"west": {"uv": [0, 0, 1, 1], "texture": "#1"},
				"up": {"uv": [0, 0, 0, 1], "texture": "#1"},
				"down": {"uv": [0, 0, 0, 1], "texture": "#1"}
			}
		},
		{
			"from": [15, -2, 2],
			"to": [15, -1, 3],
			"rotation": {"angle": 0, "axis": "y", "origin": [15, -2, 2]},
			"faces": {
				"north": {"uv": [0, 0, 0, 1], "texture": "#1"},
				"east": {"uv": [0, 0, 1, 1], "texture": "#1"},
				"south": {"uv": [0, 0, 0, 1], "texture": "#1"},
				"west": {"uv": [0, 0, 1, 1], "texture": "#1"},
				"up": {"uv": [0, 0, 0, 1], "texture": "#1"},
				"down": {"uv": [0, 0, 0, 1], "texture": "#1"}
			}
		},
		{
			"from": [15, -1, 1],
			"to": [15, 0, 2],
			"rotation": {"angle": 0, "axis": "y", "origin": [15, -1, 1]},
			"faces": {
				"north": {"uv": [0, 0, 0, 1], "texture": "#1"},
				"east": {"uv": [0, 0, 1, 1], "texture": "#1"},
				"south": {"uv": [0, 0, 0, 1], "texture": "#1"},
				"west": {"uv": [0, 0, 1, 1], "texture": "#1"},
				"up": {"uv": [0, 0, 0, 1], "texture": "#1"},
				"down": {"uv": [0, 0, 0, 1], "texture": "#1"}
			}
		},
		{
			"from": [3, -1, 1],
			"to": [4, 0, 1],
			"rotation": {"angle": 0, "axis": "y", "origin": [3, -1, 1]},
			"faces": {
				"north": {"uv": [0, 0, 1, 1], "texture": "#1"},
				"east": {"uv": [0, 0, 0, 1], "texture": "#1"},
				"south": {"uv": [0, 1, 1, 2], "texture": "#1"},
				"west": {"uv": [0, 0, 0, 1], "texture": "#1"},
				"up": {"uv": [1, 0, 0, 0], "texture": "#1"},
				"down": {"uv": [1, 0, 0, 0], "texture": "#1"}
			}
		},
		{
			"from": [14, -1, 1],
			"to": [15, 0, 1],
			"rotation": {"angle": 0, "axis": "y", "origin": [14, -1, 1]},
			"faces": {
				"north": {"uv": [0, 0, 1, 1], "texture": "#1"},
				"east": {"uv": [0, 0, 0, 1], "texture": "#1"},
				"south": {"uv": [0, 0, 1, 1], "texture": "#1"},
				"west": {"uv": [0, 0, 0, 1], "texture": "#1"},
				"up": {"uv": [0, 0, 1, 0], "texture": "#1"},
				"down": {"uv": [0, 0, 1, 0], "texture": "#1"}
			}
		},
		{
			"from": [12, -1, 1],
			"to": [13, 0, 1],
			"rotation": {"angle": 0, "axis": "y", "origin": [12, -1, 1]},
			"faces": {
				"north": {"uv": [0, 0, 1, 1], "texture": "#1"},
				"east": {"uv": [0, 0, 0, 1], "texture": "#1"},
				"south": {"uv": [0, 0, 1, 1], "texture": "#1"},
				"west": {"uv": [0, 0, 0, 1], "texture": "#1"},
				"up": {"uv": [0, 0, 1, 0], "texture": "#1"},
				"down": {"uv": [0, 0, 1, 0], "texture": "#1"}
			}
		},
		{
			"from": [13, -2, 1],
			"to": [14, -1, 1],
			"rotation": {"angle": 0, "axis": "y", "origin": [13, -2, 1]},
			"faces": {
				"north": {"uv": [0, 0, 1, 1], "texture": "#1"},
				"east": {"uv": [0, 0, 0, 1], "texture": "#1"},
				"south": {"uv": [0, 0, 1, 1], "texture": "#1"},
				"west": {"uv": [0, 0, 0, 1], "texture": "#1"},
				"up": {"uv": [0, 0, 1, 0], "texture": "#1"},
				"down": {"uv": [0, 0, 1, 0], "texture": "#1"}
			}
		},
		{
			"from": [2, -2, 1],
			"to": [3, -1, 1],
			"rotation": {"angle": 0, "axis": "y", "origin": [2, -2, 1]},
			"faces": {
				"north": {"uv": [0, 0, 1, 1], "texture": "#1"},
				"east": {"uv": [0, 0, 0, 1], "texture": "#1"},
				"south": {"uv": [0, 0, 1, 1], "texture": "#1"},
				"west": {"uv": [0, 0, 0, 1], "texture": "#1"},
				"up": {"uv": [0, 0, 1, 0], "texture": "#1"},
				"down": {"uv": [0, 0, 1, 0], "texture": "#1"}
			}
		}
	],
	"display": {
		"thirdperson_righthand": {
			"scale": [0.69, 0.69, 0.69]
		},
		"thirdperson_lefthand": {
			"scale": [0.69, 0.69, 0.69]
		},
		"ground": {
			"translation": [0, 5.5, 0]
		},
		"gui": {
			"rotation": [45, 135, 0],
			"translation": [0, 3.25, 0],
			"scale": [0.69, 0.69, 0.69]
		},
		"head": {
			"rotation": [11, 0, 0],
			"translation": [0, 16, 2],
			"scale": [1.5, 1.5, 1.5]
		},
		"fixed": {
			"translation": [0, 3, 0]
		}
	},
	"groups": [
		0,
		1,
		2,
		3,
		4,
		5,
		6,
		7,
		{
			"name": "stars",
			"origin": [8, 8, 8],
			"color": 0,
			"children": [8, 9, 10, 11, 12, 13, 14, 15, 16, 17, 18, 19, 20, 21, 22, 23, 24, 25, 26, 27, 28, 29, 30, 31, 32, 33, 34, 35, 36, 37, 38, 39, 40]
		}
	]
}