{
  "model": {
    "type": "range_dispatch",
    "property": "custom_model_data",
    "fallback": {
      "type": "model",
      "model": "block/carved_pumpkin"
    },
    "entries": [
      {
        "model": {
          "type": "model",
          "model": "custom:item/izilac/fancyhat"
        },
        "threshold": 1
      },
      {
        "model": {
          "type": "model",
          "model": "custom:item/izilac/swordhead"
        },
        "threshold": 2
      },
      {
        "model": {
          "type": "model",
          "model": "custom:item/izilac/glasses"
        },
        "threshold": 3
      },
      {
        "model": {
          "type": "model",
          "model": "custom:item/izilac/glasses_down"
        },
        "threshold": 4
      },
      {
        "model": {
          "type": "model",
          "model": "custom:item/izilac/moustache"
        },
        "threshold": 5
      },
      {
        "model": {
          "type": "model",
          "model": "custom:item/sho/bloody_crown"
        },
        "threshold": 105
      },
      {
        "model": {
          "type": "model",
          "model": "custom:item/sho/mounted_telescope"
        },
        "threshold": 107
      },
      {
        "model": {
          "type": "model",
          "model": "custom:item/lynnt/wizbiz"
        },
        "threshold": 200
      },
      {
        "model": {
          "type": "model",
          "model": "custom:item/lynnt/wizard_apprentice"
        },
        "threshold": 201
      },
      {
        "model": {
          "type": "model",
          "model": "custom:item/lynnt/double_apprentice"
        },
        "threshold": 202
      },
      {
        "model": {
          "type": "model",
          "model": "custom:item/lynnt/egg_bubilas"
        },
        "threshold": 203
      },
      {
        "model": {
          "type": "model",
          "model": "custom:item/lynnt/egg_coco"
        },
        "threshold": 204
      },
      {
        "model": {
          "type": "model",
          "model": "custom:item/lynnt/egg_dadmann"
        },
        "threshold": 205
      },
      {
        "model": {
          "type": "model",
          "model": "custom:item/lynnt/egg_grim"
        },
        "threshold": 206
      },
      {
        "model": {
          "type": "model",
          "model": "custom:item/lynnt/egg_haunted"
        },
        "threshold": 207
      },
      {
        "model": {
          "type": "model",
          "model": "custom:item/lynnt/egg_izilac"
        },
        "threshold": 208
      },
      {
        "model": {
          "type": "model",
          "model": "custom:item/lynnt/egg_james"
        },
        "threshold": 209
      },
      {
        "model": {
          "type": "model",
          "model": "custom:item/lynnt/egg_kiki"
        },
        "threshold": 210
      },
      {
        "model": {
          "type": "model",
          "model": "custom:item/lynnt/egg_locky"
        },
        "threshold": 211
      },
      {
        "model": {
          "type": "model",
          "model": "custom:item/lynnt/egg_lofi"
        },
        "threshold": 212
      },
      {
        "model": {
          "type": "model",
          "model": "custom:item/lynnt/egg_lynnt"
        },
        "threshold": 213
      },
      {
        "model": {
          "type": "model",
          "model": "custom:item/lynnt/egg_rem"
        },
        "threshold": 214
      },
      {
        "model": {
          "type": "model",
          "model": "custom:item/lynnt/egg_roboss"
        },
        "threshold": 215
      },
      {
        "model": {
          "type": "model",
          "model": "custom:item/lynnt/egg_sabre"
        },
        "threshold": 216
      },
      {
        "model": {
          "type": "model",
          "model": "custom:item/lynnt/egg_sevel"
        },
        "threshold": 217
      },
      {
        "model": {
          "type": "model",
          "model": "custom:item/lynnt/egg_sho"
        },
        "threshold": 218
      },
      {
        "model": {
          "type": "model",
          "model": "custom:item/lynnt/egg_warden"
        },
        "threshold": 219
      },
      {
        "model": {
          "type": "model",
          "model": "custom:item/lynnt/egg_bunny"
        },
        "threshold": 220
      },
      {
        "model": {
          "type": "model",
          "model": "custom:item/lynnt/egg_frog"
        },
        "threshold": 221
      },
      {
        "model": {
          "type": "model",
          "model": "custom:item/lynnt/egg_blue"
        },
        "threshold": 222
      },
      {
        "model": {
          "type": "model",
          "model": "custom:item/lynnt/egg_gold"
        },
        "threshold": 223
      },
      {
        "model": {
          "type": "model",
          "model": "custom:item/lynnt/egg_green"
        },
        "threshold": 224
      },
      {
        "model": {
          "type": "model",
          "model": "custom:item/lynnt/egg_pink"
        },
        "threshold": 225
      },
      {
        "model": {
          "type": "model",
          "model": "custom:item/lynnt/egg_yellow"
        },
        "threshold": 226
      },
      {
        "model": {
          "type": "model",
          "model": "custom:item/default/party_hat"
        },
        "threshold": 950
      }
    ]
  }
}
