{
	"credit": "Made by LynntFluffle",
	"texture_size": [32, 32],
	"textures": {
		"1": "custom:item/lynnt/double_apprentice/double_apprentice"
	},
	"elements": [
		{
			"name": "brim",
			"from": [3, 0, 3],
			"to": [13, 1, 13],
			"rotation": {"angle": 0, "axis": "y", "origin": [3, 0, 3]},
			"faces": {
				"north": {"uv": [11, 9.5, 16, 10], "texture": "#1"},
				"east": {"uv": [11, 10, 16, 10.5], "texture": "#1"},
				"south": {"uv": [11, 10.5, 16, 11], "texture": "#1"},
				"west": {"uv": [11, 11, 16, 11.5], "texture": "#1"},
				"up": {"uv": [5, 5, 0, 0], "texture": "#1"},
				"down": {"uv": [5, 5, 0, 10], "texture": "#1"}
			}
		},
		{
			"name": "base",
			"from": [4, 1, 4],
			"to": [12, 4, 12],
			"rotation": {"angle": 0, "axis": "y", "origin": [4, 1, 4]},
			"faces": {
				"north": {"uv": [9, 0, 13, 1.5], "texture": "#1"},
				"east": {"uv": [9, 1.5, 13, 3], "texture": "#1"},
				"south": {"uv": [9, 3, 13, 4.5], "texture": "#1"},
				"west": {"uv": [9, 4.5, 13, 6], "texture": "#1"},
				"up": {"uv": [9, 4, 5, 0], "texture": "#1"},
				"down": {"uv": [9, 4, 5, 8], "texture": "#1"}
			}
		},
		{
			"name": "mid 1",
			"from": [5, 4, 5],
			"to": [11, 7, 11],
			"rotation": {"angle": 0, "axis": "y", "origin": [5, 4, 5]},
			"faces": {
				"north": {"uv": [9, 6, 12, 7.5], "texture": "#1"},
				"east": {"uv": [0, 10, 3, 11.5], "texture": "#1"},
				"south": {"uv": [3, 11, 6, 12.5], "texture": "#1"},
				"west": {"uv": [6, 11, 9, 12.5], "texture": "#1"},
				"up": {"uv": [8, 11, 5, 8], "texture": "#1"},
				"down": {"uv": [11, 8, 8, 11], "texture": "#1"}
			}
		},
		{
			"name": "mid2",
			"from": [6, 7, 6],
			"to": [10, 9, 10],
			"rotation": {"angle": 0, "axis": "y", "origin": [6, 7, 6]},
			"faces": {
				"north": {"uv": [3, 10, 5, 11], "texture": "#1"},
				"east": {"uv": [0, 11.5, 2, 12.5], "texture": "#1"},
				"south": {"uv": [11, 11.5, 13, 12.5], "texture": "#1"},
				"west": {"uv": [12, 6, 14, 7], "texture": "#1"},
				"up": {"uv": [13, 9.5, 11, 7.5], "texture": "#1"},
				"down": {"uv": [11, 11, 9, 13], "texture": "#1"}
			}
		},
		{
			"name": "mid3",
			"from": [7, 9, 7],
			"to": [9, 11, 9],
			"rotation": {"angle": 0, "axis": "y", "origin": [7, 9, 7]},
			"faces": {
				"north": {"uv": [4, 12.5, 5, 13.5], "texture": "#1"},
				"east": {"uv": [5, 12.5, 6, 13.5], "texture": "#1"},
				"south": {"uv": [6, 12.5, 7, 13.5], "texture": "#1"},
				"west": {"uv": [7, 12.5, 8, 13.5], "texture": "#1"},
				"up": {"uv": [9, 13.5, 8, 12.5], "texture": "#1"},
				"down": {"uv": [12, 12.5, 11, 13.5], "texture": "#1"}
			}
		},
		{
			"from": [6, 12, 8],
			"to": [10, 13, 8],
			"rotation": {"angle": 0, "axis": "y", "origin": [6, 12, 8]},
			"faces": {
				"north": {"uv": [9, 7.5, 11, 8], "texture": "#1"},
				"east": {"uv": [0, 0, 0, 0.5], "texture": "#1"},
				"south": {"uv": [12, 7, 14, 7.5], "texture": "#1"},
				"west": {"uv": [0, 0, 0, 0.5], "texture": "#1"},
				"up": {"uv": [2, 0, 0, 0], "texture": "#1"},
				"down": {"uv": [2, 0, 0, 0], "texture": "#1"}
			}
		},
		{
			"from": [8, 12, 6],
			"to": [8, 13, 10],
			"rotation": {"angle": 0, "axis": "y", "origin": [8, 12, 6]},
			"faces": {
				"north": {"uv": [0, 0, 0, 0.5], "texture": "#1"},
				"east": {"uv": [12, 12.5, 14, 13], "texture": "#1"},
				"south": {"uv": [0, 0, 0, 0.5], "texture": "#1"},
				"west": {"uv": [13, 0, 15, 0.5], "texture": "#1"},
				"up": {"uv": [0, 2, 0, 0], "texture": "#1"},
				"down": {"uv": [0, 0, 0, 2], "texture": "#1"}
			}
		},
		{
			"from": [7, 11, 8],
			"to": [9, 14, 8],
			"rotation": {"angle": 0, "axis": "y", "origin": [7, 11, 8]},
			"faces": {
				"north": {"uv": [2, 11.5, 3, 13], "texture": "#1"},
				"east": {"uv": [0, 0, 0, 1.5], "texture": "#1"},
				"south": {"uv": [0, 12.5, 1, 14], "texture": "#1"},
				"west": {"uv": [0, 0, 0, 1.5], "texture": "#1"},
				"up": {"uv": [1, 0, 0, 0], "texture": "#1"},
				"down": {"uv": [1, 0, 0, 0], "texture": "#1"}
			}
		},
		{
			"from": [8, 11, 7],
			"to": [8, 14, 9],
			"rotation": {"angle": 0, "axis": "y", "origin": [8, 11, 7]},
			"faces": {
				"north": {"uv": [0, 0, 0, 1.5], "texture": "#1"},
				"east": {"uv": [1, 12.5, 2, 14], "texture": "#1"},
				"south": {"uv": [0, 0, 0, 1.5], "texture": "#1"},
				"west": {"uv": [3, 12.5, 4, 14], "texture": "#1"},
				"up": {"uv": [0, 1, 0, 0], "texture": "#1"},
				"down": {"uv": [0, 0, 0, 1], "texture": "#1"}
			}
		}
	],
	"display": {
		"thirdperson_righthand": {
			"translation": [0, -0.5, 0],
			"scale": [0.7, 0.7, 0.7]
		},
		"thirdperson_lefthand": {
			"translation": [0, -0.5, 0],
			"scale": [0.7, 0.7, 0.7]
		},
		"ground": {
			"translation": [0, 4, 0],
			"scale": [0.9, 0.9, 0.9]
		},
		"gui": {
			"rotation": [45, -45, 0],
			"translation": [0, 2.75, 0],
			"scale": [0.9, 0.9, 0.9]
		},
		"head": {
			"rotation": [0, 0, 5],
			"translation": [-3.25, 14.25, 0]
		},
		"fixed": {
			"rotation": [-90, 0, 0],
			"translation": [0, 0, -8]
		}
	},
	"groups": [
		{
			"name": "hat",
			"origin": [3, 0, 3],
			"color": 0,
			"children": [0, 1, 2, 3, 4]
		},
		{
			"name": "top",
			"origin": [0, 0, 0],
			"color": 0,
			"children": [5, 6, 7, 8]
		}
	]
}