{
	"credit": "Made with Blockbench",
	"texture_size": [64, 64],
	"textures": {
		"2": "custom:item/james/choco_mooshake/choco_mooshake"
	},
	"elements": [
		{
			"from": [12, 15, 3],
			"to": [13, 16, 13],
			"faces": {
				"north": {"uv": [8.25, 8.5, 8.5, 8.75], "texture": "#2"},
				"east": {"uv": [7.5, 1, 10, 1.25], "texture": "#2"},
				"south": {"uv": [8.5, 8.5, 8.75, 8.75], "texture": "#2"},
				"west": {"uv": [7.5, 1.25, 10, 1.5], "texture": "#2"},
				"up": {"uv": [3.25, 10, 3, 7.5], "texture": "#2"},
				"down": {"uv": [3.5, 7.5, 3.25, 10], "texture": "#2"}
			}
		},
		{
			"from": [4, 15, 3],
			"to": [12, 16, 4],
			"faces": {
				"north": {"uv": [7.5, 4, 9.5, 4.25], "texture": "#2"},
				"east": {"uv": [8, 8.5, 8.25, 8.75], "texture": "#2"},
				"south": {"uv": [7.5, 4.25, 9.5, 4.5], "texture": "#2"},
				"west": {"uv": [8.5, 8, 8.75, 8.25], "texture": "#2"},
				"up": {"uv": [9.5, 4.75, 7.5, 4.5], "texture": "#2"},
				"down": {"uv": [9.5, 4.75, 7.5, 5], "texture": "#2"}
			}
		},
		{
			"from": [6, 6, 6],
			"to": [10, 8, 10],
			"faces": {
				"north": {"uv": [4, 3.5, 5, 4], "texture": "#2"},
				"east": {"uv": [4, 5.5, 5, 6], "texture": "#2"},
				"south": {"uv": [4, 7.75, 5, 8.25], "texture": "#2"},
				"west": {"uv": [5, 7.75, 6, 8.25], "texture": "#2"},
				"up": {"uv": [7.5, 5, 6.5, 4], "texture": "#2"},
				"down": {"uv": [5, 6.75, 4, 7.75], "texture": "#2"}
			}
		},
		{
			"from": [5, 17, 5],
			"to": [11, 18, 11],
			"faces": {
				"north": {"uv": [7, 8, 8.5, 8.25], "texture": "#2"},
				"east": {"uv": [8, 7, 9.5, 7.25], "texture": "#2"},
				"south": {"uv": [8, 7.25, 9.5, 7.5], "texture": "#2"},
				"west": {"uv": [8, 7.5, 9.5, 7.75], "texture": "#2"},
				"up": {"uv": [3.5, 5.5, 2, 4], "texture": "#2"},
				"down": {"uv": [5.5, 2, 4, 3.5], "texture": "#2"}
			}
		},
		{
			"from": [6, 18, 6],
			"to": [10, 19, 10],
			"faces": {
				"north": {"uv": [8, 7.75, 9, 8], "texture": "#2"},
				"east": {"uv": [7, 8.25, 8, 8.5], "texture": "#2"},
				"south": {"uv": [8, 8.25, 9, 8.5], "texture": "#2"},
				"west": {"uv": [0, 8.5, 1, 8.75], "texture": "#2"},
				"up": {"uv": [6, 7.75, 5, 6.75], "texture": "#2"},
				"down": {"uv": [7, 6.75, 6, 7.75], "texture": "#2"}
			}
		},
		{
			"from": [4, 15, 4],
			"to": [12, 17, 12],
			"faces": {
				"north": {"uv": [0, 7, 2, 7.5], "texture": "#2"},
				"east": {"uv": [2, 7, 4, 7.5], "texture": "#2"},
				"south": {"uv": [7, 5, 9, 5.5], "texture": "#2"},
				"west": {"uv": [7, 5.5, 9, 6], "texture": "#2"},
				"up": {"uv": [4, 2, 2, 0], "texture": "#2"},
				"down": {"uv": [4, 2, 2, 4], "texture": "#2"}
			}
		},
		{
			"from": [11, 12, 7],
			"to": [13, 19, 9],
			"rotation": {"angle": 22.5, "axis": "z", "origin": [0, 0, 0]},
			"faces": {
				"north": {"uv": [1, 7.5, 1.5, 9.25], "texture": "#2"},
				"east": {"uv": [1.5, 7.5, 2, 9.25], "texture": "#2"},
				"south": {"uv": [2, 7.5, 2.5, 9.25], "texture": "#2"},
				"west": {"uv": [2.5, 7.5, 3, 9.25], "texture": "#2"},
				"up": {"uv": [9, 0.5, 8.5, 0], "texture": "#2"},
				"down": {"uv": [9, 0.5, 8.5, 1], "texture": "#2"}
			}
		},
		{
			"from": [4, 11, 4],
			"to": [12, 15, 12],
			"faces": {
				"north": {"uv": [5, 5, 7, 6], "texture": "#2"},
				"east": {"uv": [2, 5.5, 4, 6.5], "texture": "#2"},
				"south": {"uv": [5.5, 2, 7.5, 3], "texture": "#2"},
				"west": {"uv": [0, 6, 2, 7], "texture": "#2"},
				"up": {"uv": [2, 6, 0, 4], "texture": "#2"},
				"down": {"uv": [6, 0, 4, 2], "texture": "#2"}
			}
		},
		{
			"from": [5, 8, 5],
			"to": [11, 11, 11],
			"faces": {
				"north": {"uv": [6, 0, 7.5, 0.75], "texture": "#2"},
				"east": {"uv": [6, 0.75, 7.5, 1.5], "texture": "#2"},
				"south": {"uv": [4, 6, 5.5, 6.75], "texture": "#2"},
				"west": {"uv": [5.5, 6, 7, 6.75], "texture": "#2"},
				"up": {"uv": [5, 5.5, 3.5, 4], "texture": "#2"},
				"down": {"uv": [6.5, 3.5, 5, 5], "texture": "#2"}
			}
		},
		{
			"from": [6, 2, 6],
			"to": [10, 4, 10],
			"faces": {
				"north": {"uv": [6, 7.75, 7, 8.25], "texture": "#2"},
				"east": {"uv": [8, 1.5, 9, 2], "texture": "#2"},
				"south": {"uv": [8, 6, 9, 6.5], "texture": "#2"},
				"west": {"uv": [8, 6.5, 9, 7], "texture": "#2"},
				"up": {"uv": [8, 7, 7, 6], "texture": "#2"},
				"down": {"uv": [8, 7, 7, 8], "texture": "#2"}
			}
		},
		{
			"from": [3, 15, 3],
			"to": [4, 16, 13],
			"faces": {
				"north": {"uv": [0, 8.75, 0.25, 9], "texture": "#2"},
				"east": {"uv": [7.5, 2, 10, 2.25], "texture": "#2"},
				"south": {"uv": [0.25, 8.75, 0.5, 9], "texture": "#2"},
				"west": {"uv": [7.5, 2.25, 10, 2.5], "texture": "#2"},
				"up": {"uv": [3.75, 10, 3.5, 7.5], "texture": "#2"},
				"down": {"uv": [4, 7.5, 3.75, 10], "texture": "#2"}
			}
		},
		{
			"from": [1, 20, 9],
			"to": [5, 24, 9.9],
			"rotation": {"angle": -22.5, "axis": "z", "origin": [0, 0, 0]},
			"faces": {
				"north": {"uv": [0, 7.5, 1, 8.5], "texture": "#2"},
				"east": {"uv": [7, 8.5, 7.25, 9.5], "texture": "#2"},
				"south": {"uv": [7.5, 0, 8.5, 1], "texture": "#2"},
				"west": {"uv": [7.25, 8.5, 7.5, 9.5], "texture": "#2"},
				"up": {"uv": [9.5, 3.75, 8.5, 3.5], "texture": "#2"},
				"down": {"uv": [9.5, 3.75, 8.5, 4], "texture": "#2"}
			}
		},
		{
			"from": [4, 0, 4],
			"to": [12, 2, 12],
			"faces": {
				"north": {"uv": [5.5, 3, 7.5, 3.5], "texture": "#2"},
				"east": {"uv": [6, 1.5, 8, 2], "texture": "#2"},
				"south": {"uv": [2, 6.5, 4, 7], "texture": "#2"},
				"west": {"uv": [6.5, 3.5, 8.5, 4], "texture": "#2"},
				"up": {"uv": [2, 2, 0, 0], "texture": "#2"},
				"down": {"uv": [2, 2, 0, 4], "texture": "#2"}
			}
		},
		{
			"from": [7, 4, 7],
			"to": [9, 6, 9],
			"faces": {
				"north": {"uv": [4, 8.25, 4.5, 8.75], "texture": "#2"},
				"east": {"uv": [4.5, 8.25, 5, 8.75], "texture": "#2"},
				"south": {"uv": [5, 8.25, 5.5, 8.75], "texture": "#2"},
				"west": {"uv": [5.5, 8.25, 6, 8.75], "texture": "#2"},
				"up": {"uv": [6.5, 8.75, 6, 8.25], "texture": "#2"},
				"down": {"uv": [7, 8.25, 6.5, 8.75], "texture": "#2"}
			}
		},
		{
			"from": [4, 15, 12],
			"to": [12, 16, 13],
			"faces": {
				"north": {"uv": [7.5, 2.5, 9.5, 2.75], "texture": "#2"},
				"east": {"uv": [7.5, 8.5, 7.75, 8.75], "texture": "#2"},
				"south": {"uv": [7.5, 2.75, 9.5, 3], "texture": "#2"},
				"west": {"uv": [7.75, 8.5, 8, 8.75], "texture": "#2"},
				"up": {"uv": [9.5, 3.25, 7.5, 3], "texture": "#2"},
				"down": {"uv": [9.5, 3.25, 7.5, 3.5], "texture": "#2"}
			}
		}
	],
	"display": {
		"thirdperson_righthand": {
			"rotation": [47.75, 0, 0],
			"translation": [0, 0.75, 2.5],
			"scale": [0.63477, 0.65234, 0.6582]
		},
		"thirdperson_lefthand": {
			"rotation": [47.75, 0, 1],
			"translation": [0, 0.75, 2.5],
			"scale": [0.63477, 0.65234, 0.6582]
		},
		"firstperson_righthand": {
			"rotation": [180, 37.75, 180],
			"translation": [-1.25, -0.5, 0],
			"scale": [0.77344, 0.81445, 1]
		},
		"firstperson_lefthand": {
			"rotation": [180, -137, 180],
			"translation": [-1, -0.5, 0],
			"scale": [0.77344, 0.81445, 1]
		},
		"ground": {
			"translation": [0, -1, 0],
			"scale": [0.65039, 0.58594, 0.66602]
		},
		"gui": {
			"rotation": [0, 180, 0],
			"translation": [0, -2.25, 0],
			"scale": [0.72461, 0.7168, 1]
		},
		"head": {
			"translation": [0, 10.5, 0],
			"scale": [0.73438, 0.70898, 0.84766]
		},
		"fixed": {
			"rotation": [-90, 0, 0],
			"translation": [0, 0, -9.25],
			"scale": [1.19531, 1.1582, 1.33008]
		}
	}
}