{
	"credit": "Made by Izilac",
	"texture_size": [32, 32],
	"textures": {
		"0": "custom:item/fancyhat",
		"particle": "custom:item/fancyhat"
	},
	"elements": [
		{
			"from": [3, 0, 3],
			"to": [12, 0.9375, 12],
			"rotation": {"angle": 0, "axis": "y", "origin": [5, 0, 5]},
			"faces": {
				"north": {"uv": [11.5, 3.5, 16, 4.5], "texture": "#0"},
				"east": {"uv": [11.5, 4.5, 16, 5.5], "texture": "#0"},
				"south": {"uv": [11.5, 5.5, 16, 6.5], "texture": "#0"},
				"west": {"uv": [11.5, 6.5, 16, 7.5], "texture": "#0"},
				"up": {"uv": [4.5, 4.5, 0, 0], "texture": "#0"},
				"down": {"uv": [4.5, 4.5, 0, 9], "texture": "#0"}
			}
		},
		{
			"from": [4, 0.9375, 4.0625],
			"to": [10.8125, 12.3125, 11],
			"rotation": {"angle": 0, "axis": "y", "origin": [5.0625, 0.9375, 5.375]},
			"faces": {
				"north": {"uv": [8, 0, 11.375, 5.75], "texture": "#0"},
				"east": {"uv": [4.5, 0, 8, 5.75], "texture": "#0"},
				"south": {"uv": [8, 6, 11.375, 11.75], "texture": "#0"},
				"west": {"uv": [4.5, 6, 8, 11.75], "texture": "#0"},
				"up": {"uv": [3.375, 12.5, 0, 9], "texture": "#0"},
				"down": {"uv": [14.875, 0, 11.5, 3.5], "texture": "#0"}
			}
		}
	],
	"display": {
		"thirdperson_righthand": {
			"translation": [0, 7, 0]
		},
		"thirdperson_lefthand": {
			"translation": [0, 7.25, 0]
		},
		"ground": {
			"translation": [0.75, 4, 0]
		},
		"gui": {
			"rotation": [8, 36, -8],
			"translation": [1, 1.75, 0]
		},
		"head": {
			"rotation": [-1, 7, 2],
			"translation": [0.75, 21.75, 1],
			"scale": [2, 2, 2]
		},
		"fixed": {
			"translation": [0, 2, 0]
		}
	}
}