{
	"credit": "Made by Izilac",
	"textures": {
		"0": "custom:item/macy",
		"particle": "custom:item/macy"
	},
	"elements": [
		{
			"from": [10, 0, 0],
			"to": [12, 2, 2],
			"rotation": {"angle": 0, "axis": "y", "origin": [10, 0, 0]},
			"faces": {
				"north": {"uv": [2, 8, 4, 10], "texture": "#0"},
				"east": {"uv": [8, 2, 10, 4], "texture": "#0"},
				"south": {"uv": [4, 8, 6, 10], "texture": "#0"},
				"west": {"uv": [8, 4, 10, 6], "texture": "#0"},
				"up": {"uv": [8, 10, 6, 8], "texture": "#0"},
				"down": {"uv": [10, 6, 8, 8], "texture": "#0"}
			}
		},
		{
			"from": [6, 0, 0],
			"to": [8, 2, 2],
			"rotation": {"angle": 0, "axis": "y", "origin": [6, 0, 0]},
			"faces": {
				"north": {"uv": [2, 4, 4, 6], "texture": "#0"},
				"east": {"uv": [4, 2, 6, 4], "texture": "#0"},
				"south": {"uv": [4, 4, 6, 6], "texture": "#0"},
				"west": {"uv": [0, 6, 2, 8], "texture": "#0"},
				"up": {"uv": [8, 2, 6, 0], "texture": "#0"},
				"down": {"uv": [4, 6, 2, 8], "texture": "#0"}
			}
		},
		{
			"from": [4, 0, 0],
			"to": [6, 2, 2],
			"rotation": {"angle": 0, "axis": "y", "origin": [4, 0, 0]},
			"faces": {
				"north": {"uv": [0, 0, 2, 2], "texture": "#0"},
				"east": {"uv": [0, 2, 2, 4], "texture": "#0"},
				"south": {"uv": [2, 0, 4, 2], "texture": "#0"},
				"west": {"uv": [2, 2, 4, 4], "texture": "#0"},
				"up": {"uv": [2, 6, 0, 4], "texture": "#0"},
				"down": {"uv": [6, 0, 4, 2], "texture": "#0"}
			}
		},
		{
			"from": [8, 0, 0],
			"to": [10, 2, 2],
			"rotation": {"angle": 0, "axis": "y", "origin": [8, 0, 0]},
			"faces": {
				"north": {"uv": [6, 2, 8, 4], "texture": "#0"},
				"east": {"uv": [4, 6, 6, 8], "texture": "#0"},
				"south": {"uv": [6, 4, 8, 6], "texture": "#0"},
				"west": {"uv": [6, 6, 8, 8], "texture": "#0"},
				"up": {"uv": [2, 10, 0, 8], "texture": "#0"},
				"down": {"uv": [10, 0, 8, 2], "texture": "#0"}
			}
		}
	],
	"display": {
		"thirdperson_righthand": {
			"translation": [0, 3.5, 3.75],
			"scale": [0.5, 0.5, 0.5]
		},
		"thirdperson_lefthand": {
			"translation": [-0.25, 5.5, 5.5],
			"scale": [0.81, 0.77, 0.73]
		},
		"ground": {
			"translation": [0, 2.75, 4],
			"scale": [0.58, 0.58, 0.58]
		},
		"gui": {
			"rotation": [32, 0, 0],
			"translation": [0.5, 5, 11],
			"scale": [1.45, 1.45, 1]
		},
		"head": {
			"translation": [0, 3, -3],
			"scale": [0.95, 0.84, 0.53]
		},
		"fixed": {
			"translation": [-4, 7.25, 0]
		}
	}
}