{
	"credit": "Made by Izilac",
	"texture_size": [32, 32],
	"textures": {
		"0": "custom:item/texture",
		"1": "custom:item/hands",
		"2": "custom:item/blade",
		"particle": "block/texture"
	},
	"elements": [
		{
			"from": [9.54681, -9.56618, 7.4375],
			"to": [13.54681, 10.80882, 8.875],
			"rotation": {"angle": 22.5, "axis": "z", "origin": [12.04681, -8.69118, 8.125]},
			"faces": {
				"north": {"uv": [0, 0, 2, 10.1875], "texture": "#2"},
				"east": {"uv": [4, 0, 4.75, 10.1875], "texture": "#2"},
				"south": {"uv": [2, 0, 4, 10.1875], "texture": "#2"},
				"west": {"uv": [5, 0, 5.75, 10.1875], "texture": "#2"},
				"up": {"uv": [8, 0.75, 6, 0], "texture": "#2"},
				"down": {"uv": [8, 1, 6, 1.75], "texture": "#2"}
			}
		},
		{
			"from": [4.48431, 10.43382, 6.625],
			"to": [5.98431, 25.62132, 9.125],
			"rotation": {"angle": 22.5, "axis": "z", "origin": [6.17181, 6.80882, 6.9375]},
			"faces": {
				"north": {"uv": [0, 0, 1.5, 15.1875], "texture": "#0"},
				"east": {"uv": [0, 0, 2.5, 15.1875], "texture": "#0"},
				"south": {"uv": [0, 0, 1.5, 15.1875], "texture": "#0"},
				"west": {"uv": [0, 0, 2.5, 15.1875], "texture": "#0"},
				"up": {"uv": [0, 0, 1.5, 2.5], "texture": "#0"},
				"down": {"uv": [0, 0, 1.5, 2.5], "texture": "#0"}
			}
		},
		{
			"from": [3.73431, 10.43382, 7.3125],
			"to": [6.29681, 25.80882, 8.9375],
			"rotation": {"angle": 22.5, "axis": "z", "origin": [5.79681, 6.80882, 7.1875]},
			"faces": {
				"north": {"uv": [0, 0, 2.5625, 15.375], "texture": "#0"},
				"east": {"uv": [0, 0, 1.625, 15.375], "texture": "#0"},
				"south": {"uv": [0, 0, 2.5625, 15.375], "texture": "#0"},
				"west": {"uv": [0, 0, 1.625, 15.375], "texture": "#0"},
				"up": {"uv": [0, 0, 2.5625, 1.625], "texture": "#0"},
				"down": {"uv": [0, 0, 2.5625, 1.625], "texture": "#0"}
			}
		},
		{
			"from": [4.10931, 10.43382, 6.875],
			"to": [6.54681, 26.30882, 9.375],
			"rotation": {"angle": 22.5, "axis": "z", "origin": [6.17181, 6.80882, 7.1875]},
			"faces": {
				"north": {"uv": [0, 0, 2.4375, 15.875], "texture": "#0"},
				"east": {"uv": [0, 0, 2.5, 15.875], "texture": "#0"},
				"south": {"uv": [0, 0, 2.4375, 15.875], "texture": "#0"},
				"west": {"uv": [0, 0, 2.5, 15.875], "texture": "#0"},
				"up": {"uv": [0, 0, 2.4375, 2.5], "texture": "#0"},
				"down": {"uv": [0, 0, 2.4375, 2.5], "texture": "#0"}
			}
		},
		{
			"from": [0.92181, 25.43382, 6.25],
			"to": [5.17181, 27.93382, 9.8125],
			"rotation": {"angle": 22.5, "axis": "z", "origin": [3.73431, 11.80882, 7.1875]},
			"faces": {
				"north": {"uv": [0, 0, 4.25, 2.5], "texture": "#0"},
				"east": {"uv": [0, 0, 3.5625, 2.5], "texture": "#0"},
				"south": {"uv": [0, 0, 4.25, 2.5], "texture": "#0"},
				"west": {"uv": [0, 0, 3.5625, 2.5], "texture": "#0"},
				"up": {"uv": [0, 0, 4.25, 3.5625], "texture": "#0"},
				"down": {"uv": [0, 0, 4.25, 3.5625], "texture": "#0"}
			}
		},
		{
			"from": [1.29681, 25.74632, 6.625],
			"to": [4.60931, 28.24632, 9.5625],
			"rotation": {"angle": 22.5, "axis": "z", "origin": [3.73431, 12.12132, 7.1875]},
			"faces": {
				"north": {"uv": [0, 0, 3.3125, 2.5], "texture": "#0"},
				"east": {"uv": [0, 0, 2.9375, 2.5], "texture": "#0"},
				"south": {"uv": [0, 0, 3.3125, 2.5], "texture": "#0"},
				"west": {"uv": [0, 0, 2.9375, 2.5], "texture": "#0"},
				"up": {"uv": [0, 0, 3.3125, 2.9375], "texture": "#0"},
				"down": {"uv": [0, 0, 3.3125, 2.9375], "texture": "#0"}
			}
		},
		{
			"from": [4.29681, 10.43382, 7.3125],
			"to": [6.85931, 25.80882, 8.9375],
			"rotation": {"angle": 22.5, "axis": "z", "origin": [6.35931, 6.80882, 7.1875]},
			"faces": {
				"north": {"uv": [0, 0, 2.5625, 15.375], "texture": "#0"},
				"east": {"uv": [0, 0, 1.625, 15.375], "texture": "#0"},
				"south": {"uv": [0, 0, 2.5625, 15.375], "texture": "#0"},
				"west": {"uv": [0, 0, 1.625, 15.375], "texture": "#0"},
				"up": {"uv": [0, 0, 2.5625, 1.625], "texture": "#0"},
				"down": {"uv": [0, 0, 2.5625, 1.625], "texture": "#0"}
			}
		},
		{
			"from": [4.48431, 10.43382, 7.125],
			"to": [5.98431, 25.62132, 9.625],
			"rotation": {"angle": 22.5, "axis": "z", "origin": [6.17181, 6.80882, 7.4375]},
			"faces": {
				"north": {"uv": [6, 0, 8, 15], "texture": "#0"},
				"east": {"uv": [0, 0, 3, 15], "texture": "#0"},
				"south": {"uv": [8, 0, 10, 15], "texture": "#0"},
				"west": {"uv": [3, 0, 6, 15], "texture": "#0"},
				"up": {"uv": [12, 3, 10, 0], "texture": "#0"},
				"down": {"uv": [12, 3, 10, 6], "texture": "#0"}
			}
		},
		{
			"from": [-4.81648, 10.22216, 6.71875],
			"to": [0.49602, 11.34716, 9.40625],
			"rotation": {"angle": 22.5, "axis": "z", "origin": [7.99602, 11.09716, 8.0625]},
			"faces": {
				"north": {"uv": [3, 13, 7, 14], "texture": "#1"},
				"east": {"uv": [11, 13, 14, 14], "texture": "#1"},
				"south": {"uv": [7, 13, 11, 14], "texture": "#1"},
				"west": {"uv": [3, 14, 6, 15], "texture": "#1"},
				"up": {"uv": [4, 13, 0, 10], "texture": "#1"},
				"down": {"uv": [8, 10, 4, 13], "texture": "#1"}
			}
		},
		{
			"from": [-2.31648, 9.78466, 6.46875],
			"to": [9.80852, 12.03466, 9.65625],
			"rotation": {"angle": 22.5, "axis": "z", "origin": [7.99602, 10.90966, 8.0625]},
			"faces": {
				"north": {"uv": [0, 6, 12, 8], "texture": "#1"},
				"east": {"uv": [12, 7, 15, 9], "texture": "#1"},
				"south": {"uv": [0, 8, 12, 10], "texture": "#1"},
				"west": {"uv": [12, 9, 15, 11], "texture": "#1"},
				"up": {"uv": [12, 3, 0, 0], "texture": "#1"},
				"down": {"uv": [12, 3, 0, 6], "texture": "#1"}
			}
		},
		{
			"from": [6.24602, 14.78466, 6.71875],
			"to": [11.55852, 16.03466, 9.40625],
			"rotation": {"angle": 22.5, "axis": "z", "origin": [19.05852, 15.65966, 8.0625]},
			"faces": {
				"north": {"uv": [12, 3, 16, 5], "texture": "#1"},
				"east": {"uv": [12, 11, 15, 13], "texture": "#1"},
				"south": {"uv": [12, 5, 16, 7], "texture": "#1"},
				"west": {"uv": [0, 13, 3, 15], "texture": "#1"},
				"up": {"uv": [12, 13, 8, 10], "texture": "#1"},
				"down": {"uv": [16, 0, 12, 3], "texture": "#1"}
			}
		}
	],
	"display": {
		"thirdperson_righthand": {
			"rotation": [149, 0, 0],
			"translation": [3.25, 2, -2],
			"scale": [0.43, 0.43, 0.43]
		},
		"thirdperson_lefthand": {
			"rotation": [180, 0, 0],
			"translation": [-4.5, 3.25, 0],
			"scale": [0.62, 0.48, 0.43]
		},
		"firstperson_righthand": {
			"translation": [8.75, -4.5, 0]
		},
		"ground": {
			"rotation": [85.67, 47.47, -13.92]
		},
		"gui": {
			"rotation": [19, 120, 0],
			"translation": [-0.75, 0, 0],
			"scale": [0.55078, 0.33789, 1]
		},
		"head": {
			"rotation": [0, 180, 0],
			"translation": [0.5, 12.5, -0.25]
		},
		"fixed": {
			"translation": [1.75, -0.25, 0],
			"scale": [0.51758, 0.51172, 1]
		}
	},
	"groups": [
		0,
		{
			"name": "group",
			"origin": [3.79681, 12.49632, 7.4375],
			"color": 0,
			"children": [1, 2, 3, 4, 5, 6, 7]
		},
		{
			"name": "group",
			"origin": [19.05852, 15.47216, 8.0625],
			"color": 0,
			"children": [8, 9, 10]
		}
	]
}