{
	"credit": "Made by LynntFluffle",
	"texture_size": [32, 32],
	"textures": {
		"0": "custom:item/lynnt/dragon_tooth/dragon_tooth",
		"particle": "custom:item/lynnt/dragon_tooth/dragon_tooth"
	},
	"elements": [
		{
			"from": [6, 0, 7],
			"to": [10, 1, 11],
			"rotation": {"angle": 0, "axis": "y", "origin": [6, 0, 7]},
			"faces": {
				"north": {"uv": [8.5, 8.5, 10.5, 9], "texture": "#0"},
				"east": {"uv": [0, 9, 2, 9.5], "texture": "#0"},
				"south": {"uv": [2, 9, 4, 9.5], "texture": "#0"},
				"west": {"uv": [8.5, 9, 10.5, 9.5], "texture": "#0"},
				"up": {"uv": [4.5, 8, 2.5, 6], "texture": "#0"},
				"down": {"uv": [8, 3, 6, 5], "texture": "#0"}
			}
		},
		{
			"from": [5, 1, 6],
			"to": [11, 3, 12],
			"rotation": {"angle": 0, "axis": "y", "origin": [5, 1, 6]},
			"faces": {
				"north": {"uv": [6.5, 7, 9.5, 8], "texture": "#0"},
				"east": {"uv": [2.5, 8, 5.5, 9], "texture": "#0"},
				"south": {"uv": [8, 3, 11, 4], "texture": "#0"},
				"west": {"uv": [8, 4, 11, 5], "texture": "#0"},
				"up": {"uv": [3, 3, 0, 0], "texture": "#0"},
				"down": {"uv": [3, 3, 0, 6], "texture": "#0"}
			}
		},
		{
			"from": [5, 3, 6],
			"to": [11, 4, 12],
			"rotation": {"angle": 0, "axis": "y", "origin": [5, 3, 6]},
			"faces": {
				"north": {"uv": [5.5, 8, 8.5, 8.5], "texture": "#0"},
				"east": {"uv": [8.5, 0, 11.5, 0.5], "texture": "#0"},
				"south": {"uv": [8.5, 0.5, 11.5, 1], "texture": "#0"},
				"west": {"uv": [8.5, 1, 11.5, 1.5], "texture": "#0"},
				"up": {"uv": [6, 3, 3, 0], "texture": "#0"},
				"down": {"uv": [6, 3, 3, 6], "texture": "#0"}
			}
		},
		{
			"from": [6, 4, 6],
			"to": [11, 5, 12],
			"rotation": {"angle": 0, "axis": "y", "origin": [6, 4, 6]},
			"faces": {
				"north": {"uv": [8.5, 2.5, 11, 3], "texture": "#0"},
				"east": {"uv": [8.5, 1.5, 11.5, 2], "texture": "#0"},
				"south": {"uv": [8.5, 8, 11, 8.5], "texture": "#0"},
				"west": {"uv": [8.5, 2, 11.5, 2.5], "texture": "#0"},
				"up": {"uv": [2.5, 9, 0, 6], "texture": "#0"},
				"down": {"uv": [8.5, 0, 6, 3], "texture": "#0"}
			}
		},
		{
			"from": [7, 5, 7],
			"to": [11, 6, 11],
			"rotation": {"angle": 0, "axis": "y", "origin": [7, 5, 7]},
			"faces": {
				"north": {"uv": [0, 9.5, 2, 10], "texture": "#0"},
				"east": {"uv": [2, 9.5, 4, 10], "texture": "#0"},
				"south": {"uv": [4, 9.5, 6, 10], "texture": "#0"},
				"west": {"uv": [6, 9.5, 8, 10], "texture": "#0"},
				"up": {"uv": [6.5, 8, 4.5, 6], "texture": "#0"},
				"down": {"uv": [8.5, 5, 6.5, 7], "texture": "#0"}
			}
		},
		{
			"from": [7, 6, 8],
			"to": [10, 8, 10],
			"rotation": {"angle": 0, "axis": "y", "origin": [7, 6, 8]},
			"faces": {
				"north": {"uv": [8.5, 5, 10, 6], "texture": "#0"},
				"east": {"uv": [9.5, 7, 10.5, 8], "texture": "#0"},
				"south": {"uv": [5.5, 8.5, 7, 9.5], "texture": "#0"},
				"west": {"uv": [8, 9.5, 9, 10.5], "texture": "#0"},
				"up": {"uv": [10, 7, 8.5, 6], "texture": "#0"},
				"down": {"uv": [8.5, 8.5, 7, 9.5], "texture": "#0"}
			}
		},
		{
			"from": [7, 6, 10],
			"to": [10, 7, 11],
			"rotation": {"angle": 0, "axis": "y", "origin": [7, 6, 10]},
			"faces": {
				"north": {"uv": [4, 9, 5.5, 9.5], "texture": "#0"},
				"east": {"uv": [9, 10.5, 9.5, 11], "texture": "#0"},
				"south": {"uv": [5, 10, 6.5, 10.5], "texture": "#0"},
				"west": {"uv": [10.5, 9, 11, 9.5], "texture": "#0"},
				"up": {"uv": [11.5, 5.5, 10, 5], "texture": "#0"},
				"down": {"uv": [11.5, 5.5, 10, 6], "texture": "#0"}
			}
		},
		{
			"from": [7, 8, 8],
			"to": [9, 10, 10],
			"rotation": {"angle": 0, "axis": "y", "origin": [7, 8, 8]},
			"faces": {
				"north": {"uv": [9, 9.5, 10, 10.5], "texture": "#0"},
				"east": {"uv": [0, 10, 1, 11], "texture": "#0"},
				"south": {"uv": [1, 10, 2, 11], "texture": "#0"},
				"west": {"uv": [2, 10, 3, 11], "texture": "#0"},
				"up": {"uv": [4, 11, 3, 10], "texture": "#0"},
				"down": {"uv": [5, 10, 4, 11], "texture": "#0"}
			}
		},
		{
			"from": [6, 9, 9],
			"to": [7, 11, 10],
			"rotation": {"angle": 0, "axis": "y", "origin": [6, 9, 9]},
			"faces": {
				"north": {"uv": [6, 5, 6.5, 6], "texture": "#0"},
				"east": {"uv": [10, 6, 10.5, 7], "texture": "#0"},
				"south": {"uv": [6.5, 10, 7, 11], "texture": "#0"},
				"west": {"uv": [7, 10, 7.5, 11], "texture": "#0"},
				"up": {"uv": [8, 10.5, 7.5, 10], "texture": "#0"},
				"down": {"uv": [10.5, 9.5, 10, 10], "texture": "#0"}
			}
		},
		{
			"from": [5, 11, 8],
			"to": [6, 12, 9],
			"rotation": {"angle": 0, "axis": "y", "origin": [5, 11, 8]},
			"faces": {
				"north": {"uv": [10, 10, 10.5, 10.5], "texture": "#0"},
				"east": {"uv": [5, 10.5, 5.5, 11], "texture": "#0"},
				"south": {"uv": [5.5, 10.5, 6, 11], "texture": "#0"},
				"west": {"uv": [6, 10.5, 6.5, 11], "texture": "#0"},
				"up": {"uv": [11, 6.5, 10.5, 6], "texture": "#0"},
				"down": {"uv": [11, 6.5, 10.5, 7], "texture": "#0"}
			}
		},
		{
			"from": [6, 10, 8],
			"to": [7, 11, 9],
			"rotation": {"angle": 0, "axis": "y", "origin": [6, 10, 8]},
			"faces": {
				"north": {"uv": [10.5, 7, 11, 7.5], "texture": "#0"},
				"east": {"uv": [7.5, 10.5, 8, 11], "texture": "#0"},
				"south": {"uv": [10.5, 7.5, 11, 8], "texture": "#0"},
				"west": {"uv": [8, 10.5, 8.5, 11], "texture": "#0"},
				"up": {"uv": [9, 11, 8.5, 10.5], "texture": "#0"},
				"down": {"uv": [11, 8.5, 10.5, 9], "texture": "#0"}
			}
		}
	],
	"display": {
		"thirdperson_righthand": {
			"rotation": [70.75, 0, 0],
			"translation": [0, 1.25, 0.75],
			"scale": [0.59766, 0.59766, 0.59766]
		},
		"thirdperson_lefthand": {
			"rotation": [39.5, 0, 0],
			"translation": [0, 2.5, 0.75],
			"scale": [0.59766, 0.59766, 0.59766]
		},
		"ground": {
			"translation": [0, 1.5, 0]
		},
		"gui": {
			"translation": [0, 1.75, 0]
		},
		"head": {
			"translation": [0, 12.75, -1]
		},
		"fixed": {
			"rotation": [-90, 0, 0],
			"translation": [0, 0, -13],
			"scale": [1.67773, 1.67773, 1.67773]
		}
	},
	"groups": [
		{
			"name": "Tooth",
			"origin": [6, 0, 7],
			"color": 0,
			"children": [0, 1, 2, 3, 4, 5, 6, 7, 8, 9, 10]
		}
	]
}