{
	"credit": "Made with Blockbench",
	"texture_size": [32, 32],
	"textures": {
		"0": "custom:item/lynnt/egg_coco/egg_coco",
		"particle": "custom:item/lynnt/egg_coco/egg_coco"
	},
	"elements": [
		{
			"name": "tip top",
			"from": [6, 10, 6],
			"to": [10, 11, 10],
			"rotation": {"angle": 0, "axis": "y", "origin": [6, 10, 6]},
			"faces": {
				"north": {"uv": [8, 7, 10, 7.5], "texture": "#0"},
				"east": {"uv": [8, 7.5, 10, 8], "texture": "#0"},
				"south": {"uv": [0, 12, 2, 12.5], "texture": "#0"},
				"west": {"uv": [12, 0, 14, 0.5], "texture": "#0"},
				"up": {"uv": [12, 12, 10, 10], "texture": "#0"},
				"down": {"uv": [6, 11, 4, 13], "texture": "#0"}
			}
		},
		{
			"name": "top",
			"from": [5, 9, 5],
			"to": [11, 10, 11],
			"rotation": {"angle": 0, "axis": "y", "origin": [5, 9, 5]},
			"faces": {
				"north": {"uv": [6, 11, 9, 11.5], "texture": "#0"},
				"east": {"uv": [11, 6, 14, 6.5], "texture": "#0"},
				"south": {"uv": [11, 6.5, 14, 7], "texture": "#0"},
				"west": {"uv": [6, 11.5, 9, 12], "texture": "#0"},
				"up": {"uv": [10, 11, 7, 8], "texture": "#0"},
				"down": {"uv": [13, 7, 10, 10], "texture": "#0"}
			}
		},
		{
			"name": "middle",
			"from": [4, 1, 4],
			"to": [12, 9, 12],
			"rotation": {"angle": 0, "axis": "y", "origin": [4, 1, 4]},
			"faces": {
				"north": {"uv": [0, 0, 4, 4], "texture": "#0"},
				"east": {"uv": [0, 4, 4, 8], "texture": "#0"},
				"south": {"uv": [4, 0, 8, 4], "texture": "#0"},
				"west": {"uv": [4, 4, 8, 8], "texture": "#0"},
				"up": {"uv": [4, 12, 0, 8], "texture": "#0"},
				"down": {"uv": [12, 0, 8, 4], "texture": "#0"}
			}
		},
		{
			"name": "bottom",
			"from": [5, 0, 5],
			"to": [11, 1, 11],
			"rotation": {"angle": 0, "axis": "y", "origin": [5, 0, 5]},
			"faces": {
				"north": {"uv": [11, 4, 14, 4.5], "texture": "#0"},
				"east": {"uv": [11, 4.5, 14, 5], "texture": "#0"},
				"south": {"uv": [11, 5, 14, 5.5], "texture": "#0"},
				"west": {"uv": [11, 5.5, 14, 6], "texture": "#0"},
				"up": {"uv": [7, 11, 4, 8], "texture": "#0"},
				"down": {"uv": [11, 4, 8, 7], "texture": "#0"}
			}
		}
	],
	"gui_light": "front",
	"display": {
		"thirdperson_righthand": {
			"scale": [0.45, 0.45, 0.45]
		},
		"thirdperson_lefthand": {
			"scale": [0.45, 0.45, 0.45]
		},
		"firstperson_righthand": {
			"rotation": [-180, 48, -180],
			"translation": [0, 5.25, 1.75],
			"scale": [0.59375, 0.59375, 0.59375]
		},
		"firstperson_lefthand": {
			"rotation": [-180, 48, 180],
			"translation": [0, 5.25, 1.75],
			"scale": [0.59375, 0.59375, 0.59375]
		},
		"ground": {
			"translation": [0, 1.5, 0],
			"scale": [0.59375, 0.59375, 0.59375]
		},
		"gui": {
			"rotation": [0, 180, 0],
			"translation": [0, 2.5, 0]
		},
		"head": {
			"translation": [0, 12, 0],
			"scale": [0.8, 0.8, 0.8]
		},
		"fixed": {
			"rotation": [-90, 0, 0],
			"translation": [0, 0, -8]
		}
	}
}