{
	"credit": "Made with Blockbench",
	"texture_size": [32, 32],
	"textures": {
		"0": "custom:item/lynnt/magic_potion/magic_potion",
		"particle": "custom:item/lynnt/magic_potion/magic_potion"
	},
	"elements": [
		{
			"from": [6, 1, 6],
			"to": [10, 6, 10],
			"rotation": {"angle": 0, "axis": "y", "origin": [6, 1, 6]},
			"faces": {
				"north": {"uv": [0, 4, 2, 6.5], "texture": "#0"},
				"east": {"uv": [2, 4, 4, 6.5], "texture": "#0"},
				"south": {"uv": [4, 4, 6, 6.5], "texture": "#0"},
				"west": {"uv": [6, 0, 8, 2.5], "texture": "#0"},
				"up": {"uv": [8, 4.5, 6, 2.5], "texture": "#0"},
				"down": {"uv": [8, 4.5, 6, 6.5], "texture": "#0"}
			}
		},
		{
			"from": [7, 9, 7],
			"to": [9, 10, 9],
			"rotation": {"angle": 0, "axis": "y", "origin": [7, 9, 7]},
			"faces": {
				"north": {"uv": [11, 6, 12, 6.5], "texture": "#0"},
				"east": {"uv": [11, 6.5, 12, 7], "texture": "#0"},
				"south": {"uv": [10.5, 11, 11.5, 11.5], "texture": "#0"},
				"west": {"uv": [5, 11.5, 6, 12], "texture": "#0"},
				"up": {"uv": [9, 7, 8, 6], "texture": "#0"},
				"down": {"uv": [9, 7, 8, 8], "texture": "#0"}
			}
		},
		{
			"from": [7, 6, 7],
			"to": [9, 7, 9],
			"rotation": {"angle": 0, "axis": "y", "origin": [7, 6, 7]},
			"faces": {
				"north": {"uv": [6, 11.5, 7, 12], "texture": "#0"},
				"east": {"uv": [7, 11.5, 8, 12], "texture": "#0"},
				"south": {"uv": [11.5, 7, 12.5, 7.5], "texture": "#0"},
				"west": {"uv": [11.5, 7.5, 12.5, 8], "texture": "#0"},
				"up": {"uv": [9, 9, 8, 8], "texture": "#0"},
				"down": {"uv": [1, 8.5, 0, 9.5], "texture": "#0"}
			}
		},
		{
			"from": [6, 0, 6],
			"to": [10, 1, 10],
			"rotation": {"angle": 0, "axis": "y", "origin": [6, 0, 6]},
			"faces": {
				"north": {"uv": [1, 8.5, 3, 9], "texture": "#0"},
				"east": {"uv": [3, 8.5, 5, 9], "texture": "#0"},
				"south": {"uv": [5, 8.5, 7, 9], "texture": "#0"},
				"west": {"uv": [1, 9, 3, 9.5], "texture": "#0"},
				"up": {"uv": [2, 8.5, 0, 6.5], "texture": "#0"},
				"down": {"uv": [4, 6.5, 2, 8.5], "texture": "#0"}
			}
		},
		{
			"from": [5, 5, 6],
			"to": [6, 6, 10],
			"rotation": {"angle": 0, "axis": "y", "origin": [5, 5, 6]},
			"faces": {
				"north": {"uv": [12, 4, 12.5, 4.5], "texture": "#0"},
				"east": {"uv": [3, 9, 5, 9.5], "texture": "#0"},
				"south": {"uv": [12, 4.5, 12.5, 5], "texture": "#0"},
				"west": {"uv": [5, 9, 7, 9.5], "texture": "#0"},
				"up": {"uv": [7.5, 10.5, 7, 8.5], "texture": "#0"},
				"down": {"uv": [8, 8.5, 7.5, 10.5], "texture": "#0"}
			}
		},
		{
			"from": [10, 5, 6],
			"to": [11, 6, 10],
			"rotation": {"angle": 0, "axis": "y", "origin": [10, 5, 6]},
			"faces": {
				"north": {"uv": [5, 12, 5.5, 12.5], "texture": "#0"},
				"east": {"uv": [9, 6, 11, 6.5], "texture": "#0"},
				"south": {"uv": [12, 5, 12.5, 5.5], "texture": "#0"},
				"west": {"uv": [9, 6.5, 11, 7], "texture": "#0"},
				"up": {"uv": [9.5, 9, 9, 7], "texture": "#0"},
				"down": {"uv": [8.5, 9, 8, 11], "texture": "#0"}
			}
		},
		{
			"from": [6, 6, 6],
			"to": [10, 7, 7],
			"rotation": {"angle": 0, "axis": "y", "origin": [6, 6, 6]},
			"faces": {
				"north": {"uv": [8.5, 9, 10.5, 9.5], "texture": "#0"},
				"east": {"uv": [5.5, 12, 6, 12.5], "texture": "#0"},
				"south": {"uv": [0, 9.5, 2, 10], "texture": "#0"},
				"west": {"uv": [12, 5.5, 12.5, 6], "texture": "#0"},
				"up": {"uv": [4, 10, 2, 9.5], "texture": "#0"},
				"down": {"uv": [6, 9.5, 4, 10], "texture": "#0"}
			}
		},
		{
			"from": [6, 6, 9],
			"to": [10, 7, 10],
			"rotation": {"angle": 0, "axis": "y", "origin": [6, 6, 9]},
			"faces": {
				"north": {"uv": [9.5, 7, 11.5, 7.5], "texture": "#0"},
				"east": {"uv": [6, 12, 6.5, 12.5], "texture": "#0"},
				"south": {"uv": [9.5, 7.5, 11.5, 8], "texture": "#0"},
				"west": {"uv": [12, 6, 12.5, 6.5], "texture": "#0"},
				"up": {"uv": [11.5, 8.5, 9.5, 8], "texture": "#0"},
				"down": {"uv": [10.5, 9.5, 8.5, 10], "texture": "#0"}
			}
		},
		{
			"from": [6, 6, 7],
			"to": [7, 7, 9],
			"rotation": {"angle": 0, "axis": "y", "origin": [6, 6, 7]},
			"faces": {
				"north": {"uv": [6.5, 12, 7, 12.5], "texture": "#0"},
				"east": {"uv": [11.5, 8, 12.5, 8.5], "texture": "#0"},
				"south": {"uv": [12, 6.5, 12.5, 7], "texture": "#0"},
				"west": {"uv": [11.5, 8.5, 12.5, 9], "texture": "#0"},
				"up": {"uv": [8.5, 12, 8, 11], "texture": "#0"},
				"down": {"uv": [12, 9, 11.5, 10], "texture": "#0"}
			}
		},
		{
			"from": [9, 6, 7],
			"to": [10, 7, 9],
			"rotation": {"angle": 0, "axis": "y", "origin": [9, 6, 7]},
			"faces": {
				"north": {"uv": [7, 12, 7.5, 12.5], "texture": "#0"},
				"east": {"uv": [11.5, 10, 12.5, 10.5], "texture": "#0"},
				"south": {"uv": [7.5, 12, 8, 12.5], "texture": "#0"},
				"west": {"uv": [10.5, 11.5, 11.5, 12], "texture": "#0"},
				"up": {"uv": [12, 11.5, 11.5, 10.5], "texture": "#0"},
				"down": {"uv": [12, 11.5, 11.5, 12.5], "texture": "#0"}
			}
		},
		{
			"from": [6, 5, 5],
			"to": [10, 6, 6],
			"rotation": {"angle": 0, "axis": "y", "origin": [6, 5, 5]},
			"faces": {
				"north": {"uv": [9.5, 8.5, 11.5, 9], "texture": "#0"},
				"east": {"uv": [8, 12, 8.5, 12.5], "texture": "#0"},
				"south": {"uv": [0, 10, 2, 10.5], "texture": "#0"},
				"west": {"uv": [8.5, 12, 9, 12.5], "texture": "#0"},
				"up": {"uv": [12, 0.5, 10, 0], "texture": "#0"},
				"down": {"uv": [12, 0.5, 10, 1], "texture": "#0"}
			}
		},
		{
			"from": [6, 5, 10],
			"to": [10, 6, 11],
			"rotation": {"angle": 0, "axis": "y", "origin": [6, 5, 10]},
			"faces": {
				"north": {"uv": [10, 1, 12, 1.5], "texture": "#0"},
				"east": {"uv": [9, 12, 9.5, 12.5], "texture": "#0"},
				"south": {"uv": [10, 1.5, 12, 2], "texture": "#0"},
				"west": {"uv": [12, 9, 12.5, 9.5], "texture": "#0"},
				"up": {"uv": [4, 10.5, 2, 10], "texture": "#0"},
				"down": {"uv": [12, 2, 10, 2.5], "texture": "#0"}
			}
		},
		{
			"from": [6, 9, 6],
			"to": [7, 10, 10],
			"rotation": {"angle": 0, "axis": "y", "origin": [6, 9, 6]},
			"faces": {
				"north": {"uv": [9.5, 12, 10, 12.5], "texture": "#0"},
				"east": {"uv": [10, 2.5, 12, 3], "texture": "#0"},
				"south": {"uv": [12, 9.5, 12.5, 10], "texture": "#0"},
				"west": {"uv": [10, 3, 12, 3.5], "texture": "#0"},
				"up": {"uv": [6.5, 11.5, 6, 9.5], "texture": "#0"},
				"down": {"uv": [7, 9.5, 6.5, 11.5], "texture": "#0"}
			}
		},
		{
			"from": [9, 9, 6],
			"to": [10, 10, 10],
			"rotation": {"angle": 0, "axis": "y", "origin": [9, 9, 6]},
			"faces": {
				"north": {"uv": [10, 12, 10.5, 12.5], "texture": "#0"},
				"east": {"uv": [10, 3.5, 12, 4], "texture": "#0"},
				"south": {"uv": [10.5, 12, 11, 12.5], "texture": "#0"},
				"west": {"uv": [4, 10, 6, 10.5], "texture": "#0"},
				"up": {"uv": [9, 12, 8.5, 10], "texture": "#0"},
				"down": {"uv": [9.5, 10, 9, 12], "texture": "#0"}
			}
		},
		{
			"from": [7, 9, 6],
			"to": [9, 10, 7],
			"rotation": {"angle": 0, "axis": "y", "origin": [7, 9, 6]},
			"faces": {
				"north": {"uv": [12, 0, 13, 0.5], "texture": "#0"},
				"east": {"uv": [12, 10.5, 12.5, 11], "texture": "#0"},
				"south": {"uv": [12, 0.5, 13, 1], "texture": "#0"},
				"west": {"uv": [11, 12, 11.5, 12.5], "texture": "#0"},
				"up": {"uv": [13, 1.5, 12, 1], "texture": "#0"},
				"down": {"uv": [13, 1.5, 12, 2], "texture": "#0"}
			}
		},
		{
			"from": [7, 9, 9],
			"to": [9, 10, 10],
			"rotation": {"angle": 0, "axis": "y", "origin": [7, 9, 9]},
			"faces": {
				"north": {"uv": [12, 2, 13, 2.5], "texture": "#0"},
				"east": {"uv": [12, 11, 12.5, 11.5], "texture": "#0"},
				"south": {"uv": [12, 2.5, 13, 3], "texture": "#0"},
				"west": {"uv": [12, 11.5, 12.5, 12], "texture": "#0"},
				"up": {"uv": [13, 3.5, 12, 3], "texture": "#0"},
				"down": {"uv": [13, 3.5, 12, 4], "texture": "#0"}
			}
		},
		{
			"from": [5, 1, 5],
			"to": [11, 5, 6],
			"rotation": {"angle": 0, "axis": "y", "origin": [5, 1, 5]},
			"faces": {
				"north": {"uv": [0, 0, 3, 2], "texture": "#0"},
				"east": {"uv": [9.5, 10, 10, 12], "texture": "#0"},
				"south": {"uv": [0, 2, 3, 4], "texture": "#0"},
				"west": {"uv": [10, 10, 10.5, 12], "texture": "#0"},
				"up": {"uv": [11, 4.5, 8, 4], "texture": "#0"},
				"down": {"uv": [11, 4.5, 8, 5], "texture": "#0"}
			}
		},
		{
			"from": [5, 1, 10],
			"to": [11, 5, 11],
			"rotation": {"angle": 0, "axis": "y", "origin": [5, 1, 10]},
			"faces": {
				"north": {"uv": [3, 0, 6, 2], "texture": "#0"},
				"east": {"uv": [0, 10.5, 0.5, 12.5], "texture": "#0"},
				"south": {"uv": [3, 2, 6, 4], "texture": "#0"},
				"west": {"uv": [0.5, 10.5, 1, 12.5], "texture": "#0"},
				"up": {"uv": [11, 5.5, 8, 5], "texture": "#0"},
				"down": {"uv": [11, 5.5, 8, 6], "texture": "#0"}
			}
		},
		{
			"from": [5, 1, 6],
			"to": [6, 5, 10],
			"rotation": {"angle": 0, "axis": "y", "origin": [5, 1, 6]},
			"faces": {
				"north": {"uv": [1, 10.5, 1.5, 12.5], "texture": "#0"},
				"east": {"uv": [4, 6.5, 6, 8.5], "texture": "#0"},
				"south": {"uv": [1.5, 10.5, 2, 12.5], "texture": "#0"},
				"west": {"uv": [6, 6.5, 8, 8.5], "texture": "#0"},
				"up": {"uv": [2.5, 12.5, 2, 10.5], "texture": "#0"},
				"down": {"uv": [3, 10.5, 2.5, 12.5], "texture": "#0"}
			}
		},
		{
			"from": [10, 1, 6],
			"to": [11, 5, 10],
			"rotation": {"angle": 0, "axis": "y", "origin": [10, 1, 6]},
			"faces": {
				"north": {"uv": [3, 10.5, 3.5, 12.5], "texture": "#0"},
				"east": {"uv": [8, 0, 10, 2], "texture": "#0"},
				"south": {"uv": [3.5, 10.5, 4, 12.5], "texture": "#0"},
				"west": {"uv": [8, 2, 10, 4], "texture": "#0"},
				"up": {"uv": [4.5, 12.5, 4, 10.5], "texture": "#0"},
				"down": {"uv": [5, 10.5, 4.5, 12.5], "texture": "#0"}
			}
		},
		{
			"from": [7, 7, 7],
			"to": [9, 9, 9],
			"rotation": {"angle": 0, "axis": "y", "origin": [7, 7, 7]},
			"faces": {
				"north": {"uv": [5, 10.5, 6, 11.5], "texture": "#0"},
				"east": {"uv": [7, 10.5, 8, 11.5], "texture": "#0"},
				"south": {"uv": [10.5, 9, 11.5, 10], "texture": "#0"},
				"west": {"uv": [10.5, 10, 11.5, 11], "texture": "#0"},
				"up": {"uv": [12, 5, 11, 4], "texture": "#0"},
				"down": {"uv": [12, 5, 11, 6], "texture": "#0"}
			}
		},
		{
			"from": [6, 10, 8],
			"to": [7, 11, 9],
			"rotation": {"angle": 0, "axis": "y", "origin": [6, 10, 8]},
			"faces": {
				"north": {"uv": [12, 12, 12.5, 12.5], "texture": "#0"},
				"east": {"uv": [0, 12.5, 0.5, 13], "texture": "#0"},
				"south": {"uv": [0.5, 12.5, 1, 13], "texture": "#0"},
				"west": {"uv": [1, 12.5, 1.5, 13], "texture": "#0"},
				"up": {"uv": [2, 13, 1.5, 12.5], "texture": "#0"},
				"down": {"uv": [2.5, 12.5, 2, 13], "texture": "#0"}
			}
		},
		{
			"from": [5, 10, 9],
			"to": [6, 11, 10],
			"rotation": {"angle": 0, "axis": "y", "origin": [5, 10, 9]},
			"faces": {
				"north": {"uv": [2.5, 12.5, 3, 13], "texture": "#0"},
				"east": {"uv": [3, 12.5, 3.5, 13], "texture": "#0"},
				"south": {"uv": [3.5, 12.5, 4, 13], "texture": "#0"},
				"west": {"uv": [4, 12.5, 4.5, 13], "texture": "#0"},
				"up": {"uv": [13, 4.5, 12.5, 4], "texture": "#0"},
				"down": {"uv": [5, 12.5, 4.5, 13], "texture": "#0"}
			}
		},
		{
			"from": [5, 9, 8],
			"to": [6, 10, 9],
			"rotation": {"angle": 0, "axis": "y", "origin": [5, 9, 8]},
			"faces": {
				"north": {"uv": [12.5, 4.5, 13, 5], "texture": "#0"},
				"east": {"uv": [5, 12.5, 5.5, 13], "texture": "#0"},
				"south": {"uv": [12.5, 5, 13, 5.5], "texture": "#0"},
				"west": {"uv": [5.5, 12.5, 6, 13], "texture": "#0"},
				"up": {"uv": [13, 6, 12.5, 5.5], "texture": "#0"},
				"down": {"uv": [6.5, 12.5, 6, 13], "texture": "#0"}
			}
		},
		{
			"from": [5, 8, 9],
			"to": [6, 9, 10],
			"rotation": {"angle": 0, "axis": "y", "origin": [5, 8, 9]},
			"faces": {
				"north": {"uv": [12.5, 6, 13, 6.5], "texture": "#0"},
				"east": {"uv": [6.5, 12.5, 7, 13], "texture": "#0"},
				"south": {"uv": [12.5, 6.5, 13, 7], "texture": "#0"},
				"west": {"uv": [7, 12.5, 7.5, 13], "texture": "#0"},
				"up": {"uv": [13, 7.5, 12.5, 7], "texture": "#0"},
				"down": {"uv": [8, 12.5, 7.5, 13], "texture": "#0"}
			}
		},
		{
			"from": [3, 13, 3],
			"to": [4, 14, 4],
			"rotation": {"angle": 0, "axis": "y", "origin": [3, 13, 3]},
			"faces": {
				"north": {"uv": [12.5, 7.5, 13, 8], "texture": "#0"},
				"east": {"uv": [8, 12.5, 8.5, 13], "texture": "#0"},
				"south": {"uv": [12.5, 8, 13, 8.5], "texture": "#0"},
				"west": {"uv": [8.5, 12.5, 9, 13], "texture": "#0"},
				"up": {"uv": [13, 9, 12.5, 8.5], "texture": "#0"},
				"down": {"uv": [9.5, 12.5, 9, 13], "texture": "#0"}
			}
		},
		{
			"from": [12, 5, 4],
			"to": [13, 6, 5],
			"rotation": {"angle": 0, "axis": "y", "origin": [12, 5, 4]},
			"faces": {
				"north": {"uv": [12.5, 9, 13, 9.5], "texture": "#0"},
				"east": {"uv": [9.5, 12.5, 10, 13], "texture": "#0"},
				"south": {"uv": [12.5, 9.5, 13, 10], "texture": "#0"},
				"west": {"uv": [10, 12.5, 10.5, 13], "texture": "#0"},
				"up": {"uv": [13, 10.5, 12.5, 10], "texture": "#0"},
				"down": {"uv": [11, 12.5, 10.5, 13], "texture": "#0"}
			}
		},
		{
			"from": [11, 14, 6],
			"to": [12, 15, 7],
			"rotation": {"angle": 0, "axis": "y", "origin": [11, 14, 6]},
			"faces": {
				"north": {"uv": [12.5, 10.5, 13, 11], "texture": "#0"},
				"east": {"uv": [11, 12.5, 11.5, 13], "texture": "#0"},
				"south": {"uv": [12.5, 11, 13, 11.5], "texture": "#0"},
				"west": {"uv": [11.5, 12.5, 12, 13], "texture": "#0"},
				"up": {"uv": [13, 12, 12.5, 11.5], "texture": "#0"},
				"down": {"uv": [12.5, 12.5, 12, 13], "texture": "#0"}
			}
		},
		{
			"from": [7, 11, 11],
			"to": [8, 12, 12],
			"rotation": {"angle": 0, "axis": "y", "origin": [7, 11, 11]},
			"faces": {
				"north": {"uv": [12.5, 12, 13, 12.5], "texture": "#0"},
				"east": {"uv": [12.5, 12.5, 13, 13], "texture": "#0"},
				"south": {"uv": [0, 13, 0.5, 13.5], "texture": "#0"},
				"west": {"uv": [13, 0, 13.5, 0.5], "texture": "#0"},
				"up": {"uv": [1, 13.5, 0.5, 13], "texture": "#0"},
				"down": {"uv": [13.5, 0.5, 13, 1], "texture": "#0"}
			}
		},
		{
			"from": [3, 6, 12],
			"to": [4, 7, 13],
			"rotation": {"angle": 0, "axis": "y", "origin": [3, 6, 12]},
			"faces": {
				"north": {"uv": [1, 13, 1.5, 13.5], "texture": "#0"},
				"east": {"uv": [13, 1, 13.5, 1.5], "texture": "#0"},
				"south": {"uv": [1.5, 13, 2, 13.5], "texture": "#0"},
				"west": {"uv": [13, 1.5, 13.5, 2], "texture": "#0"},
				"up": {"uv": [2.5, 13.5, 2, 13], "texture": "#0"},
				"down": {"uv": [13.5, 2, 13, 2.5], "texture": "#0"}
			}
		},
		{
			"from": [1, 9, 7],
			"to": [2, 10, 8],
			"rotation": {"angle": 0, "axis": "y", "origin": [1, 9, 7]},
			"faces": {
				"north": {"uv": [2.5, 13, 3, 13.5], "texture": "#0"},
				"east": {"uv": [13, 2.5, 13.5, 3], "texture": "#0"},
				"south": {"uv": [3, 13, 3.5, 13.5], "texture": "#0"},
				"west": {"uv": [13, 3, 13.5, 3.5], "texture": "#0"},
				"up": {"uv": [4, 13.5, 3.5, 13], "texture": "#0"},
				"down": {"uv": [13.5, 3.5, 13, 4], "texture": "#0"}
			}
		},
		{
			"from": [13, 9, 11],
			"to": [14, 10, 12],
			"rotation": {"angle": 0, "axis": "y", "origin": [13, 9, 11]},
			"faces": {
				"north": {"uv": [4, 13, 4.5, 13.5], "texture": "#0"},
				"east": {"uv": [13, 4, 13.5, 4.5], "texture": "#0"},
				"south": {"uv": [4.5, 13, 5, 13.5], "texture": "#0"},
				"west": {"uv": [13, 4.5, 13.5, 5], "texture": "#0"},
				"up": {"uv": [5.5, 13.5, 5, 13], "texture": "#0"},
				"down": {"uv": [13.5, 5, 13, 5.5], "texture": "#0"}
			}
		}
	],
	"display": {
		"thirdperson_righthand": {
			"rotation": [31.5, 0, 0],
			"translation": [0, -0.25, 0.5],
			"scale": [0.75, 0.75, 0.75]
		},
		"thirdperson_lefthand": {
			"rotation": [31.5, 0, 0],
			"translation": [0, -0.25, 0.5],
			"scale": [0.75, 0.75, 0.75]
		},
		"firstperson_righthand": {
			"rotation": [-8.11, -64.09, 6],
			"translation": [0, 5.5, 0.75]
		},
		"firstperson_lefthand": {
			"rotation": [-8.11, -64.09, 6],
			"translation": [0, 5.5, 0.75]
		},
		"ground": {
			"translation": [0, 4, 0]
		},
		"head": {
			"translation": [0, 14.25, 0]
		},
		"fixed": {
			"rotation": [-90, 0, 0],
			"translation": [0, 0, -11.25],
			"scale": [1.44141, 1.44141, 1.44141]
		}
	},
	"groups": [
		{
			"name": "potion",
			"origin": [6, 10, 8],
			"color": 0,
			"children": [0, 1, 2]
		},
		{
			"name": "glass",
			"origin": [6, 10, 8],
			"color": 0,
			"children": [3, 4, 5, 6, 7, 8, 9, 10, 11, 12, 13, 14, 15, 16, 17, 18, 19, 20]
		},
		{
			"name": "bubbles",
			"origin": [8, 8, 8],
			"color": 0,
			"children": [21, 22, 23, 24, 25, 26, 27, 28, 29, 30, 31]
		}
	]
}