{
	"credit": "Made with Blockbench",
	"texture_size": [32, 32],
	"textures": {
		"0": "custom:item/lynnt/magic_eye/magic_eye",
		"particle": "custom:item/lynnt/magic_eye/magic_eye"
	},
	"elements": [
		{
			"from": [7, 4, 7],
			"to": [8, 9, 10],
			"rotation": {"angle": 0, "axis": "y", "origin": [7, 4, 7]},
			"faces": {
				"north": {"uv": [6, 8.5, 6.5, 11], "texture": "#0"},
				"east": {"uv": [3.5, 1.5, 5, 4], "texture": "#0"},
				"south": {"uv": [9, 7.5, 9.5, 10], "texture": "#0"},
				"west": {"uv": [3.5, 4, 5, 6.5], "texture": "#0"},
				"up": {"uv": [3.5, 6, 3, 4.5], "texture": "#0"},
				"down": {"uv": [10, 7.5, 9.5, 9], "texture": "#0"}
			}
		},
		{
			"from": [6, 6, 7],
			"to": [9, 7, 10],
			"rotation": {"angle": 0, "axis": "y", "origin": [6, 6, 7]},
			"faces": {
				"north": {"uv": [9.5, 2.5, 11, 3], "texture": "#0"},
				"east": {"uv": [9.5, 9, 11, 9.5], "texture": "#0"},
				"south": {"uv": [9.5, 9.5, 11, 10], "texture": "#0"},
				"west": {"uv": [0, 10, 1.5, 10.5], "texture": "#0"},
				"up": {"uv": [8, 3, 6.5, 1.5], "texture": "#0"},
				"down": {"uv": [4.5, 6.5, 3, 8], "texture": "#0"}
			}
		},
		{
			"from": [6, 5, 8],
			"to": [9, 8, 9],
			"rotation": {"angle": 0, "axis": "y", "origin": [6, 5, 8]},
			"faces": {
				"north": {"uv": [6.5, 3, 8, 4.5], "texture": "#0"},
				"east": {"uv": [10, 0, 10.5, 1.5], "texture": "#0"},
				"south": {"uv": [4.5, 6.5, 6, 8], "texture": "#0"},
				"west": {"uv": [1.5, 10, 2, 11.5], "texture": "#0"},
				"up": {"uv": [11.5, 2, 10, 1.5], "texture": "#0"},
				"down": {"uv": [3.5, 10, 2, 10.5], "texture": "#0"}
			}
		},
		{
			"from": [5, 4, 8],
			"to": [7, 5, 9],
			"rotation": {"angle": 0, "axis": "y", "origin": [5, 4, 8]},
			"faces": {
				"north": {"uv": [6.5, 6, 7.5, 6.5], "texture": "#0"},
				"east": {"uv": [3, 6, 3.5, 6.5], "texture": "#0"},
				"south": {"uv": [12.5, 2.5, 13.5, 3], "texture": "#0"},
				"west": {"uv": [6, 12.5, 6.5, 13], "texture": "#0"},
				"up": {"uv": [13.5, 5, 12.5, 4.5], "texture": "#0"},
				"down": {"uv": [6, 12.5, 5, 13], "texture": "#0"}
			}
		},
		{
			"from": [5, 8, 8],
			"to": [7, 9, 9],
			"rotation": {"angle": 0, "axis": "y", "origin": [5, 8, 8]},
			"faces": {
				"north": {"uv": [12.5, 5, 13.5, 5.5], "texture": "#0"},
				"east": {"uv": [10, 12.5, 10.5, 13], "texture": "#0"},
				"south": {"uv": [12.5, 5.5, 13.5, 6], "texture": "#0"},
				"west": {"uv": [6, 13, 6.5, 13.5], "texture": "#0"},
				"up": {"uv": [13.5, 7.5, 12.5, 7], "texture": "#0"},
				"down": {"uv": [13.5, 7.5, 12.5, 8], "texture": "#0"}
			}
		},
		{
			"from": [8, 8, 8],
			"to": [10, 9, 9],
			"rotation": {"angle": 0, "axis": "y", "origin": [8, 8, 8]},
			"faces": {
				"north": {"uv": [12.5, 8, 13.5, 8.5], "texture": "#0"},
				"east": {"uv": [13, 13, 13.5, 13.5], "texture": "#0"},
				"south": {"uv": [9, 12.5, 10, 13], "texture": "#0"},
				"west": {"uv": [13.5, 0, 14, 0.5], "texture": "#0"},
				"up": {"uv": [13.5, 9.5, 12.5, 9], "texture": "#0"},
				"down": {"uv": [13.5, 9.5, 12.5, 10], "texture": "#0"}
			}
		},
		{
			"from": [8, 4, 8],
			"to": [10, 5, 9],
			"rotation": {"angle": 0, "axis": "y", "origin": [8, 4, 8]},
			"faces": {
				"north": {"uv": [12.5, 10.5, 13.5, 11], "texture": "#0"},
				"east": {"uv": [13.5, 0.5, 14, 1], "texture": "#0"},
				"south": {"uv": [11, 12.5, 12, 13], "texture": "#0"},
				"west": {"uv": [1, 13.5, 1.5, 14], "texture": "#0"},
				"up": {"uv": [13.5, 11.5, 12.5, 11], "texture": "#0"},
				"down": {"uv": [13.5, 11.5, 12.5, 12], "texture": "#0"}
			}
		},
		{
			"from": [9, 5, 8],
			"to": [10, 8, 9],
			"rotation": {"angle": 0, "axis": "y", "origin": [9, 5, 8]},
			"faces": {
				"north": {"uv": [3.5, 10, 4, 11.5], "texture": "#0"},
				"east": {"uv": [4, 10, 4.5, 11.5], "texture": "#0"},
				"south": {"uv": [4.5, 10, 5, 11.5], "texture": "#0"},
				"west": {"uv": [10, 4.5, 10.5, 6], "texture": "#0"},
				"up": {"uv": [14, 1.5, 13.5, 1], "texture": "#0"},
				"down": {"uv": [2, 13.5, 1.5, 14], "texture": "#0"}
			}
		},
		{
			"from": [5, 5, 8],
			"to": [6, 8, 9],
			"rotation": {"angle": 0, "axis": "y", "origin": [5, 5, 8]},
			"faces": {
				"north": {"uv": [5, 10, 5.5, 11.5], "texture": "#0"},
				"east": {"uv": [5.5, 10, 6, 11.5], "texture": "#0"},
				"south": {"uv": [10, 6, 10.5, 7.5], "texture": "#0"},
				"west": {"uv": [10, 7.5, 10.5, 9], "texture": "#0"},
				"up": {"uv": [2.5, 14, 2, 13.5], "texture": "#0"},
				"down": {"uv": [3, 13.5, 2.5, 14], "texture": "#0"}
			}
		},
		{
			"from": [6, 9, 8],
			"to": [9, 10, 9],
			"rotation": {"angle": 0, "axis": "y", "origin": [6, 9, 8]},
			"faces": {
				"north": {"uv": [10, 2, 11.5, 2.5], "texture": "#0"},
				"east": {"uv": [13.5, 2.5, 14, 3], "texture": "#0"},
				"south": {"uv": [9, 10, 10.5, 10.5], "texture": "#0"},
				"west": {"uv": [3, 13.5, 3.5, 14], "texture": "#0"},
				"up": {"uv": [1.5, 11, 0, 10.5], "texture": "#0"},
				"down": {"uv": [12, 0, 10.5, 0.5], "texture": "#0"}
			}
		},
		{
			"from": [6, 3, 8],
			"to": [9, 4, 9],
			"rotation": {"angle": 0, "axis": "y", "origin": [6, 3, 8]},
			"faces": {
				"north": {"uv": [10.5, 0.5, 12, 1], "texture": "#0"},
				"east": {"uv": [3.5, 13.5, 4, 14], "texture": "#0"},
				"south": {"uv": [10.5, 1, 12, 1.5], "texture": "#0"},
				"west": {"uv": [13.5, 4.5, 14, 5], "texture": "#0"},
				"up": {"uv": [3.5, 11, 2, 10.5], "texture": "#0"},
				"down": {"uv": [12, 4.5, 10.5, 5], "texture": "#0"}
			}
		},
		{
			"from": [10, 4, 8],
			"to": [13, 9, 9],
			"rotation": {"angle": 0, "axis": "y", "origin": [10, 4, 8]},
			"faces": {
				"north": {"uv": [0, 4.5, 1.5, 7], "texture": "#0"},
				"east": {"uv": [8.5, 9, 9, 11.5], "texture": "#0"},
				"south": {"uv": [1.5, 4.5, 3, 7], "texture": "#0"},
				"west": {"uv": [9.5, 0, 10, 2.5], "texture": "#0"},
				"up": {"uv": [12, 5.5, 10.5, 5], "texture": "#0"},
				"down": {"uv": [12, 5.5, 10.5, 6], "texture": "#0"}
			}
		},
		{
			"from": [2, 4, 8],
			"to": [5, 9, 9],
			"rotation": {"angle": 0, "axis": "y", "origin": [2, 4, 8]},
			"faces": {
				"north": {"uv": [5, 1.5, 6.5, 4], "texture": "#0"},
				"east": {"uv": [6.5, 9.5, 7, 12], "texture": "#0"},
				"south": {"uv": [5, 4, 6.5, 6.5], "texture": "#0"},
				"west": {"uv": [7, 9.5, 7.5, 12], "texture": "#0"},
				"up": {"uv": [12, 6.5, 10.5, 6], "texture": "#0"},
				"down": {"uv": [12, 6.5, 10.5, 7], "texture": "#0"}
			}
		},
		{
			"from": [0, 5, 8],
			"to": [2, 8, 9],
			"rotation": {"angle": 0, "axis": "y", "origin": [0, 5, 8]},
			"faces": {
				"north": {"uv": [8, 4.5, 9, 6], "texture": "#0"},
				"east": {"uv": [10.5, 7, 11, 8.5], "texture": "#0"},
				"south": {"uv": [6.5, 8, 7.5, 9.5], "texture": "#0"},
				"west": {"uv": [7.5, 10.5, 8, 12], "texture": "#0"},
				"up": {"uv": [13, 13, 12, 12.5], "texture": "#0"},
				"down": {"uv": [13.5, 12, 12.5, 12.5], "texture": "#0"}
			}
		},
		{
			"from": [13, 5, 8],
			"to": [15, 8, 9],
			"rotation": {"angle": 0, "axis": "y", "origin": [13, 5, 8]},
			"faces": {
				"north": {"uv": [0, 8.5, 1, 10], "texture": "#0"},
				"east": {"uv": [8, 10.5, 8.5, 12], "texture": "#0"},
				"south": {"uv": [8.5, 0, 9.5, 1.5], "texture": "#0"},
				"west": {"uv": [9, 10.5, 9.5, 12], "texture": "#0"},
				"up": {"uv": [2, 13.5, 1, 13], "texture": "#0"},
				"down": {"uv": [14, 1.5, 13, 2], "texture": "#0"}
			}
		},
		{
			"from": [15, 6, 8],
			"to": [16, 7, 9],
			"rotation": {"angle": 0, "axis": "y", "origin": [15, 6, 8]},
			"faces": {
				"north": {"uv": [5, 13.5, 5.5, 14], "texture": "#0"},
				"east": {"uv": [13.5, 5, 14, 5.5], "texture": "#0"},
				"south": {"uv": [5.5, 13.5, 6, 14], "texture": "#0"},
				"west": {"uv": [13.5, 5.5, 14, 6], "texture": "#0"},
				"up": {"uv": [6.5, 14, 6, 13.5], "texture": "#0"},
				"down": {"uv": [14, 6, 13.5, 6.5], "texture": "#0"}
			}
		},
		{
			"from": [-1, 6, 8],
			"to": [0, 7, 9],
			"rotation": {"angle": 0, "axis": "y", "origin": [-1, 6, 8]},
			"faces": {
				"north": {"uv": [6.5, 13.5, 7, 14], "texture": "#0"},
				"east": {"uv": [13.5, 6.5, 14, 7], "texture": "#0"},
				"south": {"uv": [7, 13.5, 7.5, 14], "texture": "#0"},
				"west": {"uv": [13.5, 7, 14, 7.5], "texture": "#0"},
				"up": {"uv": [8, 14, 7.5, 13.5], "texture": "#0"},
				"down": {"uv": [14, 7.5, 13.5, 8], "texture": "#0"}
			}
		},
		{
			"from": [5, 9, 8],
			"to": [6, 10, 9],
			"rotation": {"angle": 0, "axis": "y", "origin": [5, 9, 8]},
			"faces": {
				"north": {"uv": [8, 13.5, 8.5, 14], "texture": "#0"},
				"east": {"uv": [13.5, 8, 14, 8.5], "texture": "#0"},
				"south": {"uv": [8.5, 13.5, 9, 14], "texture": "#0"},
				"west": {"uv": [13.5, 8.5, 14, 9], "texture": "#0"},
				"up": {"uv": [9.5, 14, 9, 13.5], "texture": "#0"},
				"down": {"uv": [14, 9, 13.5, 9.5], "texture": "#0"}
			}
		},
		{
			"from": [9, 9, 8],
			"to": [10, 10, 9],
			"rotation": {"angle": 0, "axis": "y", "origin": [9, 9, 8]},
			"faces": {
				"north": {"uv": [9.5, 13.5, 10, 14], "texture": "#0"},
				"east": {"uv": [13.5, 9.5, 14, 10], "texture": "#0"},
				"south": {"uv": [10, 13.5, 10.5, 14], "texture": "#0"},
				"west": {"uv": [13.5, 10, 14, 10.5], "texture": "#0"},
				"up": {"uv": [11, 14, 10.5, 13.5], "texture": "#0"},
				"down": {"uv": [14, 10.5, 13.5, 11], "texture": "#0"}
			}
		},
		{
			"from": [9, 3, 8],
			"to": [10, 4, 9],
			"rotation": {"angle": 0, "axis": "y", "origin": [9, 3, 8]},
			"faces": {
				"north": {"uv": [11, 13.5, 11.5, 14], "texture": "#0"},
				"east": {"uv": [13.5, 11, 14, 11.5], "texture": "#0"},
				"south": {"uv": [11.5, 13.5, 12, 14], "texture": "#0"},
				"west": {"uv": [13.5, 11.5, 14, 12], "texture": "#0"},
				"up": {"uv": [12.5, 14, 12, 13.5], "texture": "#0"},
				"down": {"uv": [14, 12, 13.5, 12.5], "texture": "#0"}
			}
		},
		{
			"from": [5, 3, 8],
			"to": [6, 4, 9],
			"rotation": {"angle": 0, "axis": "y", "origin": [5, 3, 8]},
			"faces": {
				"north": {"uv": [12.5, 13.5, 13, 14], "texture": "#0"},
				"east": {"uv": [13, 13.5, 13.5, 14], "texture": "#0"},
				"south": {"uv": [13.5, 13, 14, 13.5], "texture": "#0"},
				"west": {"uv": [13.5, 13.5, 14, 14], "texture": "#0"},
				"up": {"uv": [0.5, 14.5, 0, 14], "texture": "#0"},
				"down": {"uv": [14.5, 0, 14, 0.5], "texture": "#0"}
			}
		},
		{
			"from": [4, 2, 7],
			"to": [11, 3, 10],
			"rotation": {"angle": 0, "axis": "y", "origin": [4, 2, 7]},
			"faces": {
				"north": {"uv": [3, 8, 6.5, 8.5], "texture": "#0"},
				"east": {"uv": [10.5, 8.5, 12, 9], "texture": "#0"},
				"south": {"uv": [8, 3, 11.5, 3.5], "texture": "#0"},
				"west": {"uv": [9.5, 10.5, 11, 11], "texture": "#0"},
				"up": {"uv": [3.5, 1.5, 0, 0], "texture": "#0"},
				"down": {"uv": [3.5, 1.5, 0, 3], "texture": "#0"}
			}
		},
		{
			"from": [4, 10, 7],
			"to": [11, 11, 10],
			"rotation": {"angle": 0, "axis": "y", "origin": [4, 10, 7]},
			"faces": {
				"north": {"uv": [8, 3.5, 11.5, 4], "texture": "#0"},
				"east": {"uv": [10.5, 10, 12, 10.5], "texture": "#0"},
				"south": {"uv": [8, 4, 11.5, 4.5], "texture": "#0"},
				"west": {"uv": [0, 11, 1.5, 11.5], "texture": "#0"},
				"up": {"uv": [3.5, 4.5, 0, 3], "texture": "#0"},
				"down": {"uv": [7, 0, 3.5, 1.5], "texture": "#0"}
			}
		},
		{
			"from": [2, 9, 7],
			"to": [5, 10, 10],
			"rotation": {"angle": 0, "axis": "y", "origin": [2, 9, 7]},
			"faces": {
				"north": {"uv": [2, 11, 3.5, 11.5], "texture": "#0"},
				"east": {"uv": [11, 2.5, 12.5, 3], "texture": "#0"},
				"south": {"uv": [11, 7, 12.5, 7.5], "texture": "#0"},
				"west": {"uv": [11, 7.5, 12.5, 8], "texture": "#0"},
				"up": {"uv": [8, 6, 6.5, 4.5], "texture": "#0"},
				"down": {"uv": [7.5, 6.5, 6, 8], "texture": "#0"}
			}
		},
		{
			"from": [10, 9, 7],
			"to": [13, 10, 10],
			"rotation": {"angle": 0, "axis": "y", "origin": [10, 9, 7]},
			"faces": {
				"north": {"uv": [11, 8, 12.5, 8.5], "texture": "#0"},
				"east": {"uv": [11, 9, 12.5, 9.5], "texture": "#0"},
				"south": {"uv": [9.5, 11, 11, 11.5], "texture": "#0"},
				"west": {"uv": [11, 9.5, 12.5, 10], "texture": "#0"},
				"up": {"uv": [1.5, 8.5, 0, 7], "texture": "#0"},
				"down": {"uv": [8.5, 0, 7, 1.5], "texture": "#0"}
			}
		},
		{
			"from": [2, 3, 7],
			"to": [5, 4, 10],
			"rotation": {"angle": 0, "axis": "y", "origin": [2, 3, 7]},
			"faces": {
				"north": {"uv": [11, 10.5, 12.5, 11], "texture": "#0"},
				"east": {"uv": [11, 11, 12.5, 11.5], "texture": "#0"},
				"south": {"uv": [0, 11.5, 1.5, 12], "texture": "#0"},
				"west": {"uv": [1.5, 11.5, 3, 12], "texture": "#0"},
				"up": {"uv": [3, 8.5, 1.5, 7], "texture": "#0"},
				"down": {"uv": [9, 6, 7.5, 7.5], "texture": "#0"}
			}
		},
		{
			"from": [10, 3, 7],
			"to": [13, 4, 10],
			"rotation": {"angle": 0, "axis": "y", "origin": [10, 3, 7]},
			"faces": {
				"north": {"uv": [11.5, 1.5, 13, 2], "texture": "#0"},
				"east": {"uv": [11.5, 2, 13, 2.5], "texture": "#0"},
				"south": {"uv": [3, 11.5, 4.5, 12], "texture": "#0"},
				"west": {"uv": [11.5, 3, 13, 3.5], "texture": "#0"},
				"up": {"uv": [9, 9, 7.5, 7.5], "texture": "#0"},
				"down": {"uv": [9.5, 1.5, 8, 3], "texture": "#0"}
			}
		},
		{
			"from": [0, 4, 7],
			"to": [2, 5, 10],
			"rotation": {"angle": 0, "axis": "y", "origin": [0, 4, 7]},
			"faces": {
				"north": {"uv": [2, 13, 3, 13.5], "texture": "#0"},
				"east": {"uv": [11.5, 3.5, 13, 4], "texture": "#0"},
				"south": {"uv": [13, 2, 14, 2.5], "texture": "#0"},
				"west": {"uv": [11.5, 4, 13, 4.5], "texture": "#0"},
				"up": {"uv": [2, 10, 1, 8.5], "texture": "#0"},
				"down": {"uv": [3, 8.5, 2, 10], "texture": "#0"}
			}
		},
		{
			"from": [13, 4, 7],
			"to": [15, 5, 10],
			"rotation": {"angle": 0, "axis": "y", "origin": [13, 4, 7]},
			"faces": {
				"north": {"uv": [3, 13, 4, 13.5], "texture": "#0"},
				"east": {"uv": [4.5, 11.5, 6, 12], "texture": "#0"},
				"south": {"uv": [13, 3, 14, 3.5], "texture": "#0"},
				"west": {"uv": [9.5, 11.5, 11, 12], "texture": "#0"},
				"up": {"uv": [4, 10, 3, 8.5], "texture": "#0"},
				"down": {"uv": [5, 8.5, 4, 10], "texture": "#0"}
			}
		},
		{
			"from": [13, 8, 7],
			"to": [15, 9, 10],
			"rotation": {"angle": 0, "axis": "y", "origin": [13, 8, 7]},
			"faces": {
				"north": {"uv": [13, 3.5, 14, 4], "texture": "#0"},
				"east": {"uv": [11, 11.5, 12.5, 12], "texture": "#0"},
				"south": {"uv": [13, 4, 14, 4.5], "texture": "#0"},
				"west": {"uv": [0, 12, 1.5, 12.5], "texture": "#0"},
				"up": {"uv": [6, 10, 5, 8.5], "texture": "#0"},
				"down": {"uv": [10, 4.5, 9, 6], "texture": "#0"}
			}
		},
		{
			"from": [0, 8, 7],
			"to": [2, 9, 10],
			"rotation": {"angle": 0, "axis": "y", "origin": [0, 8, 7]},
			"faces": {
				"north": {"uv": [5, 13, 6, 13.5], "texture": "#0"},
				"east": {"uv": [12, 0, 13.5, 0.5], "texture": "#0"},
				"south": {"uv": [8.5, 13, 9.5, 13.5], "texture": "#0"},
				"west": {"uv": [12, 0.5, 13.5, 1], "texture": "#0"},
				"up": {"uv": [10, 7.5, 9, 6], "texture": "#0"},
				"down": {"uv": [8.5, 9, 7.5, 10.5], "texture": "#0"}
			}
		},
		{
			"from": [-1, 7, 7],
			"to": [0, 8, 10],
			"rotation": {"angle": 0, "axis": "y", "origin": [-1, 7, 7]},
			"faces": {
				"north": {"uv": [0.5, 14, 1, 14.5], "texture": "#0"},
				"east": {"uv": [12, 1, 13.5, 1.5], "texture": "#0"},
				"south": {"uv": [14, 0.5, 14.5, 1], "texture": "#0"},
				"west": {"uv": [1.5, 12, 3, 12.5], "texture": "#0"},
				"up": {"uv": [6.5, 12.5, 6, 11], "texture": "#0"},
				"down": {"uv": [9, 11.5, 8.5, 13], "texture": "#0"}
			}
		},
		{
			"from": [15, 7, 7],
			"to": [16, 8, 10],
			"rotation": {"angle": 0, "axis": "y", "origin": [15, 7, 7]},
			"faces": {
				"north": {"uv": [1, 14, 1.5, 14.5], "texture": "#0"},
				"east": {"uv": [3, 12, 4.5, 12.5], "texture": "#0"},
				"south": {"uv": [14, 1, 14.5, 1.5], "texture": "#0"},
				"west": {"uv": [4.5, 12, 6, 12.5], "texture": "#0"},
				"up": {"uv": [12.5, 6, 12, 4.5], "texture": "#0"},
				"down": {"uv": [7, 12, 6.5, 13.5], "texture": "#0"}
			}
		},
		{
			"from": [15, 5, 7],
			"to": [16, 6, 10],
			"rotation": {"angle": 0, "axis": "y", "origin": [15, 5, 7]},
			"faces": {
				"north": {"uv": [1.5, 14, 2, 14.5], "texture": "#0"},
				"east": {"uv": [12, 6, 13.5, 6.5], "texture": "#0"},
				"south": {"uv": [14, 1.5, 14.5, 2], "texture": "#0"},
				"west": {"uv": [12, 6.5, 13.5, 7], "texture": "#0"},
				"up": {"uv": [7.5, 13.5, 7, 12], "texture": "#0"},
				"down": {"uv": [8, 12, 7.5, 13.5], "texture": "#0"}
			}
		},
		{
			"from": [-1, 5, 7],
			"to": [0, 6, 10],
			"rotation": {"angle": 0, "axis": "y", "origin": [-1, 5, 7]},
			"faces": {
				"north": {"uv": [2, 14, 2.5, 14.5], "texture": "#0"},
				"east": {"uv": [12, 8.5, 13.5, 9], "texture": "#0"},
				"south": {"uv": [14, 2, 14.5, 2.5], "texture": "#0"},
				"west": {"uv": [9, 12, 10.5, 12.5], "texture": "#0"},
				"up": {"uv": [8.5, 13.5, 8, 12], "texture": "#0"},
				"down": {"uv": [11, 12, 10.5, 13.5], "texture": "#0"}
			}
		},
		{
			"from": [-2, 6, 7],
			"to": [-1, 7, 10],
			"rotation": {"angle": 0, "axis": "y", "origin": [-2, 6, 7]},
			"faces": {
				"north": {"uv": [2.5, 14, 3, 14.5], "texture": "#0"},
				"east": {"uv": [12, 10, 13.5, 10.5], "texture": "#0"},
				"south": {"uv": [14, 2.5, 14.5, 3], "texture": "#0"},
				"west": {"uv": [11, 12, 12.5, 12.5], "texture": "#0"},
				"up": {"uv": [0.5, 14, 0, 12.5], "texture": "#0"},
				"down": {"uv": [1, 12.5, 0.5, 14], "texture": "#0"}
			}
		},
		{
			"from": [16, 6, 7],
			"to": [17, 7, 10],
			"rotation": {"angle": 0, "axis": "y", "origin": [16, 6, 7]},
			"faces": {
				"north": {"uv": [3, 14, 3.5, 14.5], "texture": "#0"},
				"east": {"uv": [1, 12.5, 2.5, 13], "texture": "#0"},
				"south": {"uv": [14, 3, 14.5, 3.5], "texture": "#0"},
				"west": {"uv": [2.5, 12.5, 4, 13], "texture": "#0"},
				"up": {"uv": [4.5, 14, 4, 12.5], "texture": "#0"},
				"down": {"uv": [5, 12.5, 4.5, 14], "texture": "#0"}
			}
		},
		{
			"from": [5, 14, 2],
			"to": [7, 15, 2],
			"rotation": {"angle": 0, "axis": "y", "origin": [5, 14, 2]},
			"faces": {
				"north": {"uv": [9.5, 13, 10.5, 13.5], "texture": "#0"},
				"east": {"uv": [0, 0, 0, 0.5], "texture": "#0"},
				"south": {"uv": [11, 13, 12, 13.5], "texture": "#0"},
				"west": {"uv": [0, 0, 0, 0.5], "texture": "#0"},
				"up": {"uv": [1, 0, 0, 0], "texture": "#0"},
				"down": {"uv": [1, 0, 0, 0], "texture": "#0"}
			}
		},
		{
			"from": [11, 2, 13],
			"to": [13, 3, 13],
			"rotation": {"angle": 0, "axis": "y", "origin": [11, 2, 13]},
			"faces": {
				"north": {"uv": [12, 13, 13, 13.5], "texture": "#0"},
				"east": {"uv": [0, 0, 0, 0.5], "texture": "#0"},
				"south": {"uv": [13, 12.5, 14, 13], "texture": "#0"},
				"west": {"uv": [0, 0, 0, 0.5], "texture": "#0"},
				"up": {"uv": [1, 0, 0, 0], "texture": "#0"},
				"down": {"uv": [1, 0, 0, 0], "texture": "#0"}
			}
		},
		{
			"from": [1, 12, 4],
			"to": [2, 13, 4],
			"rotation": {"angle": 0, "axis": "y", "origin": [1, 12, 4]},
			"faces": {
				"north": {"uv": [3.5, 14, 4, 14.5], "texture": "#0"},
				"east": {"uv": [0, 0, 0, 0.5], "texture": "#0"},
				"south": {"uv": [14, 3.5, 14.5, 4], "texture": "#0"},
				"west": {"uv": [0, 0, 0, 0.5], "texture": "#0"},
				"up": {"uv": [0.5, 0, 0, 0], "texture": "#0"},
				"down": {"uv": [0.5, 0, 0, 0], "texture": "#0"}
			}
		},
		{
			"from": [1, 4, 13],
			"to": [2, 5, 13],
			"rotation": {"angle": 0, "axis": "y", "origin": [1, 4, 13]},
			"faces": {
				"north": {"uv": [4, 14, 4.5, 14.5], "texture": "#0"},
				"east": {"uv": [0, 0, 0, 0.5], "texture": "#0"},
				"south": {"uv": [14, 4, 14.5, 4.5], "texture": "#0"},
				"west": {"uv": [0, 0, 0, 0.5], "texture": "#0"},
				"up": {"uv": [0.5, 0, 0, 0], "texture": "#0"},
				"down": {"uv": [0.5, 0, 0, 0], "texture": "#0"}
			}
		},
		{
			"from": [11, 7, 14],
			"to": [12, 8, 14],
			"rotation": {"angle": 0, "axis": "y", "origin": [11, 7, 14]},
			"faces": {
				"north": {"uv": [4.5, 14, 5, 14.5], "texture": "#0"},
				"east": {"uv": [0, 0, 0, 0.5], "texture": "#0"},
				"south": {"uv": [14, 4.5, 14.5, 5], "texture": "#0"},
				"west": {"uv": [0, 0, 0, 0.5], "texture": "#0"},
				"up": {"uv": [0.5, 0, 0, 0], "texture": "#0"},
				"down": {"uv": [0.5, 0, 0, 0], "texture": "#0"}
			}
		},
		{
			"from": [3, 2, 3],
			"to": [4, 3, 3],
			"rotation": {"angle": 0, "axis": "y", "origin": [3, 2, 3]},
			"faces": {
				"north": {"uv": [5, 14, 5.5, 14.5], "texture": "#0"},
				"east": {"uv": [0, 0, 0, 0.5], "texture": "#0"},
				"south": {"uv": [14, 5, 14.5, 5.5], "texture": "#0"},
				"west": {"uv": [0, 0, 0, 0.5], "texture": "#0"},
				"up": {"uv": [0.5, 0, 0, 0], "texture": "#0"},
				"down": {"uv": [0.5, 0, 0, 0], "texture": "#0"}
			}
		},
		{
			"from": [13, 4, 5],
			"to": [14, 5, 5],
			"rotation": {"angle": 0, "axis": "y", "origin": [13, 4, 5]},
			"faces": {
				"north": {"uv": [5.5, 14, 6, 14.5], "texture": "#0"},
				"east": {"uv": [0, 0, 0, 0.5], "texture": "#0"},
				"south": {"uv": [14, 5.5, 14.5, 6], "texture": "#0"},
				"west": {"uv": [0, 0, 0, 0.5], "texture": "#0"},
				"up": {"uv": [0.5, 0, 0, 0], "texture": "#0"},
				"down": {"uv": [0.5, 0, 0, 0], "texture": "#0"}
			}
		},
		{
			"from": [13, 11, 4],
			"to": [14, 12, 4],
			"rotation": {"angle": 0, "axis": "y", "origin": [13, 11, 4]},
			"faces": {
				"north": {"uv": [6, 14, 6.5, 14.5], "texture": "#0"},
				"east": {"uv": [0, 0, 0, 0.5], "texture": "#0"},
				"south": {"uv": [14, 6, 14.5, 6.5], "texture": "#0"},
				"west": {"uv": [0, 0, 0, 0.5], "texture": "#0"},
				"up": {"uv": [0.5, 0, 0, 0], "texture": "#0"},
				"down": {"uv": [0.5, 0, 0, 0], "texture": "#0"}
			}
		},
		{
			"from": [4, 11, 12],
			"to": [5, 12, 12],
			"rotation": {"angle": 0, "axis": "y", "origin": [4, 11, 12]},
			"faces": {
				"north": {"uv": [6.5, 14, 7, 14.5], "texture": "#0"},
				"east": {"uv": [0, 0, 0, 0.5], "texture": "#0"},
				"south": {"uv": [14, 6.5, 14.5, 7], "texture": "#0"},
				"west": {"uv": [0, 0, 0, 0.5], "texture": "#0"},
				"up": {"uv": [0.5, 0, 0, 0], "texture": "#0"},
				"down": {"uv": [0.5, 0, 0, 0], "texture": "#0"}
			}
		}
	],
	"gui_light": "front",
	"display": {
		"thirdperson_righthand": {
			"rotation": [14, 1.75, 0],
			"translation": [0.25, 1.75, 1.25],
			"scale": [0.33789, 0.33789, 0.33789]
		},
		"thirdperson_lefthand": {
			"rotation": [14, 1.75, 0],
			"translation": [0.25, 1.75, 1.25],
			"scale": [0.33789, 0.33789, 0.33789]
		},
		"firstperson_righthand": {
			"rotation": [0, -43.75, 0],
			"translation": [0, 5, 0],
			"scale": [0.59766, 0.69727, 0.69727]
		},
		"firstperson_lefthand": {
			"rotation": [0, -43.75, 0],
			"translation": [0, 5, 0],
			"scale": [0.59766, 0.69727, 0.69727]
		},
		"ground": {
			"translation": [0, 1.75, 0],
			"scale": [0.69727, 0.69727, 0.69727]
		},
		"gui": {
			"translation": [0.5, 0.75, 0],
			"scale": [0.85547, 0.78711, 1]
		},
		"head": {
			"translation": [0, 10.5, -0.25],
			"scale": [0.66992, 0.66992, 0.66992]
		},
		"fixed": {
			"rotation": [-90, 0, 0],
			"translation": [0.5, 0, -9.25],
			"scale": [1.25, 1.25, 1.25]
		}
	},
	"groups": [
		{
			"name": "crystal",
			"origin": [0, 2, 0],
			"color": 0,
			"children": [0, 1, 2, 3, 4, 5, 6, 7, 8, 9, 10]
		},
		{
			"name": "eye",
			"origin": [0, 2, 0],
			"color": 9,
			"children": [11, 12, 13, 14, 15, 16, 17, 18, 19, 20]
		},
		{
			"name": "outline",
			"origin": [5, 3, 8],
			"color": 7,
			"children": [21, 22, 23, 24, 25, 26, 27, 28, 29, 30, 31, 32, 33, 34, 35, 36]
		},
		{
			"name": "magic!",
			"origin": [8, 8, 8],
			"color": 0,
			"children": [37, 38, 39, 40, 41, 42, 43, 44, 45]
		}
	]
}