{
	"credit": "Made with Blockbench",
	"texture_size": [32, 32],
	"textures": {
		"0": "custom:item/lynnt/magic_hourglass/hourglass",
		"1": "custom:item/lynnt/magic_hourglass/sphere",
		"particle": "custom:item/lynnt/magic_hourglass/hourglass"
	},
	"elements": [
		{
			"from": [7, 0, 7],
			"to": [9, 1, 11],
			"rotation": {"angle": 0, "axis": "y", "origin": [6, 0, 6]},
			"faces": {
				"north": {"uv": [7.5, 0.5, 8, 0.75], "texture": "#1"},
				"east": {"uv": [3, 4.5, 4, 4.75], "texture": "#1"},
				"south": {"uv": [7.5, 0.75, 8, 1], "texture": "#1"},
				"west": {"uv": [4.5, 3.25, 5.5, 3.5], "texture": "#1"},
				"up": {"uv": [0.5, 1, 0, 0], "texture": "#1"},
				"down": {"uv": [1, 0, 0.5, 1], "texture": "#1"}
			}
		},
		{
			"from": [9, 0, 8],
			"to": [10, 1, 10],
			"rotation": {"angle": 0, "axis": "y", "origin": [8, 0, 7]},
			"faces": {
				"north": {"uv": [2, 6.5, 2.25, 6.75], "texture": "#1"},
				"east": {"uv": [7.5, 1, 8, 1.25], "texture": "#1"},
				"south": {"uv": [3.25, 6.5, 3.5, 6.75], "texture": "#1"},
				"west": {"uv": [7.5, 1.25, 8, 1.5], "texture": "#1"},
				"up": {"uv": [1.5, 8, 1.25, 7.5], "texture": "#1"},
				"down": {"uv": [7.75, 1.5, 7.5, 2], "texture": "#1"}
			}
		},
		{
			"from": [6, 0, 8],
			"to": [7, 1, 10],
			"rotation": {"angle": 0, "axis": "y", "origin": [5, 0, 7]},
			"faces": {
				"north": {"uv": [3.5, 8.75, 3.75, 9], "texture": "#1"},
				"east": {"uv": [2, 7.5, 2.5, 7.75], "texture": "#1"},
				"south": {"uv": [8.75, 3.5, 9, 3.75], "texture": "#1"},
				"west": {"uv": [7.5, 2, 8, 2.25], "texture": "#1"},
				"up": {"uv": [7.75, 2.75, 7.5, 2.25], "texture": "#1"},
				"down": {"uv": [2.75, 7.5, 2.5, 8], "texture": "#1"}
			}
		},
		{
			"from": [6, 1, 5],
			"to": [10, 2, 7],
			"rotation": {"angle": 0, "axis": "y", "origin": [6, 1, 5]},
			"faces": {
				"north": {"uv": [4.5, 3.5, 5.5, 3.75], "texture": "#1"},
				"east": {"uv": [2.75, 7.5, 3.25, 7.75], "texture": "#1"},
				"south": {"uv": [4.5, 3.75, 5.5, 4], "texture": "#1"},
				"west": {"uv": [7.5, 2.75, 8, 3], "texture": "#1"},
				"up": {"uv": [1, 1.5, 0, 1], "texture": "#1"},
				"down": {"uv": [2, 0, 1, 0.5], "texture": "#1"}
			}
		},
		{
			"from": [6, 1, 11],
			"to": [10, 2, 13],
			"rotation": {"angle": 0, "axis": "y", "origin": [6, 1, 11]},
			"faces": {
				"north": {"uv": [4, 4.5, 5, 4.75], "texture": "#1"},
				"east": {"uv": [3.25, 7.5, 3.75, 7.75], "texture": "#1"},
				"south": {"uv": [4.5, 4, 5.5, 4.25], "texture": "#1"},
				"west": {"uv": [4.25, 7.5, 4.75, 7.75], "texture": "#1"},
				"up": {"uv": [2, 1, 1, 0.5], "texture": "#1"},
				"down": {"uv": [2, 1, 1, 1.5], "texture": "#1"}
			}
		},
		{
			"from": [5, 1, 10],
			"to": [7, 2, 12],
			"rotation": {"angle": 0, "axis": "y", "origin": [5, 1, 10]},
			"faces": {
				"north": {"uv": [5.25, 7.5, 5.75, 7.75], "texture": "#1"},
				"east": {"uv": [7.5, 5.75, 8, 6], "texture": "#1"},
				"south": {"uv": [7.5, 6, 8, 6.25], "texture": "#1"},
				"west": {"uv": [6.5, 7.5, 7, 7.75], "texture": "#1"},
				"up": {"uv": [0.5, 5.25, 0, 4.75], "texture": "#1"},
				"down": {"uv": [5.25, 0, 4.75, 0.5], "texture": "#1"}
			}
		},
		{
			"from": [5, 1, 6],
			"to": [7, 2, 8],
			"rotation": {"angle": 0, "axis": "y", "origin": [5, 1, 6]},
			"faces": {
				"north": {"uv": [7, 7.5, 7.5, 7.75], "texture": "#1"},
				"east": {"uv": [7.5, 7.5, 8, 7.75], "texture": "#1"},
				"south": {"uv": [0, 7.75, 0.5, 8], "texture": "#1"},
				"west": {"uv": [1.5, 7.75, 2, 8], "texture": "#1"},
				"up": {"uv": [1, 5.25, 0.5, 4.75], "texture": "#1"},
				"down": {"uv": [5.25, 0.5, 4.75, 1], "texture": "#1"}
			}
		},
		{
			"from": [9, 1, 6],
			"to": [11, 2, 8],
			"rotation": {"angle": 0, "axis": "y", "origin": [9, 1, 6]},
			"faces": {
				"north": {"uv": [7.75, 1.5, 8.25, 1.75], "texture": "#1"},
				"east": {"uv": [7.75, 1.75, 8.25, 2], "texture": "#1"},
				"south": {"uv": [2, 7.75, 2.5, 8], "texture": "#1"},
				"west": {"uv": [7.75, 2.25, 8.25, 2.5], "texture": "#1"},
				"up": {"uv": [1.5, 5.25, 1, 4.75], "texture": "#1"},
				"down": {"uv": [5.25, 1, 4.75, 1.5], "texture": "#1"}
			}
		},
		{
			"from": [9, 1, 10],
			"to": [11, 2, 12],
			"rotation": {"angle": 0, "axis": "y", "origin": [9, 1, 10]},
			"faces": {
				"north": {"uv": [7.75, 2.5, 8.25, 2.75], "texture": "#1"},
				"east": {"uv": [2.75, 7.75, 3.25, 8], "texture": "#1"},
				"south": {"uv": [7.75, 3, 8.25, 3.25], "texture": "#1"},
				"west": {"uv": [3.25, 7.75, 3.75, 8], "texture": "#1"},
				"up": {"uv": [5.25, 2, 4.75, 1.5], "texture": "#1"},
				"down": {"uv": [2.5, 4.75, 2, 5.25], "texture": "#1"}
			}
		},
		{
			"from": [10, 1, 7],
			"to": [12, 2, 11],
			"rotation": {"angle": 0, "axis": "y", "origin": [10, 1, 7]},
			"faces": {
				"north": {"uv": [7.75, 3.25, 8.25, 3.5], "texture": "#1"},
				"east": {"uv": [4.5, 4.25, 5.5, 4.5], "texture": "#1"},
				"south": {"uv": [7.75, 3.5, 8.25, 3.75], "texture": "#1"},
				"west": {"uv": [4.75, 2, 5.75, 2.25], "texture": "#1"},
				"up": {"uv": [0.5, 2.5, 0, 1.5], "texture": "#1"},
				"down": {"uv": [1, 1.5, 0.5, 2.5], "texture": "#1"}
			}
		},
		{
			"from": [4, 1, 7],
			"to": [6, 2, 11],
			"rotation": {"angle": 0, "axis": "y", "origin": [4, 1, 7]},
			"faces": {
				"north": {"uv": [7.75, 3.75, 8.25, 4], "texture": "#1"},
				"east": {"uv": [4.75, 2.25, 5.75, 2.5], "texture": "#1"},
				"south": {"uv": [7.75, 4, 8.25, 4.25], "texture": "#1"},
				"west": {"uv": [2.5, 4.75, 3.5, 5], "texture": "#1"},
				"up": {"uv": [1.5, 2.5, 1, 1.5], "texture": "#1"},
				"down": {"uv": [2, 1.5, 1.5, 2.5], "texture": "#1"}
			}
		},
		{
			"from": [6, 2, 4],
			"to": [10, 3, 5],
			"rotation": {"angle": 0, "axis": "y", "origin": [6, 2, 4]},
			"faces": {
				"north": {"uv": [4.75, 2.5, 5.75, 2.75], "texture": "#1"},
				"east": {"uv": [3.75, 8.75, 4, 9], "texture": "#1"},
				"south": {"uv": [4.75, 2.75, 5.75, 3], "texture": "#1"},
				"west": {"uv": [8.75, 3.75, 9, 4], "texture": "#1"},
				"up": {"uv": [4.5, 5, 3.5, 4.75], "texture": "#1"},
				"down": {"uv": [5.5, 4.75, 4.5, 5], "texture": "#1"}
			}
		},
		{
			"from": [6, 2, 13],
			"to": [10, 3, 14],
			"rotation": {"angle": 0, "axis": "y", "origin": [6, 2, 13]},
			"faces": {
				"north": {"uv": [2.5, 5, 3.5, 5.25], "texture": "#1"},
				"east": {"uv": [4, 8.75, 4.25, 9], "texture": "#1"},
				"south": {"uv": [5, 3, 6, 3.25], "texture": "#1"},
				"west": {"uv": [8.75, 4, 9, 4.25], "texture": "#1"},
				"up": {"uv": [4.5, 5.25, 3.5, 5], "texture": "#1"},
				"down": {"uv": [5.5, 5, 4.5, 5.25], "texture": "#1"}
			}
		},
		{
			"from": [5, 2, 12],
			"to": [6, 3, 13],
			"rotation": {"angle": 0, "axis": "y", "origin": [4, 2, 11]},
			"faces": {
				"north": {"uv": [4.25, 8.75, 4.5, 9], "texture": "#1"},
				"east": {"uv": [8.75, 4.5, 9, 4.75], "texture": "#1"},
				"south": {"uv": [4.75, 8.75, 5, 9], "texture": "#1"},
				"west": {"uv": [5, 8.75, 5.25, 9], "texture": "#1"},
				"up": {"uv": [5.5, 9, 5.25, 8.75], "texture": "#1"},
				"down": {"uv": [9, 5.25, 8.75, 5.5], "texture": "#1"}
			}
		},
		{
			"from": [5, 2, 5],
			"to": [6, 3, 6],
			"rotation": {"angle": 0, "axis": "y", "origin": [5, 2, 5]},
			"faces": {
				"north": {"uv": [5.5, 8.75, 5.75, 9], "texture": "#1"},
				"east": {"uv": [6, 8.75, 6.25, 9], "texture": "#1"},
				"south": {"uv": [6.25, 8.75, 6.5, 9], "texture": "#1"},
				"west": {"uv": [6.5, 8.75, 6.75, 9], "texture": "#1"},
				"up": {"uv": [9, 6.75, 8.75, 6.5], "texture": "#1"},
				"down": {"uv": [7, 8.75, 6.75, 9], "texture": "#1"}
			}
		},
		{
			"from": [10, 2, 5],
			"to": [11, 3, 6],
			"rotation": {"angle": 0, "axis": "y", "origin": [10, 2, 5]},
			"faces": {
				"north": {"uv": [7, 8.75, 7.25, 9], "texture": "#1"},
				"east": {"uv": [7.25, 8.75, 7.5, 9], "texture": "#1"},
				"south": {"uv": [8.75, 7.25, 9, 7.5], "texture": "#1"},
				"west": {"uv": [7.5, 8.75, 7.75, 9], "texture": "#1"},
				"up": {"uv": [8, 9, 7.75, 8.75], "texture": "#1"},
				"down": {"uv": [8.25, 8.75, 8, 9], "texture": "#1"}
			}
		},
		{
			"from": [10, 2, 12],
			"to": [11, 3, 13],
			"rotation": {"angle": 0, "axis": "y", "origin": [10, 2, 12]},
			"faces": {
				"north": {"uv": [8.75, 8, 9, 8.25], "texture": "#1"},
				"east": {"uv": [8.25, 8.75, 8.5, 9], "texture": "#1"},
				"south": {"uv": [8.75, 8.25, 9, 8.5], "texture": "#1"},
				"west": {"uv": [8.5, 8.75, 8.75, 9], "texture": "#1"},
				"up": {"uv": [9, 9, 8.75, 8.75], "texture": "#1"},
				"down": {"uv": [0.25, 9, 0, 9.25], "texture": "#1"}
			}
		},
		{
			"from": [12, 2, 7],
			"to": [13, 3, 11],
			"rotation": {"angle": 0, "axis": "y", "origin": [12, 2, 7]},
			"faces": {
				"north": {"uv": [0.25, 9, 0.5, 9.25], "texture": "#1"},
				"east": {"uv": [5, 4.5, 6, 4.75], "texture": "#1"},
				"south": {"uv": [9, 0.25, 9.25, 0.5], "texture": "#1"},
				"west": {"uv": [0, 5.25, 1, 5.5], "texture": "#1"},
				"up": {"uv": [1.75, 6, 1.5, 5], "texture": "#1"},
				"down": {"uv": [2, 5, 1.75, 6], "texture": "#1"}
			}
		},
		{
			"from": [3, 2, 7],
			"to": [4, 3, 11],
			"rotation": {"angle": 0, "axis": "y", "origin": [3, 2, 7]},
			"faces": {
				"north": {"uv": [0.5, 9, 0.75, 9.25], "texture": "#1"},
				"east": {"uv": [5.25, 0, 6.25, 0.25], "texture": "#1"},
				"south": {"uv": [9, 0.5, 9.25, 0.75], "texture": "#1"},
				"west": {"uv": [5.25, 0.25, 6.25, 0.5], "texture": "#1"},
				"up": {"uv": [5.5, 1.5, 5.25, 0.5], "texture": "#1"},
				"down": {"uv": [1.25, 5.25, 1, 6.25], "texture": "#1"}
			}
		},
		{
			"from": [4, 2, 6],
			"to": [5, 3, 7],
			"rotation": {"angle": 0, "axis": "y", "origin": [4, 2, 6]},
			"faces": {
				"north": {"uv": [0.75, 9, 1, 9.25], "texture": "#1"},
				"east": {"uv": [1, 9, 1.25, 9.25], "texture": "#1"},
				"south": {"uv": [9, 1, 9.25, 1.25], "texture": "#1"},
				"west": {"uv": [1.25, 9, 1.5, 9.25], "texture": "#1"},
				"up": {"uv": [9.25, 1.5, 9, 1.25], "texture": "#1"},
				"down": {"uv": [1.75, 9, 1.5, 9.25], "texture": "#1"}
			}
		},
		{
			"from": [4, 2, 11],
			"to": [5, 3, 12],
			"rotation": {"angle": 0, "axis": "y", "origin": [5, 2, 10]},
			"faces": {
				"north": {"uv": [1.75, 9, 2, 9.25], "texture": "#1"},
				"east": {"uv": [9, 2, 9.25, 2.25], "texture": "#1"},
				"south": {"uv": [2.25, 9, 2.5, 9.25], "texture": "#1"},
				"west": {"uv": [2.5, 9, 2.75, 9.25], "texture": "#1"},
				"up": {"uv": [3, 9.25, 2.75, 9], "texture": "#1"},
				"down": {"uv": [9.25, 2.75, 9, 3], "texture": "#1"}
			}
		},
		{
			"from": [11, 2, 11],
			"to": [12, 3, 12],
			"rotation": {"angle": 0, "axis": "y", "origin": [11, 2, 11]},
			"faces": {
				"north": {"uv": [3, 9, 3.25, 9.25], "texture": "#1"},
				"east": {"uv": [9, 3, 9.25, 3.25], "texture": "#1"},
				"south": {"uv": [3.25, 9, 3.5, 9.25], "texture": "#1"},
				"west": {"uv": [9, 3.25, 9.25, 3.5], "texture": "#1"},
				"up": {"uv": [3.75, 9.25, 3.5, 9], "texture": "#1"},
				"down": {"uv": [9.25, 3.5, 9, 3.75], "texture": "#1"}
			}
		},
		{
			"from": [11, 2, 6],
			"to": [12, 3, 7],
			"rotation": {"angle": 0, "axis": "y", "origin": [11, 2, 6]},
			"faces": {
				"north": {"uv": [3.75, 9, 4, 9.25], "texture": "#1"},
				"east": {"uv": [9, 3.75, 9.25, 4], "texture": "#1"},
				"south": {"uv": [4, 9, 4.25, 9.25], "texture": "#1"},
				"west": {"uv": [9, 4, 9.25, 4.25], "texture": "#1"},
				"up": {"uv": [4.5, 9.25, 4.25, 9], "texture": "#1"},
				"down": {"uv": [9.25, 4.25, 9, 4.5], "texture": "#1"}
			}
		},
		{
			"from": [5, 3, 4],
			"to": [11, 4, 5],
			"rotation": {"angle": 0, "axis": "y", "origin": [5, 3, 4]},
			"faces": {
				"north": {"uv": [3, 0, 4.5, 0.25], "texture": "#1"},
				"east": {"uv": [4.5, 9, 4.75, 9.25], "texture": "#1"},
				"south": {"uv": [3, 0.25, 4.5, 0.5], "texture": "#1"},
				"west": {"uv": [9, 4.5, 9.25, 4.75], "texture": "#1"},
				"up": {"uv": [4.5, 0.75, 3, 0.5], "texture": "#1"},
				"down": {"uv": [4.5, 0.75, 3, 1], "texture": "#1"}
			}
		},
		{
			"from": [5, 3, 13],
			"to": [11, 4, 14],
			"rotation": {"angle": 0, "axis": "y", "origin": [5, 3, 13]},
			"faces": {
				"north": {"uv": [3, 1, 4.5, 1.25], "texture": "#1"},
				"east": {"uv": [4.75, 9, 5, 9.25], "texture": "#1"},
				"south": {"uv": [3, 1.25, 4.5, 1.5], "texture": "#1"},
				"west": {"uv": [9, 4.75, 9.25, 5], "texture": "#1"},
				"up": {"uv": [4.5, 1.75, 3, 1.5], "texture": "#1"},
				"down": {"uv": [4.5, 1.75, 3, 2], "texture": "#1"}
			}
		},
		{
			"from": [3, 3, 6],
			"to": [4, 4, 12],
			"rotation": {"angle": 0, "axis": "y", "origin": [3, 3, 6]},
			"faces": {
				"north": {"uv": [5, 9, 5.25, 9.25], "texture": "#1"},
				"east": {"uv": [2, 3, 3.5, 3.25], "texture": "#1"},
				"south": {"uv": [9, 5, 9.25, 5.25], "texture": "#1"},
				"west": {"uv": [3, 2, 4.5, 2.25], "texture": "#1"},
				"up": {"uv": [2.25, 4.75, 2, 3.25], "texture": "#1"},
				"down": {"uv": [2.5, 3.25, 2.25, 4.75], "texture": "#1"}
			}
		},
		{
			"from": [12, 3, 6],
			"to": [13, 4, 12],
			"rotation": {"angle": 0, "axis": "y", "origin": [12, 3, 6]},
			"faces": {
				"north": {"uv": [5.25, 9, 5.5, 9.25], "texture": "#1"},
				"east": {"uv": [3, 2.25, 4.5, 2.5], "texture": "#1"},
				"south": {"uv": [9, 5.25, 9.25, 5.5], "texture": "#1"},
				"west": {"uv": [3, 2.5, 4.5, 2.75], "texture": "#1"},
				"up": {"uv": [2.75, 4.75, 2.5, 3.25], "texture": "#1"},
				"down": {"uv": [3, 3.25, 2.75, 4.75], "texture": "#1"}
			}
		},
		{
			"from": [11, 3, 5],
			"to": [12, 4, 6],
			"rotation": {"angle": 0, "axis": "y", "origin": [11, 3, 5]},
			"faces": {
				"north": {"uv": [5.5, 9, 5.75, 9.25], "texture": "#1"},
				"east": {"uv": [9, 5.5, 9.25, 5.75], "texture": "#1"},
				"south": {"uv": [5.75, 9, 6, 9.25], "texture": "#1"},
				"west": {"uv": [9, 5.75, 9.25, 6], "texture": "#1"},
				"up": {"uv": [6.25, 9.25, 6, 9], "texture": "#1"},
				"down": {"uv": [9.25, 6, 9, 6.25], "texture": "#1"}
			}
		},
		{
			"from": [11, 3, 12],
			"to": [12, 4, 13],
			"rotation": {"angle": 0, "axis": "y", "origin": [11, 3, 12]},
			"faces": {
				"north": {"uv": [6.25, 9, 6.5, 9.25], "texture": "#1"},
				"east": {"uv": [9, 6.25, 9.25, 6.5], "texture": "#1"},
				"south": {"uv": [6.5, 9, 6.75, 9.25], "texture": "#1"},
				"west": {"uv": [9, 6.5, 9.25, 6.75], "texture": "#1"},
				"up": {"uv": [7, 9.25, 6.75, 9], "texture": "#1"},
				"down": {"uv": [9.25, 6.75, 9, 7], "texture": "#1"}
			}
		},
		{
			"from": [4, 3, 12],
			"to": [5, 4, 13],
			"rotation": {"angle": 0, "axis": "y", "origin": [4, 3, 12]},
			"faces": {
				"north": {"uv": [7, 9, 7.25, 9.25], "texture": "#1"},
				"east": {"uv": [9, 7, 9.25, 7.25], "texture": "#1"},
				"south": {"uv": [7.25, 9, 7.5, 9.25], "texture": "#1"},
				"west": {"uv": [9, 7.25, 9.25, 7.5], "texture": "#1"},
				"up": {"uv": [7.75, 9.25, 7.5, 9], "texture": "#1"},
				"down": {"uv": [9.25, 7.5, 9, 7.75], "texture": "#1"}
			}
		},
		{
			"from": [4, 3, 5],
			"to": [5, 4, 6],
			"rotation": {"angle": 0, "axis": "y", "origin": [4, 3, 5]},
			"faces": {
				"north": {"uv": [7.75, 9, 8, 9.25], "texture": "#1"},
				"east": {"uv": [9, 7.75, 9.25, 8], "texture": "#1"},
				"south": {"uv": [8, 9, 8.25, 9.25], "texture": "#1"},
				"west": {"uv": [9, 8, 9.25, 8.25], "texture": "#1"},
				"up": {"uv": [8.5, 9.25, 8.25, 9], "texture": "#1"},
				"down": {"uv": [9.25, 8.25, 9, 8.5], "texture": "#1"}
			}
		},
		{
			"from": [7, 4, 3],
			"to": [9, 5, 4],
			"rotation": {"angle": 0, "axis": "y", "origin": [7, 4, 3]},
			"faces": {
				"north": {"uv": [4.25, 7.75, 4.75, 8], "texture": "#1"},
				"east": {"uv": [8.5, 9, 8.75, 9.25], "texture": "#1"},
				"south": {"uv": [7.75, 4.5, 8.25, 4.75], "texture": "#1"},
				"west": {"uv": [9, 8.5, 9.25, 8.75], "texture": "#1"},
				"up": {"uv": [5.75, 8, 5.25, 7.75], "texture": "#1"},
				"down": {"uv": [8.25, 5.25, 7.75, 5.5], "texture": "#1"}
			}
		},
		{
			"from": [7, 4, 14],
			"to": [9, 5, 15],
			"rotation": {"angle": 0, "axis": "y", "origin": [7, 4, 14]},
			"faces": {
				"north": {"uv": [6.5, 7.75, 7, 8], "texture": "#1"},
				"east": {"uv": [8.75, 9, 9, 9.25], "texture": "#1"},
				"south": {"uv": [7.75, 6.5, 8.25, 6.75], "texture": "#1"},
				"west": {"uv": [9, 8.75, 9.25, 9], "texture": "#1"},
				"up": {"uv": [8.25, 7, 7.75, 6.75], "texture": "#1"},
				"down": {"uv": [7.5, 7.75, 7, 8], "texture": "#1"}
			}
		},
		{
			"from": [2, 4, 8],
			"to": [3, 5, 10],
			"rotation": {"angle": 0, "axis": "y", "origin": [2, 4, 8]},
			"faces": {
				"north": {"uv": [9, 9, 9.25, 9.25], "texture": "#1"},
				"east": {"uv": [7.75, 7, 8.25, 7.25], "texture": "#1"},
				"south": {"uv": [0, 9.25, 0.25, 9.5], "texture": "#1"},
				"west": {"uv": [7.75, 7.25, 8.25, 7.5], "texture": "#1"},
				"up": {"uv": [5, 8, 4.75, 7.5], "texture": "#1"},
				"down": {"uv": [0.75, 7.75, 0.5, 8.25], "texture": "#1"}
			}
		},
		{
			"from": [13, 4, 8],
			"to": [14, 5, 10],
			"rotation": {"angle": 0, "axis": "y", "origin": [13, 4, 8]},
			"faces": {
				"north": {"uv": [9.25, 0, 9.5, 0.25], "texture": "#1"},
				"east": {"uv": [7.5, 7.75, 8, 8], "texture": "#1"},
				"south": {"uv": [0.25, 9.25, 0.5, 9.5], "texture": "#1"},
				"west": {"uv": [0, 8, 0.5, 8.25], "texture": "#1"},
				"up": {"uv": [8.25, 0.5, 8, 0], "texture": "#1"},
				"down": {"uv": [8.25, 0.5, 8, 1], "texture": "#1"}
			}
		},
		{
			"from": [9, 4, 4],
			"to": [12, 5, 5],
			"rotation": {"angle": 0, "axis": "y", "origin": [9, 4, 4]},
			"faces": {
				"north": {"uv": [6.5, 4.25, 7.25, 4.5], "texture": "#1"},
				"east": {"uv": [9.25, 0.25, 9.5, 0.5], "texture": "#1"},
				"south": {"uv": [6.5, 4.75, 7.25, 5], "texture": "#1"},
				"west": {"uv": [0.5, 9.25, 0.75, 9.5], "texture": "#1"},
				"up": {"uv": [7.25, 5.25, 6.5, 5], "texture": "#1"},
				"down": {"uv": [7.25, 5.5, 6.5, 5.75], "texture": "#1"}
			}
		},
		{
			"from": [9, 4, 13],
			"to": [12, 5, 14],
			"rotation": {"angle": 0, "axis": "y", "origin": [9, 4, 13]},
			"faces": {
				"north": {"uv": [6.25, 6.5, 7, 6.75], "texture": "#1"},
				"east": {"uv": [9.25, 0.5, 9.5, 0.75], "texture": "#1"},
				"south": {"uv": [0.5, 6.75, 1.25, 7], "texture": "#1"},
				"west": {"uv": [0.75, 9.25, 1, 9.5], "texture": "#1"},
				"up": {"uv": [7.5, 1.75, 6.75, 1.5], "texture": "#1"},
				"down": {"uv": [7.5, 1.75, 6.75, 2], "texture": "#1"}
			}
		},
		{
			"from": [4, 4, 13],
			"to": [7, 5, 14],
			"rotation": {"angle": 0, "axis": "y", "origin": [4, 4, 13]},
			"faces": {
				"north": {"uv": [2, 6.75, 2.75, 7], "texture": "#1"},
				"east": {"uv": [9.25, 0.75, 9.5, 1], "texture": "#1"},
				"south": {"uv": [6.75, 2, 7.5, 2.25], "texture": "#1"},
				"west": {"uv": [1, 9.25, 1.25, 9.5], "texture": "#1"},
				"up": {"uv": [7.5, 2.5, 6.75, 2.25], "texture": "#1"},
				"down": {"uv": [7.5, 2.5, 6.75, 2.75], "texture": "#1"}
			}
		},
		{
			"from": [12, 4, 10],
			"to": [13, 5, 13],
			"rotation": {"angle": 0, "axis": "y", "origin": [12, 4, 10]},
			"faces": {
				"north": {"uv": [9.25, 1, 9.5, 1.25], "texture": "#1"},
				"east": {"uv": [2.75, 6.75, 3.5, 7], "texture": "#1"},
				"south": {"uv": [1.25, 9.25, 1.5, 9.5], "texture": "#1"},
				"west": {"uv": [6.75, 2.75, 7.5, 3], "texture": "#1"},
				"up": {"uv": [1.5, 7.5, 1.25, 6.75], "texture": "#1"},
				"down": {"uv": [3.75, 6.75, 3.5, 7.5], "texture": "#1"}
			}
		},
		{
			"from": [3, 4, 5],
			"to": [4, 5, 8],
			"rotation": {"angle": 0, "axis": "y", "origin": [3, 4, 5]},
			"faces": {
				"north": {"uv": [9.25, 1.25, 9.5, 1.5], "texture": "#1"},
				"east": {"uv": [3.75, 6.75, 4.5, 7], "texture": "#1"},
				"south": {"uv": [1.5, 9.25, 1.75, 9.5], "texture": "#1"},
				"west": {"uv": [4.5, 6.75, 5.25, 7], "texture": "#1"},
				"up": {"uv": [5.5, 7.5, 5.25, 6.75], "texture": "#1"},
				"down": {"uv": [5.75, 6.75, 5.5, 7.5], "texture": "#1"}
			}
		},
		{
			"from": [12, 4, 5],
			"to": [13, 5, 8],
			"rotation": {"angle": 0, "axis": "y", "origin": [12, 4, 5]},
			"faces": {
				"north": {"uv": [9.25, 1.5, 9.5, 1.75], "texture": "#1"},
				"east": {"uv": [5.75, 6.75, 6.5, 7], "texture": "#1"},
				"south": {"uv": [1.75, 9.25, 2, 9.5], "texture": "#1"},
				"west": {"uv": [6.75, 5.75, 7.5, 6], "texture": "#1"},
				"up": {"uv": [6.75, 7.5, 6.5, 6.75], "texture": "#1"},
				"down": {"uv": [7, 6.75, 6.75, 7.5], "texture": "#1"}
			}
		},
		{
			"from": [3, 4, 10],
			"to": [4, 5, 13],
			"rotation": {"angle": 0, "axis": "y", "origin": [3, 4, 10]},
			"faces": {
				"north": {"uv": [9.25, 1.75, 9.5, 2], "texture": "#1"},
				"east": {"uv": [6.75, 6, 7.5, 6.25], "texture": "#1"},
				"south": {"uv": [2, 9.25, 2.25, 9.5], "texture": "#1"},
				"west": {"uv": [0.5, 7, 1.25, 7.25], "texture": "#1"},
				"up": {"uv": [1.75, 7.75, 1.5, 7], "texture": "#1"},
				"down": {"uv": [2, 7, 1.75, 7.75], "texture": "#1"}
			}
		},
		{
			"from": [4, 4, 4],
			"to": [7, 5, 5],
			"rotation": {"angle": 0, "axis": "y", "origin": [4, 4, 4]},
			"faces": {
				"north": {"uv": [2, 7, 2.75, 7.25], "texture": "#1"},
				"east": {"uv": [9.25, 2, 9.5, 2.25], "texture": "#1"},
				"south": {"uv": [2.75, 7, 3.5, 7.25], "texture": "#1"},
				"west": {"uv": [2.25, 9.25, 2.5, 9.5], "texture": "#1"},
				"up": {"uv": [7.75, 3.25, 7, 3], "texture": "#1"},
				"down": {"uv": [7.75, 3.25, 7, 3.5], "texture": "#1"}
			}
		},
		{
			"from": [6, 5, 3],
			"to": [10, 6, 4],
			"rotation": {"angle": 0, "axis": "y", "origin": [6, 5, 3]},
			"faces": {
				"north": {"uv": [5.25, 1.5, 6.25, 1.75], "texture": "#1"},
				"east": {"uv": [9.25, 2.25, 9.5, 2.5], "texture": "#1"},
				"south": {"uv": [5.25, 1.75, 6.25, 2], "texture": "#1"},
				"west": {"uv": [2.5, 9.25, 2.75, 9.5], "texture": "#1"},
				"up": {"uv": [3, 5.5, 2, 5.25], "texture": "#1"},
				"down": {"uv": [4, 5.25, 3, 5.5], "texture": "#1"}
			}
		},
		{
			"from": [6, 5, 14],
			"to": [10, 6, 15],
			"rotation": {"angle": 0, "axis": "y", "origin": [6, 5, 14]},
			"faces": {
				"north": {"uv": [4, 5.25, 5, 5.5], "texture": "#1"},
				"east": {"uv": [9.25, 2.5, 9.5, 2.75], "texture": "#1"},
				"south": {"uv": [5, 5.25, 6, 5.5], "texture": "#1"},
				"west": {"uv": [2.75, 9.25, 3, 9.5], "texture": "#1"},
				"up": {"uv": [1, 5.75, 0, 5.5], "texture": "#1"},
				"down": {"uv": [6.5, 0.5, 5.5, 0.75], "texture": "#1"}
			}
		},
		{
			"from": [4, 5, 13],
			"to": [6, 6, 14],
			"rotation": {"angle": 0, "axis": "y", "origin": [4, 5, 13]},
			"faces": {
				"north": {"uv": [0.75, 8, 1.25, 8.25], "texture": "#1"},
				"east": {"uv": [9.25, 2.75, 9.5, 3], "texture": "#1"},
				"south": {"uv": [8, 1, 8.5, 1.25], "texture": "#1"},
				"west": {"uv": [3, 9.25, 3.25, 9.5], "texture": "#1"},
				"up": {"uv": [1.75, 8.25, 1.25, 8], "texture": "#1"},
				"down": {"uv": [8.5, 1.25, 8, 1.5], "texture": "#1"}
			}
		},
		{
			"from": [4, 5, 4],
			"to": [6, 6, 5],
			"rotation": {"angle": 0, "axis": "y", "origin": [4, 5, 4]},
			"faces": {
				"north": {"uv": [1.75, 8, 2.25, 8.25], "texture": "#1"},
				"east": {"uv": [9.25, 3, 9.5, 3.25], "texture": "#1"},
				"south": {"uv": [8, 2, 8.5, 2.25], "texture": "#1"},
				"west": {"uv": [3.25, 9.25, 3.5, 9.5], "texture": "#1"},
				"up": {"uv": [2.75, 8.25, 2.25, 8], "texture": "#1"},
				"down": {"uv": [3.25, 8, 2.75, 8.25], "texture": "#1"}
			}
		},
		{
			"from": [10, 5, 4],
			"to": [12, 6, 5],
			"rotation": {"angle": 0, "axis": "y", "origin": [10, 5, 4]},
			"faces": {
				"north": {"uv": [8, 2.75, 8.5, 3], "texture": "#1"},
				"east": {"uv": [9.25, 3.25, 9.5, 3.5], "texture": "#1"},
				"south": {"uv": [3.25, 8, 3.75, 8.25], "texture": "#1"},
				"west": {"uv": [3.5, 9.25, 3.75, 9.5], "texture": "#1"},
				"up": {"uv": [4.25, 8.25, 3.75, 8], "texture": "#1"},
				"down": {"uv": [4.75, 8, 4.25, 8.25], "texture": "#1"}
			}
		},
		{
			"from": [10, 5, 13],
			"to": [12, 6, 14],
			"rotation": {"angle": 0, "axis": "y", "origin": [10, 5, 13]},
			"faces": {
				"north": {"uv": [8, 4.25, 8.5, 4.5], "texture": "#1"},
				"east": {"uv": [9.25, 3.5, 9.5, 3.75], "texture": "#1"},
				"south": {"uv": [4.75, 8, 5.25, 8.25], "texture": "#1"},
				"west": {"uv": [3.75, 9.25, 4, 9.5], "texture": "#1"},
				"up": {"uv": [8.5, 5, 8, 4.75], "texture": "#1"},
				"down": {"uv": [8.5, 5, 8, 5.25], "texture": "#1"}
			}
		},
		{
			"from": [13, 5, 7],
			"to": [14, 6, 11],
			"rotation": {"angle": 0, "axis": "y", "origin": [13, 5, 7]},
			"faces": {
				"north": {"uv": [9.25, 3.75, 9.5, 4], "texture": "#1"},
				"east": {"uv": [5.5, 0.75, 6.5, 1], "texture": "#1"},
				"south": {"uv": [4, 9.25, 4.25, 9.5], "texture": "#1"},
				"west": {"uv": [5.5, 1, 6.5, 1.25], "texture": "#1"},
				"up": {"uv": [1.5, 6.25, 1.25, 5.25], "texture": "#1"},
				"down": {"uv": [2.25, 5.5, 2, 6.5], "texture": "#1"}
			}
		},
		{
			"from": [2, 5, 7],
			"to": [3, 6, 11],
			"rotation": {"angle": 0, "axis": "y", "origin": [2, 5, 7]},
			"faces": {
				"north": {"uv": [9.25, 4, 9.5, 4.25], "texture": "#1"},
				"east": {"uv": [5.5, 1.25, 6.5, 1.5], "texture": "#1"},
				"south": {"uv": [4.25, 9.25, 4.5, 9.5], "texture": "#1"},
				"west": {"uv": [2.25, 5.5, 3.25, 5.75], "texture": "#1"},
				"up": {"uv": [3.5, 6.5, 3.25, 5.5], "texture": "#1"},
				"down": {"uv": [5.75, 3.25, 5.5, 4.25], "texture": "#1"}
			}
		},
		{
			"from": [3, 5, 5],
			"to": [4, 6, 7],
			"rotation": {"angle": 0, "axis": "y", "origin": [3, 5, 5]},
			"faces": {
				"north": {"uv": [9.25, 4.25, 9.5, 4.5], "texture": "#1"},
				"east": {"uv": [5.25, 8, 5.75, 8.25], "texture": "#1"},
				"south": {"uv": [4.5, 9.25, 4.75, 9.5], "texture": "#1"},
				"west": {"uv": [8, 5.5, 8.5, 5.75], "texture": "#1"},
				"up": {"uv": [6, 8.5, 5.75, 8], "texture": "#1"},
				"down": {"uv": [8.25, 5.75, 8, 6.25], "texture": "#1"}
			}
		},
		{
			"from": [3, 5, 11],
			"to": [4, 6, 13],
			"rotation": {"angle": 0, "axis": "y", "origin": [3, 5, 11]},
			"faces": {
				"north": {"uv": [9.25, 4.5, 9.5, 4.75], "texture": "#1"},
				"east": {"uv": [6, 8, 6.5, 8.25], "texture": "#1"},
				"south": {"uv": [4.75, 9.25, 5, 9.5], "texture": "#1"},
				"west": {"uv": [8, 6.25, 8.5, 6.5], "texture": "#1"},
				"up": {"uv": [6.75, 8.5, 6.5, 8], "texture": "#1"},
				"down": {"uv": [7, 8, 6.75, 8.5], "texture": "#1"}
			}
		},
		{
			"from": [12, 5, 11],
			"to": [13, 6, 13],
			"rotation": {"angle": 0, "axis": "y", "origin": [12, 5, 11]},
			"faces": {
				"north": {"uv": [9.25, 4.75, 9.5, 5], "texture": "#1"},
				"east": {"uv": [7, 8, 7.5, 8.25], "texture": "#1"},
				"south": {"uv": [5, 9.25, 5.25, 9.5], "texture": "#1"},
				"west": {"uv": [7.5, 8, 8, 8.25], "texture": "#1"},
				"up": {"uv": [8.25, 8, 8, 7.5], "texture": "#1"},
				"down": {"uv": [8.25, 8, 8, 8.5], "texture": "#1"}
			}
		},
		{
			"from": [12, 5, 5],
			"to": [13, 6, 7],
			"rotation": {"angle": 0, "axis": "y", "origin": [12, 5, 5]},
			"faces": {
				"north": {"uv": [9.25, 5, 9.5, 5.25], "texture": "#1"},
				"east": {"uv": [0, 8.25, 0.5, 8.5], "texture": "#1"},
				"south": {"uv": [5.25, 9.25, 5.5, 9.5], "texture": "#1"},
				"west": {"uv": [8.25, 0, 8.75, 0.25], "texture": "#1"},
				"up": {"uv": [8.5, 0.75, 8.25, 0.25], "texture": "#1"},
				"down": {"uv": [0.75, 8.25, 0.5, 8.75], "texture": "#1"}
			}
		},
		{
			"from": [6, 6, 3],
			"to": [10, 7, 4],
			"rotation": {"angle": 0, "axis": "y", "origin": [6, 6, 3]},
			"faces": {
				"north": {"uv": [3.5, 5.5, 4.5, 5.75], "texture": "#1"},
				"east": {"uv": [9.25, 5.25, 9.5, 5.5], "texture": "#1"},
				"south": {"uv": [5.5, 4.25, 6.5, 4.5], "texture": "#1"},
				"west": {"uv": [5.5, 9.25, 5.75, 9.5], "texture": "#1"},
				"up": {"uv": [5.5, 5.75, 4.5, 5.5], "texture": "#1"},
				"down": {"uv": [6.5, 4.75, 5.5, 5], "texture": "#1"}
			}
		},
		{
			"from": [6, 6, 14],
			"to": [10, 7, 15],
			"rotation": {"angle": 0, "axis": "y", "origin": [6, 6, 14]},
			"faces": {
				"north": {"uv": [5.5, 5, 6.5, 5.25], "texture": "#1"},
				"east": {"uv": [9.25, 5.5, 9.5, 5.75], "texture": "#1"},
				"south": {"uv": [5.5, 5.5, 6.5, 5.75], "texture": "#1"},
				"west": {"uv": [5.75, 9.25, 6, 9.5], "texture": "#1"},
				"up": {"uv": [1, 6, 0, 5.75], "texture": "#1"},
				"down": {"uv": [6.75, 2, 5.75, 2.25], "texture": "#1"}
			}
		},
		{
			"from": [4, 6, 13],
			"to": [6, 7, 14],
			"rotation": {"angle": 0, "axis": "y", "origin": [4, 6, 13]},
			"faces": {
				"north": {"uv": [0.75, 8.25, 1.25, 8.5], "texture": "#1"},
				"east": {"uv": [9.25, 5.75, 9.5, 6], "texture": "#1"},
				"south": {"uv": [8.25, 0.75, 8.75, 1], "texture": "#1"},
				"west": {"uv": [6, 9.25, 6.25, 9.5], "texture": "#1"},
				"up": {"uv": [1.75, 8.5, 1.25, 8.25], "texture": "#1"},
				"down": {"uv": [8.75, 1.5, 8.25, 1.75], "texture": "#1"}
			}
		},
		{
			"from": [4, 6, 4],
			"to": [6, 7, 5],
			"rotation": {"angle": 0, "axis": "y", "origin": [4, 6, 4]},
			"faces": {
				"north": {"uv": [1.75, 8.25, 2.25, 8.5], "texture": "#1"},
				"east": {"uv": [9.25, 6, 9.5, 6.25], "texture": "#1"},
				"south": {"uv": [8.25, 1.75, 8.75, 2], "texture": "#1"},
				"west": {"uv": [6.25, 9.25, 6.5, 9.5], "texture": "#1"},
				"up": {"uv": [2.75, 8.5, 2.25, 8.25], "texture": "#1"},
				"down": {"uv": [8.75, 2.25, 8.25, 2.5], "texture": "#1"}
			}
		},
		{
			"from": [10, 6, 4],
			"to": [12, 7, 5],
			"rotation": {"angle": 0, "axis": "y", "origin": [10, 6, 4]},
			"faces": {
				"north": {"uv": [8.25, 2.5, 8.75, 2.75], "texture": "#1"},
				"east": {"uv": [9.25, 6.25, 9.5, 6.5], "texture": "#1"},
				"south": {"uv": [2.75, 8.25, 3.25, 8.5], "texture": "#1"},
				"west": {"uv": [6.5, 9.25, 6.75, 9.5], "texture": "#1"},
				"up": {"uv": [8.75, 3.25, 8.25, 3], "texture": "#1"},
				"down": {"uv": [3.75, 8.25, 3.25, 8.5], "texture": "#1"}
			}
		},
		{
			"from": [10, 6, 13],
			"to": [12, 7, 14],
			"rotation": {"angle": 0, "axis": "y", "origin": [10, 6, 13]},
			"faces": {
				"north": {"uv": [8.25, 3.25, 8.75, 3.5], "texture": "#1"},
				"east": {"uv": [9.25, 6.5, 9.5, 6.75], "texture": "#1"},
				"south": {"uv": [8.25, 3.5, 8.75, 3.75], "texture": "#1"},
				"west": {"uv": [6.75, 9.25, 7, 9.5], "texture": "#1"},
				"up": {"uv": [4.25, 8.5, 3.75, 8.25], "texture": "#1"},
				"down": {"uv": [8.75, 3.75, 8.25, 4], "texture": "#1"}
			}
		},
		{
			"from": [13, 6, 7],
			"to": [14, 7, 11],
			"rotation": {"angle": 0, "axis": "y", "origin": [13, 6, 7]},
			"faces": {
				"north": {"uv": [9.25, 6.75, 9.5, 7], "texture": "#1"},
				"east": {"uv": [2.25, 5.75, 3.25, 6], "texture": "#1"},
				"south": {"uv": [7, 9.25, 7.25, 9.5], "texture": "#1"},
				"west": {"uv": [5.75, 2.25, 6.75, 2.5], "texture": "#1"},
				"up": {"uv": [6, 4.25, 5.75, 3.25], "texture": "#1"},
				"down": {"uv": [3.75, 5.75, 3.5, 6.75], "texture": "#1"}
			}
		},
		{
			"from": [2, 6, 7],
			"to": [3, 7, 11],
			"rotation": {"angle": 0, "axis": "y", "origin": [2, 6, 7]},
			"faces": {
				"north": {"uv": [9.25, 7, 9.5, 7.25], "texture": "#1"},
				"east": {"uv": [5.75, 2.5, 6.75, 2.75], "texture": "#1"},
				"south": {"uv": [7.25, 9.25, 7.5, 9.5], "texture": "#1"},
				"west": {"uv": [5.75, 2.75, 6.75, 3], "texture": "#1"},
				"up": {"uv": [4, 6.75, 3.75, 5.75], "texture": "#1"},
				"down": {"uv": [4.25, 5.75, 4, 6.75], "texture": "#1"}
			}
		},
		{
			"from": [3, 6, 5],
			"to": [4, 7, 7],
			"rotation": {"angle": 0, "axis": "y", "origin": [3, 6, 5]},
			"faces": {
				"north": {"uv": [9.25, 7.25, 9.5, 7.5], "texture": "#1"},
				"east": {"uv": [8.25, 4, 8.75, 4.25], "texture": "#1"},
				"south": {"uv": [7.5, 9.25, 7.75, 9.5], "texture": "#1"},
				"west": {"uv": [4.25, 8.25, 4.75, 8.5], "texture": "#1"},
				"up": {"uv": [5, 8.75, 4.75, 8.25], "texture": "#1"},
				"down": {"uv": [5.25, 8.25, 5, 8.75], "texture": "#1"}
			}
		},
		{
			"from": [3, 6, 11],
			"to": [4, 7, 13],
			"rotation": {"angle": 0, "axis": "y", "origin": [3, 6, 11]},
			"faces": {
				"north": {"uv": [9.25, 7.5, 9.5, 7.75], "texture": "#1"},
				"east": {"uv": [8.25, 4.5, 8.75, 4.75], "texture": "#1"},
				"south": {"uv": [7.75, 9.25, 8, 9.5], "texture": "#1"},
				"west": {"uv": [5.25, 8.25, 5.75, 8.5], "texture": "#1"},
				"up": {"uv": [8.5, 6.25, 8.25, 5.75], "texture": "#1"},
				"down": {"uv": [6.25, 8.25, 6, 8.75], "texture": "#1"}
			}
		},
		{
			"from": [12, 6, 11],
			"to": [13, 7, 13],
			"rotation": {"angle": 0, "axis": "y", "origin": [12, 6, 11]},
			"faces": {
				"north": {"uv": [9.25, 7.75, 9.5, 8], "texture": "#1"},
				"east": {"uv": [8.25, 5.25, 8.75, 5.5], "texture": "#1"},
				"south": {"uv": [8, 9.25, 8.25, 9.5], "texture": "#1"},
				"west": {"uv": [8.25, 6.5, 8.75, 6.75], "texture": "#1"},
				"up": {"uv": [6.5, 8.75, 6.25, 8.25], "texture": "#1"},
				"down": {"uv": [8.5, 6.75, 8.25, 7.25], "texture": "#1"}
			}
		},
		{
			"from": [12, 6, 5],
			"to": [13, 7, 7],
			"rotation": {"angle": 0, "axis": "y", "origin": [12, 6, 5]},
			"faces": {
				"north": {"uv": [9.25, 8, 9.5, 8.25], "texture": "#1"},
				"east": {"uv": [7, 8.25, 7.5, 8.5], "texture": "#1"},
				"south": {"uv": [8.25, 9.25, 8.5, 9.5], "texture": "#1"},
				"west": {"uv": [8.25, 7.25, 8.75, 7.5], "texture": "#1"},
				"up": {"uv": [7.75, 8.75, 7.5, 8.25], "texture": "#1"},
				"down": {"uv": [8.5, 7.5, 8.25, 8], "texture": "#1"}
			}
		},
		{
			"from": [7, 7, 3],
			"to": [9, 8, 4],
			"rotation": {"angle": 0, "axis": "y", "origin": [7, 7, 3]},
			"faces": {
				"north": {"uv": [8.25, 8, 8.75, 8.25], "texture": "#1"},
				"east": {"uv": [9.25, 8.25, 9.5, 8.5], "texture": "#1"},
				"south": {"uv": [8.25, 8.25, 8.75, 8.5], "texture": "#1"},
				"west": {"uv": [8.5, 9.25, 8.75, 9.5], "texture": "#1"},
				"up": {"uv": [0.5, 8.75, 0, 8.5], "texture": "#1"},
				"down": {"uv": [9, 0.25, 8.5, 0.5], "texture": "#1"}
			}
		},
		{
			"from": [7, 7, 14],
			"to": [9, 8, 15],
			"rotation": {"angle": 0, "axis": "y", "origin": [7, 7, 14]},
			"faces": {
				"north": {"uv": [8.5, 0.5, 9, 0.75], "texture": "#1"},
				"east": {"uv": [9.25, 8.5, 9.5, 8.75], "texture": "#1"},
				"south": {"uv": [0.75, 8.5, 1.25, 8.75], "texture": "#1"},
				"west": {"uv": [8.75, 9.25, 9, 9.5], "texture": "#1"},
				"up": {"uv": [9, 1.25, 8.5, 1], "texture": "#1"},
				"down": {"uv": [1.75, 8.5, 1.25, 8.75], "texture": "#1"}
			}
		},
		{
			"from": [2, 7, 8],
			"to": [3, 8, 10],
			"rotation": {"angle": 0, "axis": "y", "origin": [2, 7, 8]},
			"faces": {
				"north": {"uv": [9.25, 8.75, 9.5, 9], "texture": "#1"},
				"east": {"uv": [8.5, 1.25, 9, 1.5], "texture": "#1"},
				"south": {"uv": [9, 9.25, 9.25, 9.5], "texture": "#1"},
				"west": {"uv": [1.75, 8.5, 2.25, 8.75], "texture": "#1"},
				"up": {"uv": [8, 8.75, 7.75, 8.25], "texture": "#1"},
				"down": {"uv": [2.5, 8.5, 2.25, 9], "texture": "#1"}
			}
		},
		{
			"from": [13, 7, 8],
			"to": [14, 8, 10],
			"rotation": {"angle": 0, "axis": "y", "origin": [13, 7, 8]},
			"faces": {
				"north": {"uv": [9.25, 9, 9.5, 9.25], "texture": "#1"},
				"east": {"uv": [8.5, 2, 9, 2.25], "texture": "#1"},
				"south": {"uv": [9.25, 9.25, 9.5, 9.5], "texture": "#1"},
				"west": {"uv": [2.5, 8.5, 3, 8.75], "texture": "#1"},
				"up": {"uv": [3.25, 9, 3, 8.5], "texture": "#1"},
				"down": {"uv": [3.5, 8.5, 3.25, 9], "texture": "#1"}
			}
		},
		{
			"from": [9, 7, 4],
			"to": [12, 8, 5],
			"rotation": {"angle": 0, "axis": "y", "origin": [9, 7, 4]},
			"faces": {
				"north": {"uv": [7, 3.5, 7.75, 3.75], "texture": "#1"},
				"east": {"uv": [0, 9.5, 0.25, 9.75], "texture": "#1"},
				"south": {"uv": [3.75, 7, 4.5, 7.25], "texture": "#1"},
				"west": {"uv": [9.5, 0, 9.75, 0.25], "texture": "#1"},
				"up": {"uv": [7.75, 4, 7, 3.75], "texture": "#1"},
				"down": {"uv": [7.75, 4, 7, 4.25], "texture": "#1"}
			}
		},
		{
			"from": [9, 7, 13],
			"to": [12, 8, 14],
			"rotation": {"angle": 0, "axis": "y", "origin": [9, 7, 13]},
			"faces": {
				"north": {"uv": [4.5, 7, 5.25, 7.25], "texture": "#1"},
				"east": {"uv": [0.25, 9.5, 0.5, 9.75], "texture": "#1"},
				"south": {"uv": [7, 4.5, 7.75, 4.75], "texture": "#1"},
				"west": {"uv": [9.5, 0.25, 9.75, 0.5], "texture": "#1"},
				"up": {"uv": [7.75, 5.5, 7, 5.25], "texture": "#1"},
				"down": {"uv": [6.5, 7, 5.75, 7.25], "texture": "#1"}
			}
		},
		{
			"from": [4, 7, 13],
			"to": [7, 8, 14],
			"rotation": {"angle": 0, "axis": "y", "origin": [4, 7, 13]},
			"faces": {
				"north": {"uv": [7, 6.5, 7.75, 6.75], "texture": "#1"},
				"east": {"uv": [0.5, 9.5, 0.75, 9.75], "texture": "#1"},
				"south": {"uv": [7, 6.75, 7.75, 7], "texture": "#1"},
				"west": {"uv": [9.5, 0.5, 9.75, 0.75], "texture": "#1"},
				"up": {"uv": [7.75, 7.25, 7, 7], "texture": "#1"},
				"down": {"uv": [0.75, 7.25, 0, 7.5], "texture": "#1"}
			}
		},
		{
			"from": [12, 7, 10],
			"to": [13, 8, 13],
			"rotation": {"angle": 0, "axis": "y", "origin": [12, 7, 10]},
			"faces": {
				"north": {"uv": [0.75, 9.5, 1, 9.75], "texture": "#1"},
				"east": {"uv": [7.25, 0, 8, 0.25], "texture": "#1"},
				"south": {"uv": [9.5, 0.75, 9.75, 1], "texture": "#1"},
				"west": {"uv": [7.25, 0.25, 8, 0.5], "texture": "#1"},
				"up": {"uv": [1, 8, 0.75, 7.25], "texture": "#1"},
				"down": {"uv": [1.25, 7.25, 1, 8], "texture": "#1"}
			}
		},
		{
			"from": [3, 7, 5],
			"to": [4, 8, 8],
			"rotation": {"angle": 0, "axis": "y", "origin": [3, 7, 5]},
			"faces": {
				"north": {"uv": [1, 9.5, 1.25, 9.75], "texture": "#1"},
				"east": {"uv": [2, 7.25, 2.75, 7.5], "texture": "#1"},
				"south": {"uv": [9.5, 1, 9.75, 1.25], "texture": "#1"},
				"west": {"uv": [2.75, 7.25, 3.5, 7.5], "texture": "#1"},
				"up": {"uv": [4, 8, 3.75, 7.25], "texture": "#1"},
				"down": {"uv": [4.25, 7.25, 4, 8], "texture": "#1"}
			}
		},
		{
			"from": [12, 7, 5],
			"to": [13, 8, 8],
			"rotation": {"angle": 0, "axis": "y", "origin": [12, 7, 5]},
			"faces": {
				"north": {"uv": [1.25, 9.5, 1.5, 9.75], "texture": "#1"},
				"east": {"uv": [4.25, 7.25, 5, 7.5], "texture": "#1"},
				"south": {"uv": [9.5, 1.25, 9.75, 1.5], "texture": "#1"},
				"west": {"uv": [7.25, 4.25, 8, 4.5], "texture": "#1"},
				"up": {"uv": [5.25, 8, 5, 7.25], "texture": "#1"},
				"down": {"uv": [6, 7.25, 5.75, 8], "texture": "#1"}
			}
		},
		{
			"from": [3, 7, 10],
			"to": [4, 8, 13],
			"rotation": {"angle": 0, "axis": "y", "origin": [3, 7, 10]},
			"faces": {
				"north": {"uv": [1.5, 9.5, 1.75, 9.75], "texture": "#1"},
				"east": {"uv": [7.25, 4.75, 8, 5], "texture": "#1"},
				"south": {"uv": [9.5, 1.5, 9.75, 1.75], "texture": "#1"},
				"west": {"uv": [7.25, 5, 8, 5.25], "texture": "#1"},
				"up": {"uv": [6.25, 8, 6, 7.25], "texture": "#1"},
				"down": {"uv": [6.5, 7.25, 6.25, 8], "texture": "#1"}
			}
		},
		{
			"from": [4, 7, 4],
			"to": [7, 8, 5],
			"rotation": {"angle": 0, "axis": "y", "origin": [4, 7, 4]},
			"faces": {
				"north": {"uv": [7.25, 5.5, 8, 5.75], "texture": "#1"},
				"east": {"uv": [1.75, 9.5, 2, 9.75], "texture": "#1"},
				"south": {"uv": [7.25, 6.25, 8, 6.5], "texture": "#1"},
				"west": {"uv": [9.5, 1.75, 9.75, 2], "texture": "#1"},
				"up": {"uv": [7.75, 7.5, 7, 7.25], "texture": "#1"},
				"down": {"uv": [0.75, 7.5, 0, 7.75], "texture": "#1"}
			}
		},
		{
			"from": [5, 8, 4],
			"to": [11, 9, 5],
			"rotation": {"angle": 0, "axis": "y", "origin": [5, 8, 4]},
			"faces": {
				"north": {"uv": [3, 2.75, 4.5, 3], "texture": "#1"},
				"east": {"uv": [2, 9.5, 2.25, 9.75], "texture": "#1"},
				"south": {"uv": [3, 3.25, 4.5, 3.5], "texture": "#1"},
				"west": {"uv": [9.5, 2, 9.75, 2.25], "texture": "#1"},
				"up": {"uv": [1.5, 3.75, 0, 3.5], "texture": "#1"},
				"down": {"uv": [4.5, 3.5, 3, 3.75], "texture": "#1"}
			}
		},
		{
			"from": [5, 8, 13],
			"to": [11, 9, 14],
			"rotation": {"angle": 0, "axis": "y", "origin": [5, 8, 13]},
			"faces": {
				"north": {"uv": [3.5, 3, 5, 3.25], "texture": "#1"},
				"east": {"uv": [2.25, 9.5, 2.5, 9.75], "texture": "#1"},
				"south": {"uv": [0, 3.75, 1.5, 4], "texture": "#1"},
				"west": {"uv": [9.5, 2.25, 9.75, 2.5], "texture": "#1"},
				"up": {"uv": [4.5, 4, 3, 3.75], "texture": "#1"},
				"down": {"uv": [1.5, 4, 0, 4.25], "texture": "#1"}
			}
		},
		{
			"from": [3, 8, 6],
			"to": [4, 9, 12],
			"rotation": {"angle": 0, "axis": "y", "origin": [3, 8, 6]},
			"faces": {
				"north": {"uv": [2.5, 9.5, 2.75, 9.75], "texture": "#1"},
				"east": {"uv": [3, 4, 4.5, 4.25], "texture": "#1"},
				"south": {"uv": [9.5, 2.5, 9.75, 2.75], "texture": "#1"},
				"west": {"uv": [0, 4.25, 1.5, 4.5], "texture": "#1"},
				"up": {"uv": [1.75, 5, 1.5, 3.5], "texture": "#1"},
				"down": {"uv": [2, 3.5, 1.75, 5], "texture": "#1"}
			}
		},
		{
			"from": [12, 8, 6],
			"to": [13, 9, 12],
			"rotation": {"angle": 0, "axis": "y", "origin": [12, 8, 6]},
			"faces": {
				"north": {"uv": [2.75, 9.5, 3, 9.75], "texture": "#1"},
				"east": {"uv": [3, 4.25, 4.5, 4.5], "texture": "#1"},
				"south": {"uv": [9.5, 2.75, 9.75, 3], "texture": "#1"},
				"west": {"uv": [0, 4.5, 1.5, 4.75], "texture": "#1"},
				"up": {"uv": [4.75, 1.5, 4.5, 0], "texture": "#1"},
				"down": {"uv": [4.75, 1.5, 4.5, 3], "texture": "#1"}
			}
		},
		{
			"from": [11, 8, 5],
			"to": [12, 9, 6],
			"rotation": {"angle": 0, "axis": "y", "origin": [11, 8, 5]},
			"faces": {
				"north": {"uv": [3, 9.5, 3.25, 9.75], "texture": "#1"},
				"east": {"uv": [9.5, 3, 9.75, 3.25], "texture": "#1"},
				"south": {"uv": [3.25, 9.5, 3.5, 9.75], "texture": "#1"},
				"west": {"uv": [9.5, 3.25, 9.75, 3.5], "texture": "#1"},
				"up": {"uv": [3.75, 9.75, 3.5, 9.5], "texture": "#1"},
				"down": {"uv": [9.75, 3.5, 9.5, 3.75], "texture": "#1"}
			}
		},
		{
			"from": [11, 8, 12],
			"to": [12, 9, 13],
			"rotation": {"angle": 0, "axis": "y", "origin": [11, 8, 12]},
			"faces": {
				"north": {"uv": [3.75, 9.5, 4, 9.75], "texture": "#1"},
				"east": {"uv": [9.5, 3.75, 9.75, 4], "texture": "#1"},
				"south": {"uv": [4, 9.5, 4.25, 9.75], "texture": "#1"},
				"west": {"uv": [9.5, 4, 9.75, 4.25], "texture": "#1"},
				"up": {"uv": [4.5, 9.75, 4.25, 9.5], "texture": "#1"},
				"down": {"uv": [9.75, 4.25, 9.5, 4.5], "texture": "#1"}
			}
		},
		{
			"from": [4, 8, 12],
			"to": [5, 9, 13],
			"rotation": {"angle": 0, "axis": "y", "origin": [4, 8, 12]},
			"faces": {
				"north": {"uv": [4.5, 9.5, 4.75, 9.75], "texture": "#1"},
				"east": {"uv": [9.5, 4.5, 9.75, 4.75], "texture": "#1"},
				"south": {"uv": [4.75, 9.5, 5, 9.75], "texture": "#1"},
				"west": {"uv": [9.5, 4.75, 9.75, 5], "texture": "#1"},
				"up": {"uv": [5.25, 9.75, 5, 9.5], "texture": "#1"},
				"down": {"uv": [9.75, 5, 9.5, 5.25], "texture": "#1"}
			}
		},
		{
			"from": [4, 8, 5],
			"to": [5, 9, 6],
			"rotation": {"angle": 0, "axis": "y", "origin": [4, 8, 5]},
			"faces": {
				"north": {"uv": [5.25, 9.5, 5.5, 9.75], "texture": "#1"},
				"east": {"uv": [9.5, 5.25, 9.75, 5.5], "texture": "#1"},
				"south": {"uv": [5.5, 9.5, 5.75, 9.75], "texture": "#1"},
				"west": {"uv": [9.5, 5.5, 9.75, 5.75], "texture": "#1"},
				"up": {"uv": [6, 9.75, 5.75, 9.5], "texture": "#1"},
				"down": {"uv": [9.75, 5.75, 9.5, 6], "texture": "#1"}
			}
		},
		{
			"from": [6, 9, 4],
			"to": [10, 10, 5],
			"rotation": {"angle": 0, "axis": "y", "origin": [6, 9, 4]},
			"faces": {
				"north": {"uv": [4.25, 5.75, 5.25, 6], "texture": "#1"},
				"east": {"uv": [6, 9.5, 6.25, 9.75], "texture": "#1"},
				"south": {"uv": [5.25, 5.75, 6.25, 6], "texture": "#1"},
				"west": {"uv": [9.5, 6, 9.75, 6.25], "texture": "#1"},
				"up": {"uv": [1, 6.25, 0, 6], "texture": "#1"},
				"down": {"uv": [3.25, 6, 2.25, 6.25], "texture": "#1"}
			}
		},
		{
			"from": [6, 9, 13],
			"to": [10, 10, 14],
			"rotation": {"angle": 0, "axis": "y", "origin": [6, 9, 13]},
			"faces": {
				"north": {"uv": [6, 3, 7, 3.25], "texture": "#1"},
				"east": {"uv": [6.25, 9.5, 6.5, 9.75], "texture": "#1"},
				"south": {"uv": [6, 3.25, 7, 3.5], "texture": "#1"},
				"west": {"uv": [9.5, 6.25, 9.75, 6.5], "texture": "#1"},
				"up": {"uv": [7, 3.75, 6, 3.5], "texture": "#1"},
				"down": {"uv": [7, 3.75, 6, 4], "texture": "#1"}
			}
		},
		{
			"from": [5, 9, 12],
			"to": [6, 10, 13],
			"rotation": {"angle": 0, "axis": "y", "origin": [4, 9, 11]},
			"faces": {
				"north": {"uv": [6.5, 9.5, 6.75, 9.75], "texture": "#1"},
				"east": {"uv": [9.5, 6.5, 9.75, 6.75], "texture": "#1"},
				"south": {"uv": [6.75, 9.5, 7, 9.75], "texture": "#1"},
				"west": {"uv": [9.5, 6.75, 9.75, 7], "texture": "#1"},
				"up": {"uv": [7.25, 9.75, 7, 9.5], "texture": "#1"},
				"down": {"uv": [9.75, 7, 9.5, 7.25], "texture": "#1"}
			}
		},
		{
			"from": [5, 9, 5],
			"to": [6, 10, 6],
			"rotation": {"angle": 0, "axis": "y", "origin": [5, 9, 5]},
			"faces": {
				"north": {"uv": [7.25, 9.5, 7.5, 9.75], "texture": "#1"},
				"east": {"uv": [9.5, 7.25, 9.75, 7.5], "texture": "#1"},
				"south": {"uv": [7.5, 9.5, 7.75, 9.75], "texture": "#1"},
				"west": {"uv": [9.5, 7.5, 9.75, 7.75], "texture": "#1"},
				"up": {"uv": [8, 9.75, 7.75, 9.5], "texture": "#1"},
				"down": {"uv": [9.75, 7.75, 9.5, 8], "texture": "#1"}
			}
		},
		{
			"from": [10, 9, 5],
			"to": [11, 10, 6],
			"rotation": {"angle": 0, "axis": "y", "origin": [10, 9, 5]},
			"faces": {
				"north": {"uv": [8, 9.5, 8.25, 9.75], "texture": "#1"},
				"east": {"uv": [9.5, 8, 9.75, 8.25], "texture": "#1"},
				"south": {"uv": [8.25, 9.5, 8.5, 9.75], "texture": "#1"},
				"west": {"uv": [9.5, 8.25, 9.75, 8.5], "texture": "#1"},
				"up": {"uv": [8.75, 9.75, 8.5, 9.5], "texture": "#1"},
				"down": {"uv": [9.75, 8.5, 9.5, 8.75], "texture": "#1"}
			}
		},
		{
			"from": [10, 9, 12],
			"to": [11, 10, 13],
			"rotation": {"angle": 0, "axis": "y", "origin": [10, 9, 12]},
			"faces": {
				"north": {"uv": [8.75, 9.5, 9, 9.75], "texture": "#1"},
				"east": {"uv": [9.5, 8.75, 9.75, 9], "texture": "#1"},
				"south": {"uv": [9, 9.5, 9.25, 9.75], "texture": "#1"},
				"west": {"uv": [9.5, 9, 9.75, 9.25], "texture": "#1"},
				"up": {"uv": [9.5, 9.75, 9.25, 9.5], "texture": "#1"},
				"down": {"uv": [9.75, 9.25, 9.5, 9.5], "texture": "#1"}
			}
		},
		{
			"from": [12, 9, 7],
			"to": [13, 10, 11],
			"rotation": {"angle": 0, "axis": "y", "origin": [12, 9, 7]},
			"faces": {
				"north": {"uv": [9.5, 9.5, 9.75, 9.75], "texture": "#1"},
				"east": {"uv": [6, 4, 7, 4.25], "texture": "#1"},
				"south": {"uv": [0, 9.75, 0.25, 10], "texture": "#1"},
				"west": {"uv": [4.25, 6, 5.25, 6.25], "texture": "#1"},
				"up": {"uv": [1.75, 7, 1.5, 6], "texture": "#1"},
				"down": {"uv": [2, 6, 1.75, 7], "texture": "#1"}
			}
		},
		{
			"from": [3, 9, 7],
			"to": [4, 10, 11],
			"rotation": {"angle": 0, "axis": "y", "origin": [3, 9, 7]},
			"faces": {
				"north": {"uv": [9.75, 0, 10, 0.25], "texture": "#1"},
				"east": {"uv": [6, 4.5, 7, 4.75], "texture": "#1"},
				"south": {"uv": [0.25, 9.75, 0.5, 10], "texture": "#1"},
				"west": {"uv": [5.25, 6, 6.25, 6.25], "texture": "#1"},
				"up": {"uv": [0.25, 7.25, 0, 6.25], "texture": "#1"},
				"down": {"uv": [0.5, 6.25, 0.25, 7.25], "texture": "#1"}
			}
		},
		{
			"from": [4, 9, 6],
			"to": [5, 10, 7],
			"rotation": {"angle": 0, "axis": "y", "origin": [4, 9, 6]},
			"faces": {
				"north": {"uv": [9.75, 0.25, 10, 0.5], "texture": "#1"},
				"east": {"uv": [0.5, 9.75, 0.75, 10], "texture": "#1"},
				"south": {"uv": [9.75, 0.5, 10, 0.75], "texture": "#1"},
				"west": {"uv": [0.75, 9.75, 1, 10], "texture": "#1"},
				"up": {"uv": [10, 1, 9.75, 0.75], "texture": "#1"},
				"down": {"uv": [1.25, 9.75, 1, 10], "texture": "#1"}
			}
		},
		{
			"from": [4, 9, 11],
			"to": [5, 10, 12],
			"rotation": {"angle": 0, "axis": "y", "origin": [5, 9, 10]},
			"faces": {
				"north": {"uv": [9.75, 1, 10, 1.25], "texture": "#1"},
				"east": {"uv": [1.25, 9.75, 1.5, 10], "texture": "#1"},
				"south": {"uv": [9.75, 1.25, 10, 1.5], "texture": "#1"},
				"west": {"uv": [1.5, 9.75, 1.75, 10], "texture": "#1"},
				"up": {"uv": [10, 1.75, 9.75, 1.5], "texture": "#1"},
				"down": {"uv": [2, 9.75, 1.75, 10], "texture": "#1"}
			}
		},
		{
			"from": [11, 9, 11],
			"to": [12, 10, 12],
			"rotation": {"angle": 0, "axis": "y", "origin": [11, 9, 11]},
			"faces": {
				"north": {"uv": [9.75, 1.75, 10, 2], "texture": "#1"},
				"east": {"uv": [2, 9.75, 2.25, 10], "texture": "#1"},
				"south": {"uv": [9.75, 2, 10, 2.25], "texture": "#1"},
				"west": {"uv": [2.25, 9.75, 2.5, 10], "texture": "#1"},
				"up": {"uv": [10, 2.5, 9.75, 2.25], "texture": "#1"},
				"down": {"uv": [2.75, 9.75, 2.5, 10], "texture": "#1"}
			}
		},
		{
			"from": [11, 9, 6],
			"to": [12, 10, 7],
			"rotation": {"angle": 0, "axis": "y", "origin": [11, 9, 6]},
			"faces": {
				"north": {"uv": [9.75, 2.5, 10, 2.75], "texture": "#1"},
				"east": {"uv": [2.75, 9.75, 3, 10], "texture": "#1"},
				"south": {"uv": [9.75, 2.75, 10, 3], "texture": "#1"},
				"west": {"uv": [3, 9.75, 3.25, 10], "texture": "#1"},
				"up": {"uv": [10, 3.25, 9.75, 3], "texture": "#1"},
				"down": {"uv": [3.5, 9.75, 3.25, 10], "texture": "#1"}
			}
		},
		{
			"from": [6, 10, 5],
			"to": [10, 11, 7],
			"rotation": {"angle": 0, "axis": "y", "origin": [6, 10, 5]},
			"faces": {
				"north": {"uv": [6, 5.25, 7, 5.5], "texture": "#1"},
				"east": {"uv": [8.5, 2.75, 9, 3], "texture": "#1"},
				"south": {"uv": [6.25, 0, 7.25, 0.25], "texture": "#1"},
				"west": {"uv": [3.5, 8.5, 4, 8.75], "texture": "#1"},
				"up": {"uv": [3, 0.5, 2, 0], "texture": "#1"},
				"down": {"uv": [3, 0.5, 2, 1], "texture": "#1"}
			}
		},
		{
			"from": [6, 10, 11],
			"to": [10, 11, 13],
			"rotation": {"angle": 0, "axis": "y", "origin": [6, 10, 11]},
			"faces": {
				"north": {"uv": [6.25, 0.25, 7.25, 0.5], "texture": "#1"},
				"east": {"uv": [4, 8.5, 4.5, 8.75], "texture": "#1"},
				"south": {"uv": [0.5, 6.25, 1.5, 6.5], "texture": "#1"},
				"west": {"uv": [8.5, 4.25, 9, 4.5], "texture": "#1"},
				"up": {"uv": [3, 1.5, 2, 1], "texture": "#1"},
				"down": {"uv": [3, 1.5, 2, 2], "texture": "#1"}
			}
		},
		{
			"from": [5, 10, 10],
			"to": [7, 11, 12],
			"rotation": {"angle": 0, "axis": "y", "origin": [5, 10, 10]},
			"faces": {
				"north": {"uv": [8.5, 4.75, 9, 5], "texture": "#1"},
				"east": {"uv": [8.5, 5, 9, 5.25], "texture": "#1"},
				"south": {"uv": [5.25, 8.5, 5.75, 8.75], "texture": "#1"},
				"west": {"uv": [8.5, 5.5, 9, 5.75], "texture": "#1"},
				"up": {"uv": [6.75, 2, 6.25, 1.5], "texture": "#1"},
				"down": {"uv": [2.75, 6.25, 2.25, 6.75], "texture": "#1"}
			}
		},
		{
			"from": [5, 10, 6],
			"to": [7, 11, 8],
			"rotation": {"angle": 0, "axis": "y", "origin": [5, 10, 6]},
			"faces": {
				"north": {"uv": [8.5, 5.75, 9, 6], "texture": "#1"},
				"east": {"uv": [8.5, 6, 9, 6.25], "texture": "#1"},
				"south": {"uv": [8.5, 6.25, 9, 6.5], "texture": "#1"},
				"west": {"uv": [6.5, 8.5, 7, 8.75], "texture": "#1"},
				"up": {"uv": [3.25, 6.75, 2.75, 6.25], "texture": "#1"},
				"down": {"uv": [4.75, 6.25, 4.25, 6.75], "texture": "#1"}
			}
		},
		{
			"from": [9, 10, 6],
			"to": [11, 11, 8],
			"rotation": {"angle": 0, "axis": "y", "origin": [9, 10, 6]},
			"faces": {
				"north": {"uv": [8.5, 6.75, 9, 7], "texture": "#1"},
				"east": {"uv": [7, 8.5, 7.5, 8.75], "texture": "#1"},
				"south": {"uv": [8.5, 7, 9, 7.25], "texture": "#1"},
				"west": {"uv": [8.5, 7.5, 9, 7.75], "texture": "#1"},
				"up": {"uv": [5.25, 6.75, 4.75, 6.25], "texture": "#1"},
				"down": {"uv": [5.75, 6.25, 5.25, 6.75], "texture": "#1"}
			}
		},
		{
			"from": [9, 10, 10],
			"to": [11, 11, 12],
			"rotation": {"angle": 0, "axis": "y", "origin": [9, 10, 10]},
			"faces": {
				"north": {"uv": [8.5, 7.75, 9, 8], "texture": "#1"},
				"east": {"uv": [8, 8.5, 8.5, 8.75], "texture": "#1"},
				"south": {"uv": [8.5, 8.5, 9, 8.75], "texture": "#1"},
				"west": {"uv": [0, 8.75, 0.5, 9], "texture": "#1"},
				"up": {"uv": [6.25, 6.75, 5.75, 6.25], "texture": "#1"},
				"down": {"uv": [6.75, 5.75, 6.25, 6.25], "texture": "#1"}
			}
		},
		{
			"from": [10, 10, 7],
			"to": [12, 11, 11],
			"rotation": {"angle": 0, "axis": "y", "origin": [10, 10, 7]},
			"faces": {
				"north": {"uv": [8.75, 0, 9.25, 0.25], "texture": "#1"},
				"east": {"uv": [6.25, 6.25, 7.25, 6.5], "texture": "#1"},
				"south": {"uv": [0.5, 8.75, 1, 9], "texture": "#1"},
				"west": {"uv": [0.5, 6.5, 1.5, 6.75], "texture": "#1"},
				"up": {"uv": [2.5, 3, 2, 2], "texture": "#1"},
				"down": {"uv": [0.5, 2.5, 0, 3.5], "texture": "#1"}
			}
		},
		{
			"from": [4, 10, 7],
			"to": [6, 11, 11],
			"rotation": {"angle": 0, "axis": "y", "origin": [4, 10, 7]},
			"faces": {
				"north": {"uv": [8.75, 0.75, 9.25, 1], "texture": "#1"},
				"east": {"uv": [6.5, 0.5, 7.5, 0.75], "texture": "#1"},
				"south": {"uv": [1, 8.75, 1.5, 9], "texture": "#1"},
				"west": {"uv": [6.5, 0.75, 7.5, 1], "texture": "#1"},
				"up": {"uv": [1, 3.5, 0.5, 2.5], "texture": "#1"},
				"down": {"uv": [1.5, 2.5, 1, 3.5], "texture": "#1"}
			}
		},
		{
			"from": [7, 11, 7],
			"to": [9, 12, 11],
			"rotation": {"angle": 0, "axis": "y", "origin": [6, 11, 6]},
			"faces": {
				"north": {"uv": [1.5, 8.75, 2, 9], "texture": "#1"},
				"east": {"uv": [6.5, 1, 7.5, 1.25], "texture": "#1"},
				"south": {"uv": [8.75, 1.5, 9.25, 1.75], "texture": "#1"},
				"west": {"uv": [6.5, 1.25, 7.5, 1.5], "texture": "#1"},
				"up": {"uv": [2, 3.5, 1.5, 2.5], "texture": "#1"},
				"down": {"uv": [3, 2, 2.5, 3], "texture": "#1"}
			}
		},
		{
			"from": [9, 11, 8],
			"to": [10, 12, 10],
			"rotation": {"angle": 0, "axis": "y", "origin": [8, 11, 7]},
			"faces": {
				"north": {"uv": [9.75, 3.25, 10, 3.5], "texture": "#1"},
				"east": {"uv": [8.75, 1.75, 9.25, 2], "texture": "#1"},
				"south": {"uv": [3.5, 9.75, 3.75, 10], "texture": "#1"},
				"west": {"uv": [8.75, 2.25, 9.25, 2.5], "texture": "#1"},
				"up": {"uv": [4.75, 9, 4.5, 8.5], "texture": "#1"},
				"down": {"uv": [6, 8.5, 5.75, 9], "texture": "#1"}
			}
		},
		{
			"from": [6, 11, 8],
			"to": [7, 12, 10],
			"rotation": {"angle": 0, "axis": "y", "origin": [5, 11, 7]},
			"faces": {
				"north": {"uv": [9.75, 3.5, 10, 3.75], "texture": "#1"},
				"east": {"uv": [2.5, 8.75, 3, 9], "texture": "#1"},
				"south": {"uv": [3.75, 9.75, 4, 10], "texture": "#1"},
				"west": {"uv": [8.75, 2.5, 9.25, 2.75], "texture": "#1"},
				"up": {"uv": [2.25, 9.25, 2, 8.75], "texture": "#1"},
				"down": {"uv": [9, 3, 8.75, 3.5], "texture": "#1"}
			}
		},
		{
			"from": [6, 2, 8],
			"to": [11, 3, 11],
			"rotation": {"angle": 0, "axis": "y", "origin": [6, 2, 8]},
			"faces": {
				"north": {"uv": [1.5, 4.5, 4, 5], "texture": "#0"},
				"east": {"uv": [4.5, 4, 6, 4.5], "texture": "#0"},
				"south": {"uv": [4.5, 3, 7, 3.5], "texture": "#0"},
				"west": {"uv": [5, 0, 6.5, 0.5], "texture": "#0"},
				"up": {"uv": [2.5, 1.5, 0, 0], "texture": "#0"},
				"down": {"uv": [2.5, 1.5, 0, 3], "texture": "#0"}
			}
		},
		{
			"from": [7, 2, 7],
			"to": [10, 3, 8],
			"rotation": {"angle": 0, "axis": "y", "origin": [7, 2, 7]},
			"faces": {
				"north": {"uv": [5, 0.5, 6.5, 1], "texture": "#0"},
				"east": {"uv": [3.5, 7.5, 4, 8], "texture": "#0"},
				"south": {"uv": [5, 1, 6.5, 1.5], "texture": "#0"},
				"west": {"uv": [4, 7.5, 4.5, 8], "texture": "#0"},
				"up": {"uv": [3, 5.5, 1.5, 5], "texture": "#0"},
				"down": {"uv": [6.5, 1.5, 5, 2], "texture": "#0"}
			}
		},
		{
			"from": [7, 2, 11],
			"to": [10, 3, 12],
			"rotation": {"angle": 0, "axis": "y", "origin": [7, 2, 11]},
			"faces": {
				"north": {"uv": [5, 2, 6.5, 2.5], "texture": "#0"},
				"east": {"uv": [7.5, 4, 8, 4.5], "texture": "#0"},
				"south": {"uv": [5, 2.5, 6.5, 3], "texture": "#0"},
				"west": {"uv": [4.5, 7.5, 5, 8], "texture": "#0"},
				"up": {"uv": [4.5, 5.5, 3, 5], "texture": "#0"},
				"down": {"uv": [6, 5, 4.5, 5.5], "texture": "#0"}
			}
		},
		{
			"from": [7, 3, 8],
			"to": [10, 4, 11],
			"rotation": {"angle": 0, "axis": "y", "origin": [7, 3, 8]},
			"faces": {
				"north": {"uv": [1.5, 5.5, 3, 6], "texture": "#0"},
				"east": {"uv": [3, 5.5, 4.5, 6], "texture": "#0"},
				"south": {"uv": [4.5, 5.5, 6, 6], "texture": "#0"},
				"west": {"uv": [0, 6, 1.5, 6.5], "texture": "#0"},
				"up": {"uv": [1.5, 4.5, 0, 3], "texture": "#0"},
				"down": {"uv": [3, 3, 1.5, 4.5], "texture": "#0"}
			}
		},
		{
			"from": [7, 4, 9],
			"to": [10, 5, 10],
			"rotation": {"angle": 0, "axis": "y", "origin": [7, 4, 9]},
			"faces": {
				"north": {"uv": [6, 4, 7.5, 4.5], "texture": "#0"},
				"east": {"uv": [7.5, 5.5, 8, 6], "texture": "#0"},
				"south": {"uv": [6, 5, 7.5, 5.5], "texture": "#0"},
				"west": {"uv": [6.5, 7.5, 7, 8], "texture": "#0"},
				"up": {"uv": [7, 6.5, 5.5, 6], "texture": "#0"},
				"down": {"uv": [7.5, 5.5, 6, 6], "texture": "#0"}
			}
		},
		{
			"from": [8, 4, 8],
			"to": [9, 5, 11],
			"rotation": {"angle": 0, "axis": "y", "origin": [8, 4, 8]},
			"faces": {
				"north": {"uv": [5, 7.5, 5.5, 8], "texture": "#0"},
				"east": {"uv": [1.5, 6, 3, 6.5], "texture": "#0"},
				"south": {"uv": [7.5, 5, 8, 5.5], "texture": "#0"},
				"west": {"uv": [3, 6, 4.5, 6.5], "texture": "#0"},
				"up": {"uv": [5, 7.5, 4.5, 6], "texture": "#0"},
				"down": {"uv": [5.5, 6, 5, 7.5], "texture": "#0"}
			}
		},
		{
			"from": [8, 5, 9],
			"to": [9, 7, 10],
			"rotation": {"angle": 0, "axis": "y", "origin": [8, 5, 9]},
			"faces": {
				"north": {"uv": [1.5, 7.5, 2, 8.5], "texture": "#0"},
				"east": {"uv": [2, 7.5, 2.5, 8.5], "texture": "#0"},
				"south": {"uv": [2.5, 7.5, 3, 8.5], "texture": "#0"},
				"west": {"uv": [3, 7.5, 3.5, 8.5], "texture": "#0"},
				"up": {"uv": [7.5, 8, 7, 7.5], "texture": "#0"},
				"down": {"uv": [8, 7.5, 7.5, 8], "texture": "#0"}
			}
		},
		{
			"from": [8, 6, 8],
			"to": [9, 7, 11],
			"rotation": {"angle": 0, "axis": "y", "origin": [8, 6, 8]},
			"faces": {
				"north": {"uv": [1, 8, 1.5, 8.5], "texture": "#0"},
				"east": {"uv": [7, 3, 8.5, 3.5], "texture": "#0"},
				"south": {"uv": [8, 1, 8.5, 1.5], "texture": "#0"},
				"west": {"uv": [7, 3.5, 8.5, 4], "texture": "#0"},
				"up": {"uv": [6, 8.5, 5.5, 7], "texture": "#0"},
				"down": {"uv": [6.5, 7, 6, 8.5], "texture": "#0"}
			}
		},
		{
			"from": [7, 6, 9],
			"to": [10, 7, 10],
			"rotation": {"angle": 0, "axis": "y", "origin": [7, 6, 9]},
			"faces": {
				"north": {"uv": [7, 6, 8.5, 6.5], "texture": "#0"},
				"east": {"uv": [8, 1.5, 8.5, 2], "texture": "#0"},
				"south": {"uv": [6.5, 7, 8, 7.5], "texture": "#0"},
				"west": {"uv": [8, 2, 8.5, 2.5], "texture": "#0"},
				"up": {"uv": [8.5, 7, 7, 6.5], "texture": "#0"},
				"down": {"uv": [1.5, 7.5, 0, 8], "texture": "#0"}
			}
		},
		{
			"from": [7, 7, 8],
			"to": [10, 8, 11],
			"rotation": {"angle": 0, "axis": "y", "origin": [7, 7, 8]},
			"faces": {
				"north": {"uv": [5.5, 6.5, 7, 7], "texture": "#0"},
				"east": {"uv": [0, 7, 1.5, 7.5], "texture": "#0"},
				"south": {"uv": [1.5, 7, 3, 7.5], "texture": "#0"},
				"west": {"uv": [3, 7, 4.5, 7.5], "texture": "#0"},
				"up": {"uv": [4.5, 4.5, 3, 3], "texture": "#0"},
				"down": {"uv": [1.5, 4.5, 0, 6], "texture": "#0"}
			}
		},
		{
			"from": [6, 8, 8],
			"to": [11, 9, 11],
			"rotation": {"angle": 0, "axis": "y", "origin": [6, 8, 8]},
			"faces": {
				"north": {"uv": [4.5, 3.5, 7, 4], "texture": "#0"},
				"east": {"uv": [0, 6.5, 1.5, 7], "texture": "#0"},
				"south": {"uv": [4, 4.5, 6.5, 5], "texture": "#0"},
				"west": {"uv": [6.5, 0, 8, 0.5], "texture": "#0"},
				"up": {"uv": [5, 1.5, 2.5, 0], "texture": "#0"},
				"down": {"uv": [5, 1.5, 2.5, 3], "texture": "#0"}
			}
		},
		{
			"from": [7, 8, 7],
			"to": [10, 9, 8],
			"rotation": {"angle": 0, "axis": "y", "origin": [7, 8, 7]},
			"faces": {
				"north": {"uv": [6.5, 0.5, 8, 1], "texture": "#0"},
				"east": {"uv": [0, 8, 0.5, 8.5], "texture": "#0"},
				"south": {"uv": [6.5, 1, 8, 1.5], "texture": "#0"},
				"west": {"uv": [8, 0, 8.5, 0.5], "texture": "#0"},
				"up": {"uv": [3, 7, 1.5, 6.5], "texture": "#0"},
				"down": {"uv": [8, 1.5, 6.5, 2], "texture": "#0"}
			}
		},
		{
			"from": [7, 8, 11],
			"to": [10, 9, 12],
			"rotation": {"angle": 0, "axis": "y", "origin": [7, 8, 11]},
			"faces": {
				"north": {"uv": [6.5, 2, 8, 2.5], "texture": "#0"},
				"east": {"uv": [0.5, 8, 1, 8.5], "texture": "#0"},
				"south": {"uv": [6.5, 2.5, 8, 3], "texture": "#0"},
				"west": {"uv": [8, 0.5, 8.5, 1], "texture": "#0"},
				"up": {"uv": [4.5, 7, 3, 6.5], "texture": "#0"},
				"down": {"uv": [8, 4.5, 6.5, 5], "texture": "#0"}
			}
		}
	],
	"display": {
		"thirdperson_righthand": {
			"rotation": [40.5, 0, 0],
			"translation": [0, 5.25, 2.25],
			"scale": [0.74219, 0.74219, 0.74219]
		},
		"thirdperson_lefthand": {
			"rotation": [40.5, 0, 0],
			"translation": [0, 5.25, 2.25],
			"scale": [0.74219, 0.74219, 0.74219]
		},
		"firstperson_righthand": {
			"rotation": [0, -49.25, 0],
			"translation": [0.25, 7, 1],
			"scale": [0.78516, 0.88477, 0.82031]
		},
		"firstperson_lefthand": {
			"rotation": [0, -49.25, 0],
			"translation": [0.25, 7, 1],
			"scale": [0.78516, 0.88477, 0.82031]
		},
		"ground": {
			"translation": [0, 2.5, 0]
		},
		"gui": {
			"rotation": [0, 62.75, 0],
			"translation": [-1.25, 1.75, 0]
		},
		"head": {
			"translation": [0, 12.75, -1]
		},
		"fixed": {
			"rotation": [-90, 0, 0],
			"translation": [-0.5, -2.25, -14.5],
			"scale": [1.85742, 1.85742, 1.85742]
		}
	},
	"groups": [
		{
			"name": "sphere layers",
			"origin": [8, 8, 8],
			"color": 0,
			"children": [
				{
					"name": "1",
					"origin": [8, 8, 8],
					"color": 2,
					"children": [0, 1, 2]
				},
				{
					"name": "2",
					"origin": [8, 8, 8],
					"color": 4,
					"children": [3, 4, 5, 6, 7, 8, 9, 10]
				},
				{
					"name": "3",
					"origin": [8, 8, 8],
					"color": 1,
					"children": [11, 12, 13, 14, 15, 16, 17, 18, 19, 20, 21, 22]
				},
				{
					"name": "4",
					"origin": [8, 8, 8],
					"color": 0,
					"children": [23, 24, 25, 26, 27, 28, 29, 30]
				},
				{
					"name": "5",
					"origin": [8, 8, 8],
					"color": 8,
					"children": [31, 32, 33, 34, 35, 36, 37, 38, 39, 40, 41, 42]
				},
				{
					"name": "6",
					"origin": [8, 8, 8],
					"color": 6,
					"children": [43, 44, 45, 46, 47, 48, 49, 50, 51, 52, 53, 54]
				},
				{
					"name": "7",
					"origin": [8, 8, 8],
					"color": 6,
					"children": [55, 56, 57, 58, 59, 60, 61, 62, 63, 64, 65, 66]
				},
				{
					"name": "8",
					"origin": [8, 8, 8],
					"color": 8,
					"children": [67, 68, 69, 70, 71, 72, 73, 74, 75, 76, 77, 78]
				},
				{
					"name": "9",
					"origin": [8, 8, 8],
					"color": 0,
					"children": [79, 80, 81, 82, 83, 84, 85, 86]
				},
				{
					"name": "10",
					"origin": [8, 8, 8],
					"color": 1,
					"children": [87, 88, 89, 90, 91, 92, 93, 94, 95, 96, 97, 98]
				},
				{
					"name": "11",
					"origin": [8, 8, 8],
					"color": 4,
					"children": [99, 100, 101, 102, 103, 104, 105, 106]
				},
				{
					"name": "12",
					"origin": [8, 8, 8],
					"color": 2,
					"children": [107, 108, 109]
				}
			]
		},
		{
			"name": "hour glass",
			"origin": [8, 8, 8],
			"color": 0,
			"children": [
				{
					"name": "1",
					"origin": [8, 8, 8],
					"color": 0,
					"children": [110, 111, 112]
				},
				{
					"name": "2",
					"origin": [8, 8, 8],
					"color": 0,
					"children": [113]
				},
				{
					"name": "3",
					"origin": [8, 8, 8],
					"color": 0,
					"children": [114, 115]
				},
				{
					"name": "4",
					"origin": [8, 8, 8],
					"color": 0,
					"children": [116]
				},
				{
					"name": "5",
					"origin": [8, 8, 8],
					"color": 0,
					"children": [117, 118]
				},
				{
					"name": "6",
					"origin": [8, 8, 8],
					"color": 0,
					"children": [119]
				},
				{
					"name": "7",
					"origin": [8, 8, 8],
					"color": 0,
					"children": [120, 121, 122]
				}
			]
		}
	]
}