{
	"credit": "Made with Blockbench",
	"texture_size": [32, 32],
	"textures": {
		"0": "custom:item/lynnt/magic_feather/magic_feather",
		"particle": "custom:item/lynnt/magic_feather/magic_feather"
	},
	"elements": [
		{
			"from": [10, 0, 7],
			"to": [12, 1, 8],
			"rotation": {"angle": 0, "axis": "y", "origin": [10, 0, 7]},
			"faces": {
				"north": {"uv": [7, 7, 8, 7.5], "texture": "#0"},
				"east": {"uv": [7, 7.5, 7.5, 8], "texture": "#0"},
				"south": {"uv": [0, 7.5, 1, 8], "texture": "#0"},
				"west": {"uv": [7.5, 7.5, 8, 8], "texture": "#0"},
				"up": {"uv": [8.5, 0.5, 7.5, 0], "texture": "#0"},
				"down": {"uv": [8.5, 0.5, 7.5, 1], "texture": "#0"}
			}
		},
		{
			"from": [8, 1, 7],
			"to": [15, 2, 8],
			"rotation": {"angle": 0, "axis": "y", "origin": [8, 1, 7]},
			"faces": {
				"north": {"uv": [0, 4, 3.5, 4.5], "texture": "#0"},
				"east": {"uv": [0, 8, 0.5, 8.5], "texture": "#0"},
				"south": {"uv": [4, 2, 7.5, 2.5], "texture": "#0"},
				"west": {"uv": [0.5, 8, 1, 8.5], "texture": "#0"},
				"up": {"uv": [7.5, 3, 4, 2.5], "texture": "#0"},
				"down": {"uv": [7.5, 3, 4, 3.5], "texture": "#0"}
			}
		},
		{
			"from": [7, 2, 7],
			"to": [13, 3, 8],
			"rotation": {"angle": 0, "axis": "y", "origin": [7, 2, 7]},
			"faces": {
				"north": {"uv": [3.5, 4, 6.5, 4.5], "texture": "#0"},
				"east": {"uv": [1, 8, 1.5, 8.5], "texture": "#0"},
				"south": {"uv": [4, 3.5, 7, 4], "texture": "#0"},
				"west": {"uv": [1.5, 8, 2, 8.5], "texture": "#0"},
				"up": {"uv": [3, 5, 0, 4.5], "texture": "#0"},
				"down": {"uv": [7.5, 0, 4.5, 0.5], "texture": "#0"}
			}
		},
		{
			"from": [5, 3, 7],
			"to": [14, 4, 8],
			"rotation": {"angle": 0, "axis": "y", "origin": [5, 3, 7]},
			"faces": {
				"north": {"uv": [0, 0, 4.5, 0.5], "texture": "#0"},
				"east": {"uv": [2, 8, 2.5, 8.5], "texture": "#0"},
				"south": {"uv": [0, 0.5, 4.5, 1], "texture": "#0"},
				"west": {"uv": [2.5, 8, 3, 8.5], "texture": "#0"},
				"up": {"uv": [4.5, 1.5, 0, 1], "texture": "#0"},
				"down": {"uv": [4.5, 1.5, 0, 2], "texture": "#0"}
			}
		},
		{
			"from": [6, 4, 7],
			"to": [12, 5, 8],
			"rotation": {"angle": 0, "axis": "y", "origin": [6, 4, 7]},
			"faces": {
				"north": {"uv": [4.5, 0.5, 7.5, 1], "texture": "#0"},
				"east": {"uv": [3, 8, 3.5, 8.5], "texture": "#0"},
				"south": {"uv": [4.5, 1, 7.5, 1.5], "texture": "#0"},
				"west": {"uv": [3.5, 8, 4, 8.5], "texture": "#0"},
				"up": {"uv": [7.5, 2, 4.5, 1.5], "texture": "#0"},
				"down": {"uv": [6, 4.5, 3, 5], "texture": "#0"}
			}
		},
		{
			"from": [4, 5, 7],
			"to": [12, 6, 8],
			"rotation": {"angle": 0, "axis": "y", "origin": [4, 5, 7]},
			"faces": {
				"north": {"uv": [0, 2, 4, 2.5], "texture": "#0"},
				"east": {"uv": [4, 8, 4.5, 8.5], "texture": "#0"},
				"south": {"uv": [0, 2.5, 4, 3], "texture": "#0"},
				"west": {"uv": [4.5, 8, 5, 8.5], "texture": "#0"},
				"up": {"uv": [4, 3.5, 0, 3], "texture": "#0"},
				"down": {"uv": [4, 3.5, 0, 4], "texture": "#0"}
			}
		},
		{
			"from": [10, 6, 7],
			"to": [11, 7, 8],
			"rotation": {"angle": 0, "axis": "y", "origin": [10, 6, 7]},
			"faces": {
				"north": {"uv": [5, 8, 5.5, 8.5], "texture": "#0"},
				"east": {"uv": [5.5, 8, 6, 8.5], "texture": "#0"},
				"south": {"uv": [6, 8, 6.5, 8.5], "texture": "#0"},
				"west": {"uv": [6.5, 8, 7, 8.5], "texture": "#0"},
				"up": {"uv": [7.5, 8.5, 7, 8], "texture": "#0"},
				"down": {"uv": [8.5, 7, 8, 7.5], "texture": "#0"}
			}
		},
		{
			"from": [3, 6, 7],
			"to": [9, 7, 8],
			"rotation": {"angle": 0, "axis": "y", "origin": [3, 6, 7]},
			"faces": {
				"north": {"uv": [0, 5, 3, 5.5], "texture": "#0"},
				"east": {"uv": [7.5, 8, 8, 8.5], "texture": "#0"},
				"south": {"uv": [3, 5, 6, 5.5], "texture": "#0"},
				"west": {"uv": [8, 7.5, 8.5, 8], "texture": "#0"},
				"up": {"uv": [3, 6, 0, 5.5], "texture": "#0"},
				"down": {"uv": [6, 5.5, 3, 6], "texture": "#0"}
			}
		},
		{
			"from": [4, 7, 7],
			"to": [9, 8, 8],
			"rotation": {"angle": 0, "axis": "y", "origin": [4, 7, 7]},
			"faces": {
				"north": {"uv": [0, 6, 2.5, 6.5], "texture": "#0"},
				"east": {"uv": [8, 8, 8.5, 8.5], "texture": "#0"},
				"south": {"uv": [2.5, 6, 5, 6.5], "texture": "#0"},
				"west": {"uv": [0, 8.5, 0.5, 9], "texture": "#0"},
				"up": {"uv": [8.5, 5, 6, 4.5], "texture": "#0"},
				"down": {"uv": [7.5, 6, 5, 6.5], "texture": "#0"}
			}
		},
		{
			"from": [3, 8, 7],
			"to": [7, 9, 8],
			"rotation": {"angle": 0, "axis": "y", "origin": [3, 8, 7]},
			"faces": {
				"north": {"uv": [6.5, 4, 8.5, 4.5], "texture": "#0"},
				"east": {"uv": [8.5, 0, 9, 0.5], "texture": "#0"},
				"south": {"uv": [5, 6.5, 7, 7], "texture": "#0"},
				"west": {"uv": [0.5, 8.5, 1, 9], "texture": "#0"},
				"up": {"uv": [2, 7.5, 0, 7], "texture": "#0"},
				"down": {"uv": [4, 7, 2, 7.5], "texture": "#0"}
			}
		},
		{
			"from": [2, 9, 7],
			"to": [7, 10, 8],
			"rotation": {"angle": 0, "axis": "y", "origin": [2, 9, 7]},
			"faces": {
				"north": {"uv": [6, 5, 8.5, 5.5], "texture": "#0"},
				"east": {"uv": [8.5, 0.5, 9, 1], "texture": "#0"},
				"south": {"uv": [6, 5.5, 8.5, 6], "texture": "#0"},
				"west": {"uv": [1, 8.5, 1.5, 9], "texture": "#0"},
				"up": {"uv": [2.5, 7, 0, 6.5], "texture": "#0"},
				"down": {"uv": [5, 6.5, 2.5, 7], "texture": "#0"}
			}
		},
		{
			"from": [3, 10, 7],
			"to": [6, 11, 8],
			"rotation": {"angle": 0, "axis": "y", "origin": [3, 10, 7]},
			"faces": {
				"north": {"uv": [7, 3.5, 8.5, 4], "texture": "#0"},
				"east": {"uv": [8.5, 1, 9, 1.5], "texture": "#0"},
				"south": {"uv": [4, 7, 5.5, 7.5], "texture": "#0"},
				"west": {"uv": [1.5, 8.5, 2, 9], "texture": "#0"},
				"up": {"uv": [7, 7.5, 5.5, 7], "texture": "#0"},
				"down": {"uv": [8.5, 6.5, 7, 7], "texture": "#0"}
			}
		},
		{
			"from": [3, 11, 7],
			"to": [5, 12, 8],
			"rotation": {"angle": 0, "axis": "y", "origin": [3, 11, 7]},
			"faces": {
				"north": {"uv": [1, 7.5, 2, 8], "texture": "#0"},
				"east": {"uv": [8.5, 1.5, 9, 2], "texture": "#0"},
				"south": {"uv": [7.5, 1, 8.5, 1.5], "texture": "#0"},
				"west": {"uv": [2, 8.5, 2.5, 9], "texture": "#0"},
				"up": {"uv": [8.5, 2, 7.5, 1.5], "texture": "#0"},
				"down": {"uv": [3, 7.5, 2, 8], "texture": "#0"}
			}
		},
		{
			"from": [4, 12, 7],
			"to": [5, 13, 8],
			"rotation": {"angle": 0, "axis": "y", "origin": [4, 12, 7]},
			"faces": {
				"north": {"uv": [8.5, 2, 9, 2.5], "texture": "#0"},
				"east": {"uv": [2.5, 8.5, 3, 9], "texture": "#0"},
				"south": {"uv": [8.5, 2.5, 9, 3], "texture": "#0"},
				"west": {"uv": [3, 8.5, 3.5, 9], "texture": "#0"},
				"up": {"uv": [9, 3.5, 8.5, 3], "texture": "#0"},
				"down": {"uv": [4, 8.5, 3.5, 9], "texture": "#0"}
			}
		},
		{
			"from": [1, 3, 7],
			"to": [3, 4, 8],
			"rotation": {"angle": 0, "axis": "y", "origin": [1, 3, 7]},
			"faces": {
				"north": {"uv": [7.5, 2, 8.5, 2.5], "texture": "#0"},
				"east": {"uv": [8.5, 3.5, 9, 4], "texture": "#0"},
				"south": {"uv": [7.5, 2.5, 8.5, 3], "texture": "#0"},
				"west": {"uv": [4, 8.5, 4.5, 9], "texture": "#0"},
				"up": {"uv": [4, 8, 3, 7.5], "texture": "#0"},
				"down": {"uv": [8.5, 3, 7.5, 3.5], "texture": "#0"}
			}
		},
		{
			"from": [1, 4, 7],
			"to": [2, 5, 8],
			"rotation": {"angle": 0, "axis": "y", "origin": [1, 4, 7]},
			"faces": {
				"north": {"uv": [8.5, 4, 9, 4.5], "texture": "#0"},
				"east": {"uv": [4.5, 8.5, 5, 9], "texture": "#0"},
				"south": {"uv": [8.5, 4.5, 9, 5], "texture": "#0"},
				"west": {"uv": [5, 8.5, 5.5, 9], "texture": "#0"},
				"up": {"uv": [9, 5.5, 8.5, 5], "texture": "#0"},
				"down": {"uv": [6, 8.5, 5.5, 9], "texture": "#0"}
			}
		},
		{
			"from": [0, 11, 7],
			"to": [1, 12, 8],
			"rotation": {"angle": 0, "axis": "y", "origin": [0, 11, 7]},
			"faces": {
				"north": {"uv": [8.5, 5.5, 9, 6], "texture": "#0"},
				"east": {"uv": [6, 8.5, 6.5, 9], "texture": "#0"},
				"south": {"uv": [8.5, 6, 9, 6.5], "texture": "#0"},
				"west": {"uv": [6.5, 8.5, 7, 9], "texture": "#0"},
				"up": {"uv": [9, 7, 8.5, 6.5], "texture": "#0"},
				"down": {"uv": [7.5, 8.5, 7, 9], "texture": "#0"}
			}
		},
		{
			"from": [13, 8, 7],
			"to": [14, 9, 8],
			"rotation": {"angle": 0, "axis": "y", "origin": [13, 8, 7]},
			"faces": {
				"north": {"uv": [8.5, 7, 9, 7.5], "texture": "#0"},
				"east": {"uv": [7.5, 8.5, 8, 9], "texture": "#0"},
				"south": {"uv": [8.5, 7.5, 9, 8], "texture": "#0"},
				"west": {"uv": [8, 8.5, 8.5, 9], "texture": "#0"},
				"up": {"uv": [9, 8.5, 8.5, 8], "texture": "#0"},
				"down": {"uv": [9, 8.5, 8.5, 9], "texture": "#0"}
			}
		},
		{
			"from": [13, 13, 7],
			"to": [14, 14, 8],
			"rotation": {"angle": 0, "axis": "y", "origin": [13, 13, 7]},
			"faces": {
				"north": {"uv": [0, 9, 0.5, 9.5], "texture": "#0"},
				"east": {"uv": [9, 0, 9.5, 0.5], "texture": "#0"},
				"south": {"uv": [0.5, 9, 1, 9.5], "texture": "#0"},
				"west": {"uv": [9, 0.5, 9.5, 1], "texture": "#0"},
				"up": {"uv": [1.5, 9.5, 1, 9], "texture": "#0"},
				"down": {"uv": [9.5, 1, 9, 1.5], "texture": "#0"}
			}
		},
		{
			"from": [12, 14, 7],
			"to": [13, 15, 8],
			"rotation": {"angle": 0, "axis": "y", "origin": [12, 14, 7]},
			"faces": {
				"north": {"uv": [1.5, 9, 2, 9.5], "texture": "#0"},
				"east": {"uv": [9, 1.5, 9.5, 2], "texture": "#0"},
				"south": {"uv": [2, 9, 2.5, 9.5], "texture": "#0"},
				"west": {"uv": [9, 2, 9.5, 2.5], "texture": "#0"},
				"up": {"uv": [3, 9.5, 2.5, 9], "texture": "#0"},
				"down": {"uv": [9.5, 2.5, 9, 3], "texture": "#0"}
			}
		},
		{
			"from": [9, 12, 7],
			"to": [10, 13, 8],
			"rotation": {"angle": 0, "axis": "y", "origin": [9, 12, 7]},
			"faces": {
				"north": {"uv": [3, 9, 3.5, 9.5], "texture": "#0"},
				"east": {"uv": [9, 3, 9.5, 3.5], "texture": "#0"},
				"south": {"uv": [3.5, 9, 4, 9.5], "texture": "#0"},
				"west": {"uv": [9, 3.5, 9.5, 4], "texture": "#0"},
				"up": {"uv": [4.5, 9.5, 4, 9], "texture": "#0"},
				"down": {"uv": [9.5, 4, 9, 4.5], "texture": "#0"}
			}
		},
		{
			"from": [2, 15, 7],
			"to": [4, 16, 8],
			"rotation": {"angle": 0, "axis": "y", "origin": [2, 15, 7]},
			"faces": {
				"north": {"uv": [4, 7.5, 5, 8], "texture": "#0"},
				"east": {"uv": [4.5, 9, 5, 9.5], "texture": "#0"},
				"south": {"uv": [5, 7.5, 6, 8], "texture": "#0"},
				"west": {"uv": [9, 4.5, 9.5, 5], "texture": "#0"},
				"up": {"uv": [7, 8, 6, 7.5], "texture": "#0"},
				"down": {"uv": [8.5, 6, 7.5, 6.5], "texture": "#0"}
			}
		},
		{
			"from": [4, 0, 7],
			"to": [5, 1, 8],
			"rotation": {"angle": 0, "axis": "y", "origin": [4, 0, 7]},
			"faces": {
				"north": {"uv": [5, 9, 5.5, 9.5], "texture": "#0"},
				"east": {"uv": [9, 5, 9.5, 5.5], "texture": "#0"},
				"south": {"uv": [5.5, 9, 6, 9.5], "texture": "#0"},
				"west": {"uv": [9, 5.5, 9.5, 6], "texture": "#0"},
				"up": {"uv": [6.5, 9.5, 6, 9], "texture": "#0"},
				"down": {"uv": [9.5, 6, 9, 6.5], "texture": "#0"}
			}
		}
	],
	"gui_light": "front",
	"display": {
		"thirdperson_righthand": {
			"rotation": [0, -180, 0],
			"translation": [1, 3, 0.25],
			"scale": [0.48047, 0.48047, 0.48047]
		},
		"thirdperson_lefthand": {
			"rotation": [0, -180, 0],
			"translation": [-0.75, 3, 0.25],
			"scale": [0.48047, 0.48047, 0.48047]
		},
		"firstperson_righthand": {
			"rotation": [139.73, 70.97, -159.68],
			"translation": [-0.25, 4, 0.5]
		},
		"firstperson_lefthand": {
			"rotation": [139.73, 70.97, -159.68],
			"translation": [-0.25, 4, 0.5]
		},
		"ground": {
			"translation": [0, 1.5, 2],
			"scale": [0.60742, 0.60742, 0.60742]
		},
		"gui": {
			"rotation": [180, 0, 180]
		},
		"head": {
			"translation": [0, 11.5, 0],
			"scale": [0.64648, 0.64648, 0.64648]
		},
		"fixed": {
			"rotation": [-90, 0, 0],
			"translation": [0, 0, -8]
		}
	},
	"groups": [
		{
			"name": "feather",
			"origin": [8, 8, 8],
			"color": 0,
			"children": [0, 1, 2, 3, 4, 5, 6, 7, 8, 9, 10, 11, 12, 13]
		},
		{
			"name": "fire",
			"origin": [1, 2, 7],
			"color": 0,
			"children": [14, 15, 16, 17, 18, 19, 20, 21, 22]
		}
	]
}