{
	"credit": "Made with Blockbench",
	"texture_size": [32, 32],
	"textures": {
		"0": "custom:item/lynnt/magic_cup/magic_cup",
		"particle": "custom:item/lynnt/magic_cup/magic_cup"
	},
	"elements": [
		{
			"from": [5, 0, 6],
			"to": [10, 1, 11],
			"rotation": {"angle": 0, "axis": "y", "origin": [5, 0, 6]},
			"faces": {
				"north": {"uv": [10, 4, 12.5, 4.5], "texture": "#0"},
				"east": {"uv": [10, 4.5, 12.5, 5], "texture": "#0"},
				"south": {"uv": [10, 5, 12.5, 5.5], "texture": "#0"},
				"west": {"uv": [10, 5.5, 12.5, 6], "texture": "#0"},
				"up": {"uv": [6, 2.5, 3.5, 0], "texture": "#0"},
				"down": {"uv": [6, 2.5, 3.5, 5], "texture": "#0"}
			}
		},
		{
			"from": [6, 0, 11],
			"to": [9, 1, 12],
			"rotation": {"angle": 0, "axis": "y", "origin": [6, 0, 11]},
			"faces": {
				"north": {"uv": [1.5, 8.5, 3, 9], "texture": "#0"},
				"east": {"uv": [3, 8.5, 3.5, 9], "texture": "#0"},
				"south": {"uv": [4, 10, 5.5, 10.5], "texture": "#0"},
				"west": {"uv": [13, 9, 13.5, 9.5], "texture": "#0"},
				"up": {"uv": [5.5, 11, 4, 10.5], "texture": "#0"},
				"down": {"uv": [1.5, 11, 0, 11.5], "texture": "#0"}
			}
		},
		{
			"from": [6, 0, 5],
			"to": [9, 1, 6],
			"rotation": {"angle": 0, "axis": "y", "origin": [6, 0, 5]},
			"faces": {
				"north": {"uv": [0, 11.5, 1.5, 12], "texture": "#0"},
				"east": {"uv": [10.5, 13, 11, 13.5], "texture": "#0"},
				"south": {"uv": [0, 12, 1.5, 12.5], "texture": "#0"},
				"west": {"uv": [11, 13, 11.5, 13.5], "texture": "#0"},
				"up": {"uv": [13.5, 1.5, 12, 1], "texture": "#0"},
				"down": {"uv": [13.5, 1.5, 12, 2], "texture": "#0"}
			}
		},
		{
			"from": [10, 0, 7],
			"to": [11, 1, 10],
			"rotation": {"angle": 0, "axis": "y", "origin": [10, 0, 7]},
			"faces": {
				"north": {"uv": [11.5, 13, 12, 13.5], "texture": "#0"},
				"east": {"uv": [12, 2, 13.5, 2.5], "texture": "#0"},
				"south": {"uv": [12, 13, 12.5, 13.5], "texture": "#0"},
				"west": {"uv": [2.5, 12, 4, 12.5], "texture": "#0"},
				"up": {"uv": [8, 11, 7.5, 9.5], "texture": "#0"},
				"down": {"uv": [8.5, 9.5, 8, 11], "texture": "#0"}
			}
		},
		{
			"from": [4, 0, 7],
			"to": [5, 1, 10],
			"rotation": {"angle": 0, "axis": "y", "origin": [4, 0, 7]},
			"faces": {
				"north": {"uv": [12.5, 13, 13, 13.5], "texture": "#0"},
				"east": {"uv": [4, 12, 5.5, 12.5], "texture": "#0"},
				"south": {"uv": [13, 13, 13.5, 13.5], "texture": "#0"},
				"west": {"uv": [12, 8.5, 13.5, 9], "texture": "#0"},
				"up": {"uv": [6, 11.5, 5.5, 10], "texture": "#0"},
				"down": {"uv": [8, 11, 7.5, 12.5], "texture": "#0"}
			}
		},
		{
			"from": [7, 3, 8],
			"to": [8, 6, 9],
			"rotation": {"angle": 0, "axis": "y", "origin": [7, 3, 8]},
			"faces": {
				"north": {"uv": [8, 11, 8.5, 12.5], "texture": "#0"},
				"east": {"uv": [5.5, 11.5, 6, 13], "texture": "#0"},
				"south": {"uv": [9.5, 12, 10, 13.5], "texture": "#0"},
				"west": {"uv": [10, 12, 10.5, 13.5], "texture": "#0"},
				"up": {"uv": [0.5, 14, 0, 13.5], "texture": "#0"},
				"down": {"uv": [1, 13.5, 0.5, 14], "texture": "#0"}
			}
		},
		{
			"from": [6, 1, 8],
			"to": [9, 3, 9],
			"rotation": {"angle": 0, "axis": "y", "origin": [6, 1, 8]},
			"faces": {
				"north": {"uv": [9.5, 9.5, 11, 10.5], "texture": "#0"},
				"east": {"uv": [5, 7.5, 5.5, 8.5], "texture": "#0"},
				"south": {"uv": [0, 10, 1.5, 11], "texture": "#0"},
				"west": {"uv": [5.5, 7.5, 6, 8.5], "texture": "#0"},
				"up": {"uv": [12, 12.5, 10.5, 12], "texture": "#0"},
				"down": {"uv": [13.5, 10.5, 12, 11], "texture": "#0"}
			}
		},
		{
			"from": [6, 1, 7],
			"to": [9, 2, 10],
			"rotation": {"angle": 0, "axis": "y", "origin": [6, 1, 7]},
			"faces": {
				"north": {"uv": [12, 11, 13.5, 11.5], "texture": "#0"},
				"east": {"uv": [12, 11.5, 13.5, 12], "texture": "#0"},
				"south": {"uv": [12, 12, 13.5, 12.5], "texture": "#0"},
				"west": {"uv": [0, 12.5, 1.5, 13], "texture": "#0"},
				"up": {"uv": [7.5, 8.5, 6, 7], "texture": "#0"},
				"down": {"uv": [5, 7.5, 3.5, 9], "texture": "#0"}
			}
		},
		{
			"from": [7, 1, 7],
			"to": [8, 3, 10],
			"rotation": {"angle": 0, "axis": "y", "origin": [7, 1, 7]},
			"faces": {
				"north": {"uv": [5, 11, 5.5, 12], "texture": "#0"},
				"east": {"uv": [2.5, 10, 4, 11], "texture": "#0"},
				"south": {"uv": [9, 12.5, 9.5, 13.5], "texture": "#0"},
				"west": {"uv": [10, 3, 11.5, 4], "texture": "#0"},
				"up": {"uv": [3, 14, 2.5, 12.5], "texture": "#0"},
				"down": {"uv": [3.5, 12.5, 3, 14], "texture": "#0"}
			}
		},
		{
			"from": [6, 6, 8],
			"to": [9, 7, 9],
			"rotation": {"angle": 0, "axis": "y", "origin": [6, 6, 8]},
			"faces": {
				"north": {"uv": [3.5, 12.5, 5, 13], "texture": "#0"},
				"east": {"uv": [1, 13.5, 1.5, 14], "texture": "#0"},
				"south": {"uv": [12.5, 4, 14, 4.5], "texture": "#0"},
				"west": {"uv": [13.5, 1, 14, 1.5], "texture": "#0"},
				"up": {"uv": [14, 5, 12.5, 4.5], "texture": "#0"},
				"down": {"uv": [14, 5, 12.5, 5.5], "texture": "#0"}
			}
		},
		{
			"from": [7, 6, 7],
			"to": [8, 7, 10],
			"rotation": {"angle": 0, "axis": "y", "origin": [7, 6, 7]},
			"faces": {
				"north": {"uv": [13.5, 1.5, 14, 2], "texture": "#0"},
				"east": {"uv": [12.5, 5.5, 14, 6], "texture": "#0"},
				"south": {"uv": [13.5, 2, 14, 2.5], "texture": "#0"},
				"west": {"uv": [12.5, 6, 14, 6.5], "texture": "#0"},
				"up": {"uv": [5.5, 14, 5, 12.5], "texture": "#0"},
				"down": {"uv": [13, 7, 12.5, 8.5], "texture": "#0"}
			}
		},
		{
			"from": [6, 7, 7],
			"to": [9, 8, 10],
			"rotation": {"angle": 0, "axis": "y", "origin": [6, 7, 7]},
			"faces": {
				"north": {"uv": [7.5, 12.5, 9, 13], "texture": "#0"},
				"east": {"uv": [10.5, 12.5, 12, 13], "texture": "#0"},
				"south": {"uv": [12, 12.5, 13.5, 13], "texture": "#0"},
				"west": {"uv": [0, 13, 1.5, 13.5], "texture": "#0"},
				"up": {"uv": [9, 8.5, 7.5, 7], "texture": "#0"},
				"down": {"uv": [1.5, 8.5, 0, 10], "texture": "#0"}
			}
		},
		{
			"from": [5, 8, 6],
			"to": [10, 9, 11],
			"rotation": {"angle": 0, "axis": "y", "origin": [5, 8, 6]},
			"faces": {
				"north": {"uv": [10, 6, 12.5, 6.5], "texture": "#0"},
				"east": {"uv": [9.5, 10.5, 12, 11], "texture": "#0"},
				"south": {"uv": [2.5, 11, 5, 11.5], "texture": "#0"},
				"west": {"uv": [9.5, 11, 12, 11.5], "texture": "#0"},
				"up": {"uv": [6, 7.5, 3.5, 5], "texture": "#0"},
				"down": {"uv": [8.5, 0, 6, 2.5], "texture": "#0"}
			}
		},
		{
			"from": [4, 9, 5],
			"to": [11, 12, 12],
			"rotation": {"angle": 0, "axis": "y", "origin": [4, 9, 5]},
			"faces": {
				"north": {"uv": [6, 2.5, 9.5, 4], "texture": "#0"},
				"east": {"uv": [6, 4, 9.5, 5.5], "texture": "#0"},
				"south": {"uv": [6, 5.5, 9.5, 7], "texture": "#0"},
				"west": {"uv": [0, 7, 3.5, 8.5], "texture": "#0"},
				"up": {"uv": [3.5, 3.5, 0, 0], "texture": "#0"},
				"down": {"uv": [3.5, 3.5, 0, 7], "texture": "#0"}
			}
		},
		{
			"from": [4, 13, 4],
			"to": [11, 14, 5],
			"rotation": {"angle": 0, "axis": "y", "origin": [4, 13, 4]},
			"faces": {
				"north": {"uv": [8.5, 0, 12, 0.5], "texture": "#0"},
				"east": {"uv": [5.5, 13.5, 6, 14], "texture": "#0"},
				"south": {"uv": [8.5, 0.5, 12, 1], "texture": "#0"},
				"west": {"uv": [6, 13.5, 6.5, 14], "texture": "#0"},
				"up": {"uv": [12, 1.5, 8.5, 1], "texture": "#0"},
				"down": {"uv": [12, 1.5, 8.5, 2], "texture": "#0"}
			}
		},
		{
			"from": [4, 13, 12],
			"to": [11, 14, 13],
			"rotation": {"angle": 0, "axis": "y", "origin": [4, 13, 12]},
			"faces": {
				"north": {"uv": [8.5, 2, 12, 2.5], "texture": "#0"},
				"east": {"uv": [13.5, 6.5, 14, 7], "texture": "#0"},
				"south": {"uv": [5, 8.5, 8.5, 9], "texture": "#0"},
				"west": {"uv": [13.5, 7, 14, 7.5], "texture": "#0"},
				"up": {"uv": [12, 9, 8.5, 8.5], "texture": "#0"},
				"down": {"uv": [5, 9, 1.5, 9.5], "texture": "#0"}
			}
		},
		{
			"from": [3, 13, 5],
			"to": [4, 14, 12],
			"rotation": {"angle": 0, "axis": "y", "origin": [3, 13, 5]},
			"faces": {
				"north": {"uv": [13.5, 7.5, 14, 8], "texture": "#0"},
				"east": {"uv": [5, 9, 8.5, 9.5], "texture": "#0"},
				"south": {"uv": [13.5, 8, 14, 8.5], "texture": "#0"},
				"west": {"uv": [9, 7, 12.5, 7.5], "texture": "#0"},
				"up": {"uv": [9, 12.5, 8.5, 9], "texture": "#0"},
				"down": {"uv": [9.5, 9, 9, 12.5], "texture": "#0"}
			}
		},
		{
			"from": [4, 12, 5],
			"to": [5, 13, 12],
			"rotation": {"angle": 0, "axis": "y", "origin": [4, 12, 5]},
			"faces": {
				"north": {"uv": [13.5, 8.5, 14, 9], "texture": "#0"},
				"east": {"uv": [9, 7.5, 12.5, 8], "texture": "#0"},
				"south": {"uv": [9, 13.5, 9.5, 14], "texture": "#0"},
				"west": {"uv": [9, 8, 12.5, 8.5], "texture": "#0"},
				"up": {"uv": [2, 13, 1.5, 9.5], "texture": "#0"},
				"down": {"uv": [2.5, 9.5, 2, 13], "texture": "#0"}
			}
		},
		{
			"from": [10, 12, 5],
			"to": [11, 13, 12],
			"rotation": {"angle": 0, "axis": "y", "origin": [10, 12, 5]},
			"faces": {
				"north": {"uv": [13.5, 9, 14, 9.5], "texture": "#0"},
				"east": {"uv": [2.5, 9.5, 6, 10], "texture": "#0"},
				"south": {"uv": [9.5, 13.5, 10, 14], "texture": "#0"},
				"west": {"uv": [9.5, 2.5, 13, 3], "texture": "#0"},
				"up": {"uv": [10, 6.5, 9.5, 3], "texture": "#0"},
				"down": {"uv": [6.5, 9.5, 6, 13], "texture": "#0"}
			}
		},
		{
			"from": [5, 12, 5],
			"to": [10, 13, 6],
			"rotation": {"angle": 0, "axis": "y", "origin": [5, 12, 5]},
			"faces": {
				"north": {"uv": [11, 9.5, 13.5, 10], "texture": "#0"},
				"east": {"uv": [13.5, 9.5, 14, 10], "texture": "#0"},
				"south": {"uv": [11, 10, 13.5, 10.5], "texture": "#0"},
				"west": {"uv": [10, 13.5, 10.5, 14], "texture": "#0"},
				"up": {"uv": [5, 12, 2.5, 11.5], "texture": "#0"},
				"down": {"uv": [14, 3, 11.5, 3.5], "texture": "#0"}
			}
		},
		{
			"from": [5, 12, 11],
			"to": [10, 13, 12],
			"rotation": {"angle": 0, "axis": "y", "origin": [5, 12, 11]},
			"faces": {
				"north": {"uv": [11.5, 3.5, 14, 4], "texture": "#0"},
				"east": {"uv": [13.5, 10, 14, 10.5], "texture": "#0"},
				"south": {"uv": [9.5, 11.5, 12, 12], "texture": "#0"},
				"west": {"uv": [10.5, 13.5, 11, 14], "texture": "#0"},
				"up": {"uv": [14.5, 0.5, 12, 0], "texture": "#0"},
				"down": {"uv": [14.5, 0.5, 12, 1], "texture": "#0"}
			}
		},
		{
			"from": [11, 13, 5],
			"to": [12, 14, 12],
			"rotation": {"angle": 0, "axis": "y", "origin": [11, 13, 5]},
			"faces": {
				"north": {"uv": [13.5, 10.5, 14, 11], "texture": "#0"},
				"east": {"uv": [9.5, 6.5, 13, 7], "texture": "#0"},
				"south": {"uv": [11, 13.5, 11.5, 14], "texture": "#0"},
				"west": {"uv": [9.5, 9, 13, 9.5], "texture": "#0"},
				"up": {"uv": [7, 13, 6.5, 9.5], "texture": "#0"},
				"down": {"uv": [7.5, 9.5, 7, 13], "texture": "#0"}
			}
		},
		{
			"from": [2, 18, 2],
			"to": [3, 19, 3],
			"rotation": {"angle": 0, "axis": "y", "origin": [2, 18, 2]},
			"faces": {
				"north": {"uv": [13.5, 11, 14, 11.5], "texture": "#0"},
				"east": {"uv": [11.5, 13.5, 12, 14], "texture": "#0"},
				"south": {"uv": [13.5, 11.5, 14, 12], "texture": "#0"},
				"west": {"uv": [12, 13.5, 12.5, 14], "texture": "#0"},
				"up": {"uv": [14, 12.5, 13.5, 12], "texture": "#0"},
				"down": {"uv": [13, 13.5, 12.5, 14], "texture": "#0"}
			}
		},
		{
			"from": [11, 14, 1],
			"to": [12, 15, 2],
			"rotation": {"angle": 0, "axis": "y", "origin": [11, 14, 1]},
			"faces": {
				"north": {"uv": [13.5, 12.5, 14, 13], "texture": "#0"},
				"east": {"uv": [13, 13.5, 13.5, 14], "texture": "#0"},
				"south": {"uv": [13.5, 13, 14, 13.5], "texture": "#0"},
				"west": {"uv": [13.5, 13.5, 14, 14], "texture": "#0"},
				"up": {"uv": [0.5, 14.5, 0, 14], "texture": "#0"},
				"down": {"uv": [1, 14, 0.5, 14.5], "texture": "#0"}
			}
		},
		{
			"from": [13, 18, 10],
			"to": [14, 19, 11],
			"rotation": {"angle": 0, "axis": "y", "origin": [13, 18, 10]},
			"faces": {
				"north": {"uv": [1, 14, 1.5, 14.5], "texture": "#0"},
				"east": {"uv": [14, 1, 14.5, 1.5], "texture": "#0"},
				"south": {"uv": [1.5, 14, 2, 14.5], "texture": "#0"},
				"west": {"uv": [14, 1.5, 14.5, 2], "texture": "#0"},
				"up": {"uv": [2.5, 14.5, 2, 14], "texture": "#0"},
				"down": {"uv": [14.5, 2, 14, 2.5], "texture": "#0"}
			}
		},
		{
			"from": [13, 11, 14],
			"to": [14, 12, 15],
			"rotation": {"angle": 0, "axis": "y", "origin": [13, 11, 14]},
			"faces": {
				"north": {"uv": [2.5, 14, 3, 14.5], "texture": "#0"},
				"east": {"uv": [14, 2.5, 14.5, 3], "texture": "#0"},
				"south": {"uv": [3, 14, 3.5, 14.5], "texture": "#0"},
				"west": {"uv": [14, 3, 14.5, 3.5], "texture": "#0"},
				"up": {"uv": [4, 14.5, 3.5, 14], "texture": "#0"},
				"down": {"uv": [14.5, 3.5, 14, 4], "texture": "#0"}
			}
		},
		{
			"from": [10, 22, 7],
			"to": [11, 23, 8],
			"rotation": {"angle": 0, "axis": "y", "origin": [10, 22, 7]},
			"faces": {
				"north": {"uv": [4, 14, 4.5, 14.5], "texture": "#0"},
				"east": {"uv": [14, 4, 14.5, 4.5], "texture": "#0"},
				"south": {"uv": [4.5, 14, 5, 14.5], "texture": "#0"},
				"west": {"uv": [14, 4.5, 14.5, 5], "texture": "#0"},
				"up": {"uv": [5.5, 14.5, 5, 14], "texture": "#0"},
				"down": {"uv": [14.5, 5, 14, 5.5], "texture": "#0"}
			}
		},
		{
			"from": [5, 21, 10],
			"to": [6, 22, 11],
			"rotation": {"angle": 0, "axis": "y", "origin": [5, 21, 10]},
			"faces": {
				"north": {"uv": [5.5, 14, 6, 14.5], "texture": "#0"},
				"east": {"uv": [14, 5.5, 14.5, 6], "texture": "#0"},
				"south": {"uv": [6, 14, 6.5, 14.5], "texture": "#0"},
				"west": {"uv": [14, 6, 14.5, 6.5], "texture": "#0"},
				"up": {"uv": [7, 14.5, 6.5, 14], "texture": "#0"},
				"down": {"uv": [14.5, 6.5, 14, 7], "texture": "#0"}
			}
		},
		{
			"from": [1, 13, 12],
			"to": [2, 14, 13],
			"rotation": {"angle": 0, "axis": "y", "origin": [1, 13, 12]},
			"faces": {
				"north": {"uv": [7, 14, 7.5, 14.5], "texture": "#0"},
				"east": {"uv": [14, 7, 14.5, 7.5], "texture": "#0"},
				"south": {"uv": [7.5, 14, 8, 14.5], "texture": "#0"},
				"west": {"uv": [14, 7.5, 14.5, 8], "texture": "#0"},
				"up": {"uv": [8.5, 14.5, 8, 14], "texture": "#0"},
				"down": {"uv": [14.5, 8, 14, 8.5], "texture": "#0"}
			}
		},
		{
			"from": [8, 12, 8],
			"to": [9, 13, 8],
			"rotation": {"angle": 0, "axis": "y", "origin": [8, 12, 8]},
			"faces": {
				"north": {"uv": [8.5, 14, 9, 14.5], "texture": "#0"},
				"east": {"uv": [0, 0, 0, 0.5], "texture": "#0"},
				"south": {"uv": [14, 8.5, 14.5, 9], "texture": "#0"},
				"west": {"uv": [0, 0, 0, 0.5], "texture": "#0"},
				"up": {"uv": [0.5, 0, 0, 0], "texture": "#0"},
				"down": {"uv": [0.5, 0, 0, 0], "texture": "#0"}
			}
		},
		{
			"from": [7, 12, 8],
			"to": [8, 14, 8],
			"rotation": {"angle": 0, "axis": "y", "origin": [7, 12, 8]},
			"faces": {
				"north": {"uv": [1.5, 13, 2, 14], "texture": "#0"},
				"east": {"uv": [0, 0, 0, 1], "texture": "#0"},
				"south": {"uv": [2, 13, 2.5, 14], "texture": "#0"},
				"west": {"uv": [0, 0, 0, 1], "texture": "#0"},
				"up": {"uv": [0.5, 0, 0, 0], "texture": "#0"},
				"down": {"uv": [0.5, 0, 0, 0], "texture": "#0"}
			}
		},
		{
			"from": [6, 14, 8],
			"to": [7, 15, 8],
			"rotation": {"angle": 0, "axis": "y", "origin": [6, 14, 8]},
			"faces": {
				"north": {"uv": [9, 14, 9.5, 14.5], "texture": "#0"},
				"east": {"uv": [0, 0, 0, 0.5], "texture": "#0"},
				"south": {"uv": [14, 9, 14.5, 9.5], "texture": "#0"},
				"west": {"uv": [0, 0, 0, 0.5], "texture": "#0"},
				"up": {"uv": [0.5, 0, 0, 0], "texture": "#0"},
				"down": {"uv": [0.5, 0, 0, 0], "texture": "#0"}
			}
		},
		{
			"from": [5, 15, 8],
			"to": [6, 16, 8],
			"rotation": {"angle": 0, "axis": "y", "origin": [5, 15, 8]},
			"faces": {
				"north": {"uv": [9.5, 14, 10, 14.5], "texture": "#0"},
				"east": {"uv": [0, 0, 0, 0.5], "texture": "#0"},
				"south": {"uv": [14, 9.5, 14.5, 10], "texture": "#0"},
				"west": {"uv": [0, 0, 0, 0.5], "texture": "#0"},
				"up": {"uv": [0.5, 0, 0, 0], "texture": "#0"},
				"down": {"uv": [0.5, 0, 0, 0], "texture": "#0"}
			}
		},
		{
			"from": [4, 16, 8],
			"to": [5, 18, 8],
			"rotation": {"angle": 0, "axis": "y", "origin": [4, 16, 8]},
			"faces": {
				"north": {"uv": [3.5, 13, 4, 14], "texture": "#0"},
				"east": {"uv": [0, 0, 0, 1], "texture": "#0"},
				"south": {"uv": [4, 13, 4.5, 14], "texture": "#0"},
				"west": {"uv": [0, 0, 0, 1], "texture": "#0"},
				"up": {"uv": [0.5, 0, 0, 0], "texture": "#0"},
				"down": {"uv": [0.5, 0, 0, 0], "texture": "#0"}
			}
		},
		{
			"from": [6, 19, 8],
			"to": [8, 20, 8],
			"rotation": {"angle": 0, "axis": "y", "origin": [6, 19, 8]},
			"faces": {
				"north": {"uv": [13, 2.5, 14, 3], "texture": "#0"},
				"east": {"uv": [0, 0, 0, 0.5], "texture": "#0"},
				"south": {"uv": [5.5, 13, 6.5, 13.5], "texture": "#0"},
				"west": {"uv": [0, 0, 0, 0.5], "texture": "#0"},
				"up": {"uv": [1, 0, 0, 0], "texture": "#0"},
				"down": {"uv": [1, 0, 0, 0], "texture": "#0"}
			}
		},
		{
			"from": [5, 18, 8],
			"to": [6, 19, 8],
			"rotation": {"angle": 0, "axis": "y", "origin": [5, 18, 8]},
			"faces": {
				"north": {"uv": [10, 14, 10.5, 14.5], "texture": "#0"},
				"east": {"uv": [0, 0, 0, 0.5], "texture": "#0"},
				"south": {"uv": [14, 10, 14.5, 10.5], "texture": "#0"},
				"west": {"uv": [0, 0, 0, 0.5], "texture": "#0"},
				"up": {"uv": [0.5, 0, 0, 0], "texture": "#0"},
				"down": {"uv": [0.5, 0, 0, 0], "texture": "#0"}
			}
		},
		{
			"from": [8, 19, 8],
			"to": [9, 20, 8],
			"rotation": {"angle": 0, "axis": "y", "origin": [8, 19, 8]},
			"faces": {
				"north": {"uv": [10.5, 14, 11, 14.5], "texture": "#0"},
				"east": {"uv": [0, 0, 0, 0.5], "texture": "#0"},
				"south": {"uv": [14, 10.5, 14.5, 11], "texture": "#0"},
				"west": {"uv": [0, 0, 0, 0.5], "texture": "#0"},
				"up": {"uv": [0.5, 0, 0, 0], "texture": "#0"},
				"down": {"uv": [0.5, 0, 0, 0], "texture": "#0"}
			}
		},
		{
			"from": [9, 17, 8],
			"to": [10, 19, 8],
			"rotation": {"angle": 0, "axis": "y", "origin": [9, 17, 8]},
			"faces": {
				"north": {"uv": [4.5, 13, 5, 14], "texture": "#0"},
				"east": {"uv": [0, 0, 0, 1], "texture": "#0"},
				"south": {"uv": [6.5, 13, 7, 14], "texture": "#0"},
				"west": {"uv": [0, 0, 0, 1], "texture": "#0"},
				"up": {"uv": [0.5, 0, 0, 0], "texture": "#0"},
				"down": {"uv": [0.5, 0, 0, 0], "texture": "#0"}
			}
		},
		{
			"from": [8, 16, 8],
			"to": [9, 17, 8],
			"rotation": {"angle": 0, "axis": "y", "origin": [8, 16, 8]},
			"faces": {
				"north": {"uv": [11, 14, 11.5, 14.5], "texture": "#0"},
				"east": {"uv": [0, 0, 0, 0.5], "texture": "#0"},
				"south": {"uv": [14, 11, 14.5, 11.5], "texture": "#0"},
				"west": {"uv": [0, 0, 0, 0.5], "texture": "#0"},
				"up": {"uv": [0.5, 0, 0, 0], "texture": "#0"},
				"down": {"uv": [0.5, 0, 0, 0], "texture": "#0"}
			}
		},
		{
			"from": [7, 17, 8],
			"to": [8, 18, 8],
			"rotation": {"angle": 0, "axis": "y", "origin": [7, 17, 8]},
			"faces": {
				"north": {"uv": [11.5, 14, 12, 14.5], "texture": "#0"},
				"east": {"uv": [0, 0, 0, 0.5], "texture": "#0"},
				"south": {"uv": [14, 11.5, 14.5, 12], "texture": "#0"},
				"west": {"uv": [0, 0, 0, 0.5], "texture": "#0"},
				"up": {"uv": [0.5, 0, 0, 0], "texture": "#0"},
				"down": {"uv": [0.5, 0, 0, 0], "texture": "#0"}
			}
		},
		{
			"from": [9, 13, 10],
			"to": [10, 14, 10],
			"rotation": {"angle": 0, "axis": "y", "origin": [9, 13, 10]},
			"faces": {
				"north": {"uv": [12, 14, 12.5, 14.5], "texture": "#0"},
				"east": {"uv": [0, 0, 0, 0.5], "texture": "#0"},
				"south": {"uv": [14, 12, 14.5, 12.5], "texture": "#0"},
				"west": {"uv": [0, 0, 0, 0.5], "texture": "#0"},
				"up": {"uv": [0.5, 0, 0, 0], "texture": "#0"},
				"down": {"uv": [0.5, 0, 0, 0], "texture": "#0"}
			}
		},
		{
			"from": [8, 12, 10],
			"to": [9, 13, 10],
			"rotation": {"angle": 0, "axis": "y", "origin": [8, 12, 10]},
			"faces": {
				"north": {"uv": [12.5, 14, 13, 14.5], "texture": "#0"},
				"east": {"uv": [0, 0, 0, 0.5], "texture": "#0"},
				"south": {"uv": [14, 12.5, 14.5, 13], "texture": "#0"},
				"west": {"uv": [0, 0, 0, 0.5], "texture": "#0"},
				"up": {"uv": [0.5, 0, 0, 0], "texture": "#0"},
				"down": {"uv": [0.5, 0, 0, 0], "texture": "#0"}
			}
		},
		{
			"from": [6, 12, 9],
			"to": [7, 14, 9],
			"rotation": {"angle": 0, "axis": "y", "origin": [6, 12, 9]},
			"faces": {
				"north": {"uv": [13, 6.5, 13.5, 7.5], "texture": "#0"},
				"east": {"uv": [0, 0, 0, 1], "texture": "#0"},
				"south": {"uv": [7, 13, 7.5, 14], "texture": "#0"},
				"west": {"uv": [0, 0, 0, 1], "texture": "#0"},
				"up": {"uv": [0.5, 0, 0, 0], "texture": "#0"},
				"down": {"uv": [0.5, 0, 0, 0], "texture": "#0"}
			}
		},
		{
			"from": [5, 14, 9],
			"to": [6, 15, 9],
			"rotation": {"angle": 0, "axis": "y", "origin": [5, 14, 9]},
			"faces": {
				"north": {"uv": [13, 14, 13.5, 14.5], "texture": "#0"},
				"east": {"uv": [0, 0, 0, 0.5], "texture": "#0"},
				"south": {"uv": [14, 13, 14.5, 13.5], "texture": "#0"},
				"west": {"uv": [0, 0, 0, 0.5], "texture": "#0"},
				"up": {"uv": [0.5, 0, 0, 0], "texture": "#0"},
				"down": {"uv": [0.5, 0, 0, 0], "texture": "#0"}
			}
		},
		{
			"from": [6, 15, 9],
			"to": [7, 16, 9],
			"rotation": {"angle": 0, "axis": "y", "origin": [6, 15, 9]},
			"faces": {
				"north": {"uv": [13.5, 14, 14, 14.5], "texture": "#0"},
				"east": {"uv": [0, 0, 0, 0.5], "texture": "#0"},
				"south": {"uv": [14, 13.5, 14.5, 14], "texture": "#0"},
				"west": {"uv": [0, 0, 0, 0.5], "texture": "#0"},
				"up": {"uv": [0.5, 0, 0, 0], "texture": "#0"},
				"down": {"uv": [0.5, 0, 0, 0], "texture": "#0"}
			}
		},
		{
			"from": [10, 14, 10],
			"to": [11, 16, 10],
			"rotation": {"angle": 0, "axis": "y", "origin": [10, 14, 10]},
			"faces": {
				"north": {"uv": [7.5, 13, 8, 14], "texture": "#0"},
				"east": {"uv": [0, 0, 0, 1], "texture": "#0"},
				"south": {"uv": [13, 7.5, 13.5, 8.5], "texture": "#0"},
				"west": {"uv": [0, 0, 0, 1], "texture": "#0"},
				"up": {"uv": [0.5, 0, 0, 0], "texture": "#0"},
				"down": {"uv": [0.5, 0, 0, 0], "texture": "#0"}
			}
		},
		{
			"from": [9, 16, 10],
			"to": [10, 17, 10],
			"rotation": {"angle": 0, "axis": "y", "origin": [9, 16, 10]},
			"faces": {
				"north": {"uv": [14, 14, 14.5, 14.5], "texture": "#0"},
				"east": {"uv": [0, 0, 0, 0.5], "texture": "#0"},
				"south": {"uv": [0, 14.5, 0.5, 15], "texture": "#0"},
				"west": {"uv": [0, 0, 0, 0.5], "texture": "#0"},
				"up": {"uv": [0.5, 0, 0, 0], "texture": "#0"},
				"down": {"uv": [0.5, 0, 0, 0], "texture": "#0"}
			}
		},
		{
			"from": [5, 12, 7],
			"to": [6, 14, 7],
			"rotation": {"angle": 0, "axis": "y", "origin": [5, 12, 7]},
			"faces": {
				"north": {"uv": [8, 13, 8.5, 14], "texture": "#0"},
				"east": {"uv": [0, 0, 0, 1], "texture": "#0"},
				"south": {"uv": [8.5, 13, 9, 14], "texture": "#0"},
				"west": {"uv": [0, 0, 0, 1], "texture": "#0"},
				"up": {"uv": [0.5, 0, 0, 0], "texture": "#0"},
				"down": {"uv": [0.5, 0, 0, 0], "texture": "#0"}
			}
		},
		{
			"from": [4, 14, 7],
			"to": [5, 15, 7],
			"rotation": {"angle": 0, "axis": "y", "origin": [4, 14, 7]},
			"faces": {
				"north": {"uv": [14.5, 0, 15, 0.5], "texture": "#0"},
				"east": {"uv": [0, 0, 0, 0.5], "texture": "#0"},
				"south": {"uv": [0.5, 14.5, 1, 15], "texture": "#0"},
				"west": {"uv": [0, 0, 0, 0.5], "texture": "#0"},
				"up": {"uv": [0.5, 0, 0, 0], "texture": "#0"},
				"down": {"uv": [0.5, 0, 0, 0], "texture": "#0"}
			}
		}
	],
	"gui_light": "front",
	"display": {
		"thirdperson_righthand": {
			"rotation": [40.75, 0, 0],
			"translation": [0.25, 0.5, 1],
			"scale": [0.59961, 0.59961, 0.59961]
		},
		"thirdperson_lefthand": {
			"rotation": [40.75, 0, 0],
			"translation": [0.25, 0.5, 1],
			"scale": [0.59961, 0.59961, 0.59961]
		},
		"firstperson_righthand": {
			"rotation": [0, -40.25, 0]
		},
		"firstperson_lefthand": {
			"rotation": [0, -40.25, 0]
		},
		"ground": {
			"scale": [0.74805, 0.74805, 0.74805]
		},
		"gui": {
			"rotation": [0, -22.75, 0]
		},
		"head": {
			"translation": [0.5, 5.25, -0.5]
		},
		"fixed": {
			"rotation": [-90, 0, 0],
			"translation": [0.25, -2.25, -11.75],
			"scale": [1.47852, 1.47852, 1.47852]
		}
	},
	"groups": [
		{
			"name": "cup",
			"origin": [8, 8, 8],
			"color": 0,
			"children": [0, 1, 2, 3, 4, 5, 6, 7, 8, 9, 10, 11, 12, 13, 14, 15, 16, 17, 18, 19, 20, 21]
		},
		{
			"name": "magic",
			"origin": [8, 8, 8],
			"color": 0,
			"children": [22, 23, 24, 25, 26, 27, 28]
		},
		{
			"name": "steam",
			"origin": [8, 8, 8],
			"color": 0,
			"children": [29, 30, 31, 32, 33, 34, 35, 36, 37, 38, 39, 40, 41, 42, 43, 44, 45, 46, 47, 48]
		}
	]
}