{
	"credit": "Made by SHO310",
	"texture_size": [32, 32],
	"textures": {
		"0": "custom:item/sho/bloody_crown/spikes",
		"1": "custom:item/sho/bloody_crown/crystal",
		"2": "custom:item/sho/bloody_crown/ring",
		"particle": "custom:item/sho/bloody_crown/spikes"
	},
	"elements": [
		{
			"from": [0, 0, 0],
			"to": [1, 2, 16],
			"faces": {
				"north": {"uv": [0.5, 8, 1, 9], "texture": "#2"},
				"east": {"uv": [0, 0, 8, 1], "texture": "#2"},
				"south": {"uv": [1, 8, 1.5, 9], "texture": "#2"},
				"west": {"uv": [0, 1, 8, 2], "texture": "#2"},
				"up": {"uv": [7.5, 12, 7, 4], "texture": "#2"},
				"down": {"uv": [8, 4, 7.5, 12], "texture": "#2"}
			}
		},
		{
			"from": [15, 0, 0],
			"to": [16, 2, 16],
			"rotation": {"angle": 0, "axis": "y", "origin": [14, 0, 0]},
			"faces": {
				"north": {"uv": [1.5, 8, 2, 9], "texture": "#2"},
				"east": {"uv": [0, 2, 8, 3], "texture": "#2"},
				"south": {"uv": [2, 8, 2.5, 9], "texture": "#2"},
				"west": {"uv": [0, 3, 8, 4], "texture": "#2"},
				"up": {"uv": [0.5, 16, 0, 8], "texture": "#2"},
				"down": {"uv": [8.5, 0, 8, 8], "texture": "#2"}
			}
		},
		{
			"from": [1, 0, 15],
			"to": [15, 2, 16],
			"rotation": {"angle": 0, "axis": "y", "origin": [2, 0, 16]},
			"faces": {
				"north": {"uv": [0, 4, 7, 5], "texture": "#2"},
				"east": {"uv": [2.5, 8, 3, 9], "texture": "#2"},
				"south": {"uv": [0, 5, 7, 6], "texture": "#2"},
				"west": {"uv": [3, 8, 3.5, 9], "texture": "#2"},
				"up": {"uv": [15, 8.5, 8, 8], "texture": "#2"},
				"down": {"uv": [15.5, 0, 8.5, 0.5], "texture": "#2"}
			}
		},
		{
			"from": [1, 0, 0],
			"to": [15, 2, 1],
			"rotation": {"angle": 0, "axis": "y", "origin": [2, 0, 2]},
			"faces": {
				"north": {"uv": [0, 6, 7, 7], "texture": "#2"},
				"east": {"uv": [3.5, 8, 4, 9], "texture": "#2"},
				"south": {"uv": [0, 7, 7, 8], "texture": "#2"},
				"west": {"uv": [4, 8, 4.5, 9], "texture": "#2"},
				"up": {"uv": [15.5, 1, 8.5, 0.5], "texture": "#2"},
				"down": {"uv": [15.5, 1, 8.5, 1.5], "texture": "#2"}
			}
		},
		{
			"from": [6.75, -1.25, -1],
			"to": [9.75, 1.75, 0],
			"rotation": {"angle": 45, "axis": "z", "origin": [7.25, 0.25, -2]},
			"faces": {
				"north": {"uv": [0, 0, 3, 3], "texture": "#1"},
				"east": {"uv": [0, 6, 1, 9], "texture": "#1"},
				"south": {"uv": [0, 3, 3, 6], "texture": "#1"},
				"west": {"uv": [6, 0, 7, 3], "texture": "#1"},
				"up": {"uv": [4, 7, 1, 6], "texture": "#1"},
				"down": {"uv": [9, 3, 6, 4], "texture": "#1"}
			}
		},
		{
			"from": [7, -1, -1.25],
			"to": [9.5, 1.5, -0.25],
			"rotation": {"angle": 45, "axis": "z", "origin": [7.25, 0.25, -2.25]},
			"faces": {
				"north": {"uv": [3, 0, 6, 3], "texture": "#1"},
				"east": {"uv": [4, 6, 5, 9], "texture": "#1"},
				"south": {"uv": [3, 3, 6, 6], "texture": "#1"},
				"west": {"uv": [6, 4, 7, 7], "texture": "#1"},
				"up": {"uv": [10, 1, 7, 0], "texture": "#1"},
				"down": {"uv": [4, 7, 1, 8], "texture": "#1"}
			}
		},
		{
			"from": [5, 2, 0],
			"to": [7, 4, 1],
			"rotation": {"angle": 0, "axis": "y", "origin": [5, 2, 0]},
			"faces": {
				"north": {"uv": [0, 0, 2, 2], "texture": "#0"},
				"east": {"uv": [9, 3, 10, 5], "texture": "#0"},
				"south": {"uv": [0, 2, 2, 4], "texture": "#0"},
				"west": {"uv": [4, 9, 5, 11], "texture": "#0"},
				"up": {"uv": [7, 10, 5, 9], "texture": "#0"},
				"down": {"uv": [11, 5, 9, 6], "texture": "#0"}
			}
		},
		{
			"from": [1, 4.5, 0],
			"to": [1.5, 7.5, 1],
			"rotation": {"angle": 0, "axis": "y", "origin": [1, 7, 0]},
			"faces": {
				"north": {"uv": [0, 4, 1, 7], "texture": "#0"},
				"east": {"uv": [4, 0, 5, 3], "texture": "#0"},
				"south": {"uv": [1, 4, 2, 7], "texture": "#0"},
				"west": {"uv": [2, 4, 3, 7], "texture": "#0"},
				"up": {"uv": [7, 13, 6, 12], "texture": "#0"},
				"down": {"uv": [13, 7, 12, 8], "texture": "#0"}
			}
		},
		{
			"from": [1, 3, 0],
			"to": [2, 4.5, 1],
			"rotation": {"angle": 0, "axis": "y", "origin": [1, 5, 0]},
			"faces": {
				"north": {"uv": [9, 6, 10, 8], "texture": "#0"},
				"east": {"uv": [7, 9, 8, 11], "texture": "#0"},
				"south": {"uv": [8, 9, 9, 11], "texture": "#0"},
				"west": {"uv": [9, 8, 10, 10], "texture": "#0"},
				"up": {"uv": [13, 9, 12, 8], "texture": "#0"},
				"down": {"uv": [13, 9, 12, 10], "texture": "#0"}
			}
		},
		{
			"from": [1, 2, 0],
			"to": [3, 3, 1],
			"rotation": {"angle": 0, "axis": "y", "origin": [1, 2, 0]},
			"faces": {
				"north": {"uv": [0, 10, 2, 11], "texture": "#0"},
				"east": {"uv": [12, 10, 13, 11], "texture": "#0"},
				"south": {"uv": [10, 0, 12, 1], "texture": "#0"},
				"west": {"uv": [11, 12, 12, 13], "texture": "#0"},
				"up": {"uv": [12, 2, 10, 1], "texture": "#0"},
				"down": {"uv": [4, 10, 2, 11], "texture": "#0"}
			}
		},
		{
			"from": [14.5, 4.5, 0],
			"to": [15, 7.5, 1],
			"rotation": {"angle": 0, "axis": "y", "origin": [15, 7, 1]},
			"faces": {
				"north": {"uv": [3, 4, 4, 7], "texture": "#0"},
				"east": {"uv": [4, 3, 5, 6], "texture": "#0"},
				"south": {"uv": [5, 0, 6, 3], "texture": "#0"},
				"west": {"uv": [5, 3, 6, 6], "texture": "#0"},
				"up": {"uv": [13, 12, 12, 11], "texture": "#0"},
				"down": {"uv": [13, 12, 12, 13], "texture": "#0"}
			}
		},
		{
			"from": [14, 3, 0],
			"to": [15, 4.5, 1],
			"rotation": {"angle": 0, "axis": "y", "origin": [15, 5, 1]},
			"faces": {
				"north": {"uv": [10, 2, 11, 4], "texture": "#0"},
				"east": {"uv": [5, 10, 6, 12], "texture": "#0"},
				"south": {"uv": [6, 10, 7, 12], "texture": "#0"},
				"west": {"uv": [10, 6, 11, 8], "texture": "#0"},
				"up": {"uv": [1, 14, 0, 13], "texture": "#0"},
				"down": {"uv": [2, 13, 1, 14], "texture": "#0"}
			}
		},
		{
			"from": [13, 2, 0],
			"to": [15, 3, 1],
			"rotation": {"angle": 0, "axis": "y", "origin": [15, 2, 1]},
			"faces": {
				"north": {"uv": [10, 4, 12, 5], "texture": "#0"},
				"east": {"uv": [2, 13, 3, 14], "texture": "#0"},
				"south": {"uv": [10, 8, 12, 9], "texture": "#0"},
				"west": {"uv": [13, 2, 14, 3], "texture": "#0"},
				"up": {"uv": [11, 11, 9, 10], "texture": "#0"},
				"down": {"uv": [12, 9, 10, 10], "texture": "#0"}
			}
		},
		{
			"from": [15, 3.75, 4.5],
			"to": [16, 5.25, 5],
			"rotation": {"angle": 0, "axis": "y", "origin": [15, 6.75, 5]},
			"faces": {
				"north": {"uv": [0, 11, 1, 13], "texture": "#0"},
				"east": {"uv": [1, 11, 2, 13], "texture": "#0"},
				"south": {"uv": [2, 11, 3, 13], "texture": "#0"},
				"west": {"uv": [11, 2, 12, 4], "texture": "#0"},
				"up": {"uv": [14, 4, 13, 3], "texture": "#0"},
				"down": {"uv": [14, 5, 13, 6], "texture": "#0"}
			}
		},
		{
			"from": [15, 2.75, 4],
			"to": [16, 3.75, 5],
			"rotation": {"angle": 0, "axis": "y", "origin": [15, 4.75, 5]},
			"faces": {
				"north": {"uv": [6, 13, 7, 14], "texture": "#0"},
				"east": {"uv": [7, 13, 8, 14], "texture": "#0"},
				"south": {"uv": [13, 7, 14, 8], "texture": "#0"},
				"west": {"uv": [8, 13, 9, 14], "texture": "#0"},
				"up": {"uv": [14, 9, 13, 8], "texture": "#0"},
				"down": {"uv": [10, 13, 9, 14], "texture": "#0"}
			}
		},
		{
			"from": [15, 2, 3],
			"to": [16, 2.75, 5],
			"rotation": {"angle": 0, "axis": "y", "origin": [15, 2, 5]},
			"faces": {
				"north": {"uv": [13, 9, 14, 10], "texture": "#0"},
				"east": {"uv": [3, 11, 5, 12], "texture": "#0"},
				"south": {"uv": [10, 13, 11, 14], "texture": "#0"},
				"west": {"uv": [11, 5, 13, 6], "texture": "#0"},
				"up": {"uv": [12, 8, 11, 6], "texture": "#0"},
				"down": {"uv": [8, 11, 7, 13], "texture": "#0"}
			}
		},
		{
			"from": [0, 3.75, 4.5],
			"to": [1, 5.25, 5],
			"rotation": {"angle": 0, "axis": "y", "origin": [0, 6.75, 5]},
			"faces": {
				"north": {"uv": [8, 11, 9, 13], "texture": "#0"},
				"east": {"uv": [9, 11, 10, 13], "texture": "#0"},
				"south": {"uv": [10, 11, 11, 13], "texture": "#0"},
				"west": {"uv": [11, 10, 12, 12], "texture": "#0"},
				"up": {"uv": [14, 11, 13, 10], "texture": "#0"},
				"down": {"uv": [12, 13, 11, 14], "texture": "#0"}
			}
		},
		{
			"from": [0, 2.75, 4],
			"to": [1, 3.75, 5],
			"rotation": {"angle": 0, "axis": "y", "origin": [0, 4.75, 5]},
			"faces": {
				"north": {"uv": [13, 11, 14, 12], "texture": "#0"},
				"east": {"uv": [12, 13, 13, 14], "texture": "#0"},
				"south": {"uv": [13, 12, 14, 13], "texture": "#0"},
				"west": {"uv": [13, 13, 14, 14], "texture": "#0"},
				"up": {"uv": [1, 15, 0, 14], "texture": "#0"},
				"down": {"uv": [15, 0, 14, 1], "texture": "#0"}
			}
		},
		{
			"from": [0, 2, 3],
			"to": [1, 2.75, 5],
			"rotation": {"angle": 0, "axis": "y", "origin": [0, 2, 5]},
			"faces": {
				"north": {"uv": [1, 14, 2, 15], "texture": "#0"},
				"east": {"uv": [12, 0, 14, 1], "texture": "#0"},
				"south": {"uv": [14, 1, 15, 2], "texture": "#0"},
				"west": {"uv": [12, 1, 14, 2], "texture": "#0"},
				"up": {"uv": [13, 4, 12, 2], "texture": "#0"},
				"down": {"uv": [4, 12, 3, 14], "texture": "#0"}
			}
		},
		{
			"from": [10.5, 6.5, 0],
			"to": [11, 9.5, 1],
			"rotation": {"angle": 0, "axis": "y", "origin": [11, 7, 1]},
			"faces": {
				"north": {"uv": [6, 0, 7, 3], "texture": "#0"},
				"east": {"uv": [6, 3, 7, 6], "texture": "#0"},
				"south": {"uv": [4, 6, 5, 9], "texture": "#0"},
				"west": {"uv": [5, 6, 6, 9], "texture": "#0"},
				"up": {"uv": [3, 15, 2, 14], "texture": "#0"},
				"down": {"uv": [15, 2, 14, 3], "texture": "#0"}
			}
		},
		{
			"from": [10, 4, 0],
			"to": [11, 6.5, 1],
			"rotation": {"angle": 0, "axis": "y", "origin": [11, 5, 1]},
			"faces": {
				"north": {"uv": [6, 6, 7, 9], "texture": "#0"},
				"east": {"uv": [0, 7, 1, 10], "texture": "#0"},
				"south": {"uv": [7, 0, 8, 3], "texture": "#0"},
				"west": {"uv": [1, 7, 2, 10], "texture": "#0"},
				"up": {"uv": [4, 15, 3, 14], "texture": "#0"},
				"down": {"uv": [15, 3, 14, 4], "texture": "#0"}
			}
		},
		{
			"from": [9, 2, 0],
			"to": [11, 4, 1],
			"rotation": {"angle": 0, "axis": "y", "origin": [11, 2, 1]},
			"faces": {
				"north": {"uv": [2, 0, 4, 2], "texture": "#0"},
				"east": {"uv": [4, 12, 5, 14], "texture": "#0"},
				"south": {"uv": [2, 2, 4, 4], "texture": "#0"},
				"west": {"uv": [5, 12, 6, 14], "texture": "#0"},
				"up": {"uv": [14, 5, 12, 4], "texture": "#0"},
				"down": {"uv": [14, 6, 12, 7], "texture": "#0"}
			}
		},
		{
			"from": [5, 4, 0],
			"to": [6, 6.5, 1],
			"rotation": {"angle": 0, "axis": "y", "origin": [5, 5, 0]},
			"faces": {
				"north": {"uv": [2, 7, 3, 10], "texture": "#0"},
				"east": {"uv": [3, 7, 4, 10], "texture": "#0"},
				"south": {"uv": [7, 3, 8, 6], "texture": "#0"},
				"west": {"uv": [7, 6, 8, 9], "texture": "#0"},
				"up": {"uv": [5, 15, 4, 14], "texture": "#0"},
				"down": {"uv": [15, 4, 14, 5], "texture": "#0"}
			}
		},
		{
			"from": [5, 6.5, 0],
			"to": [5.5, 9.5, 1],
			"rotation": {"angle": 0, "axis": "y", "origin": [5, 7, 0]},
			"faces": {
				"north": {"uv": [8, 0, 9, 3], "texture": "#0"},
				"east": {"uv": [8, 3, 9, 6], "texture": "#0"},
				"south": {"uv": [8, 6, 9, 9], "texture": "#0"},
				"west": {"uv": [9, 0, 10, 3], "texture": "#0"},
				"up": {"uv": [6, 15, 5, 14], "texture": "#0"},
				"down": {"uv": [15, 5, 14, 6], "texture": "#0"}
			}
		}
	],
	"display": {
		"thirdperson_righthand": {
			"translation": [0, 1, -1.5],
			"scale": [0.4, 0.4, 0.4]
		},
		"thirdperson_lefthand": {
			"translation": [0, 1, -1.5],
			"scale": [0.4, 0.4, 0.4]
		},
		"ground": {
			"translation": [0, 4.25, 0],
			"scale": [0.6, 0.6, 0.6]
		},
		"gui": {
			"rotation": [35, 135, 0],
			"translation": [0, 3.25, 0],
			"scale": [0.65, 0.65, 0.65]
		},
		"head": {
			"rotation": [6, 0, 0],
			"translation": [0, 10.75, 0.5],
			"scale": [0.95, 0.95, 0.95]
		},
		"fixed": {
			"rotation": [-90, 0, 0],
			"translation": [0, 0, -9.25]
		}
	},
	"groups": [
		{
			"name": "ring",
			"origin": [2, 0, 2],
			"color": 0,
			"children": [0, 1, 2, 3]
		},
		{
			"name": "crystal",
			"origin": [7.25, 0.25, -2.25],
			"color": 0,
			"children": [4, 5]
		},
		{
			"name": "spikes",
			"origin": [5, 7, 0],
			"color": 0,
			"children": [6, 7, 8, 9, 10, 11, 12, 13, 14, 15, 16, 17, 18, 19, 20, 21, 22, 23]
		}
	]
}