{
    "credit": "Made by SHO310", 
    "textures": {
        "main": "custom:item/sho/mystic_energy_source_yellow/mystic_energy_source_yellow"
    }, 
    "elements": [
        {
            "from": [ 6.50736, 14.25, 7.5 ], 
            "to":   [ 9.25736, 14.75, 8 ], 
            "light_emission": 10, 
            "rotation": { "angle": 0, "axis": "y", "origin": [6.87868, 14.37868, 7.5] }, 
            "faces": {
                "north": { "uv": [ 0, 2, 0.09375, 2.03125 ], "texture": "#main" }, 
                "east":  { "uv": [ 0, 2.1875, 0.03125, 2.21875 ], "texture": "#main" }, 
                "south": { "uv": [ 0, 2.03125, 0.09375, 2.0625 ], "texture": "#main" }, 
                "west":  { "uv": [ 0.1875, 2, 0.21875, 2.03125 ], "texture": "#main" }, 
                "up":    { "uv": [ 0.09375, 2.09375, 0, 2.0625 ], "texture": "#main" }, 
                "down":  { "uv": [ 0.09375, 2.09375, 0, 2.125 ], "texture": "#main" }
            }
        }, 
        {
            "from": [ 6.48959, 13.94975, 7.5 ], 
            "to":   [ 9.23959, 14.44975, 8 ], 
            "light_emission": 10, 
            "rotation": { "angle": -45, "axis": "z", "origin": [6.86091, 14.07843, 7.5] }, 
            "faces": {
                "north": { "uv": [ 0.09375, 2, 0.1875, 2.03125 ], "texture": "#main" }, 
                "east":  { "uv": [ 0.03125, 2.1875, 0.0625, 2.21875 ], "texture": "#main" }, 
                "south": { "uv": [ 0.09375, 2.03125, 0.1875, 2.0625 ], "texture": "#main" }, 
                "west":  { "uv": [ 0.1875, 2.03125, 0.21875, 2.0625 ], "texture": "#main" }, 
                "up":    { "uv": [ 0.1875, 2.09375, 0.09375, 2.0625 ], "texture": "#main" }, 
                "down":  { "uv": [ 0.1875, 2.09375, 0.09375, 2.125 ], "texture": "#main" }
            }
        }, 
        {
            "from": [ 6.9415, 16.04074, 7.5 ], 
            "to":   [ 9.6915, 16.54074, 8 ], 
            "light_emission": 10, 
            "rotation": { "angle": -45, "axis": "z", "origin": [7.31282, 16.16942, 7.5] }, 
            "faces": {
                "north": { "uv": [ 0, 2.125, 0.09375, 2.15625 ], "texture": "#main" }, 
                "east":  { "uv": [ 0.0625, 2.1875, 0.09375, 2.21875 ], "texture": "#main" }, 
                "south": { "uv": [ 0.09375, 2.125, 0.1875, 2.15625 ], "texture": "#main" }, 
                "west":  { "uv": [ 0.1875, 2.0625, 0.21875, 2.09375 ], "texture": "#main" }, 
                "up":    { "uv": [ 0.09375, 2.1875, 0, 2.15625 ], "texture": "#main" }, 
                "down":  { "uv": [ 0.1875, 2.15625, 0.09375, 2.1875 ], "texture": "#main" }
            }
        }, 
        {
            "from": [ 6.50736, 14.25, 9 ], 
            "to":   [ 9.25736, 14.75, 9.5 ], 
            "light_emission": 10, 
            "rotation": { "angle": 0, "axis": "y", "origin": [6.87868, 14.37868, 9] }, 
            "faces": {
                "north": { "uv": [ 0, 2, 0.09375, 2.03125 ], "texture": "#main" }, 
                "east":  { "uv": [ 0, 2.1875, 0.03125, 2.21875 ], "texture": "#main" }, 
                "south": { "uv": [ 0, 2.03125, 0.09375, 2.0625 ], "texture": "#main" }, 
                "west":  { "uv": [ 0.1875, 2, 0.21875, 2.03125 ], "texture": "#main" }, 
                "up":    { "uv": [ 0.09375, 2.09375, 0, 2.0625 ], "texture": "#main" }, 
                "down":  { "uv": [ 0.09375, 2.09375, 0, 2.125 ], "texture": "#main" }
            }
        }, 
        {
            "from": [ 6.48959, 13.94975, 9 ], 
            "to":   [ 9.23959, 14.44975, 9.5 ], 
            "light_emission": 10, 
            "rotation": { "angle": -45, "axis": "z", "origin": [6.86091, 14.07843, 9] }, 
            "faces": {
                "north": { "uv": [ 0.09375, 2, 0.1875, 2.03125 ], "texture": "#main" }, 
                "east":  { "uv": [ 0.03125, 2.1875, 0.0625, 2.21875 ], "texture": "#main" }, 
                "south": { "uv": [ 0.09375, 2.03125, 0.1875, 2.0625 ], "texture": "#main" }, 
                "west":  { "uv": [ 0.1875, 2.03125, 0.21875, 2.0625 ], "texture": "#main" }, 
                "up":    { "uv": [ 0.1875, 2.09375, 0.09375, 2.0625 ], "texture": "#main" }, 
                "down":  { "uv": [ 0.1875, 2.09375, 0.09375, 2.125 ], "texture": "#main" }
            }
        }, 
        {
            "from": [ 6.9415, 16.04074, 9 ], 
            "to":   [ 9.6915, 16.54074, 9.5 ], 
            "light_emission": 10, 
            "rotation": { "angle": -45, "axis": "z", "origin": [7.31282, 16.16942, 9] }, 
            "faces": {
                "north": { "uv": [ 0, 2.125, 0.09375, 2.15625 ], "texture": "#main" }, 
                "east":  { "uv": [ 0.0625, 2.1875, 0.09375, 2.21875 ], "texture": "#main" }, 
                "south": { "uv": [ 0.09375, 2.125, 0.1875, 2.15625 ], "texture": "#main" }, 
                "west":  { "uv": [ 0.1875, 2.0625, 0.21875, 2.09375 ], "texture": "#main" }, 
                "up":    { "uv": [ 0.09375, 2.1875, 0, 2.15625 ], "texture": "#main" }, 
                "down":  { "uv": [ 0.1875, 2.15625, 0.09375, 2.1875 ], "texture": "#main" }
            }
        }, 
        {
            "name": "rune_overlay", 
            "from": [ 5.37868, 11.91421, 8 ], 
            "to":   [ 10.37868, 16.91421, 9 ], 
            "light_emission": 15, 
            "rotation": { "angle": 45, "axis": "z", "origin": [7.87868, 14.41421, 8.5] }, 
            "faces": {
                "north": { "uv": [ 0, 0, 0.3125, 0.3125 ], "texture": "#main" }, 
                "east":  { "uv": [ 0.3125, 0, 0.375, 0.3125 ], "texture": "#main" }, 
                "south": { "uv": [ 0, 0.3125, 0.3125, 0.625 ], "texture": "#main" }, 
                "west":  { "uv": [ 0.3125, 0.3125, 0.375, 0.625 ], "texture": "#main" }, 
                "up":    { "uv": [ 0.6875, 0.0625, 0.375, 0 ], "texture": "#main" }, 
                "down":  { "uv": [ 0.6875, 0.0625, 0.375, 0.125 ], "texture": "#main" }
            }
        }, 
        {
            "name": "long_1", 
            "from": [ 11.52665, 9.52881, 8 ], 
            "to":   [ 12.77665, 16.77881, 9 ], 
            "rotation": { "angle": 45, "axis": "z", "origin": [7.875, 14.375, 8.5] }, 
            "faces": {
                "north": { "uv": [ 2, 0.75, 2.09375, 1.21875 ], "texture": "#main" }, 
                "east":  { "uv": [ 3, 0.875, 3.0625, 1.34375 ], "texture": "#main" }, 
                "south": { "uv": [ 2.125, 0.75, 2.21875, 1.21875 ], "texture": "#main" }, 
                "west":  { "uv": [ 2.25, 1.0625, 2.3125, 1.53125 ], "texture": "#main" }, 
                "up":    { "uv": [ 3.34375, 0.125, 3.25, 0.0625 ], "texture": "#main" }, 
                "down":  { "uv": [ 3.34375, 0.125, 3.25, 0.1875 ], "texture": "#main" }
            }
        }, 
        {
            "name": "long_2", 
            "from": [ 4.34987, 9.54137, 8 ], 
            "to":   [ 11.34987, 10.79137, 9 ], 
            "rotation": { "angle": 45, "axis": "z", "origin": [7.875, 14.375, 8.5] }, 
            "faces": {
                "north": { "uv": [ 2.625, 0.75, 3.0625, 0.84375 ], "texture": "#main" }, 
                "east":  { "uv": [ 2.5625, 1.3125, 2.625, 1.40625 ], "texture": "#main" }, 
                "south": { "uv": [ 2.8125, 0, 3.25, 0.09375 ], "texture": "#main" }, 
                "west":  { "uv": [ 3.3125, 0.5625, 3.375, 0.65625 ], "texture": "#main" }, 
                "up":    { "uv": [ 3.25, 0.1875, 2.8125, 0.125 ], "texture": "#main" }, 
                "down":  { "uv": [ 3.25, 0.1875, 2.8125, 0.25 ], "texture": "#main" }
            }
        }, 
        {
            "name": "middle_1", 
            "from": [ 12, 18.75, 7.75 ], 
            "to":   [ 13.75, 22.5, 9.25 ], 
            "rotation": { "angle": 0, "axis": "y", "origin": [7.875, 14.375, 8.5] }, 
            "faces": {
                "north": { "uv": [ 2.8125, 0.5, 2.9375, 0.75 ], "texture": "#main" }, 
                "east":  { "uv": [ 2.9375, 0.5, 3.03125, 0.75 ], "texture": "#main" }, 
                "south": { "uv": [ 2.875, 0.875, 3, 1.125 ], "texture": "#main" }, 
                "west":  { "uv": [ 2.3125, 1.0625, 2.40625, 1.3125 ], "texture": "#main" }, 
                "up":    { "uv": [ 3.1875, 0.71875, 3.0625, 0.625 ], "texture": "#main" }, 
                "down":  { "uv": [ 3.1875, 0.75, 3.0625, 0.84375 ], "texture": "#main" }
            }
        }, 
        {
            "name": "middle_2", 
            "from": [ 15.5, 12.75, 7.5 ], 
            "to":   [ 17.75, 17, 9.5 ], 
            "rotation": { "angle": 0, "axis": "y", "origin": [7.875, 14.375, 8.5] }, 
            "faces": {
                "north": { "uv": [ 2.25, 0.75, 2.40625, 1.03125 ], "texture": "#main" }, 
                "east":  { "uv": [ 2.625, 0.875, 2.75, 1.15625 ], "texture": "#main" }, 
                "south": { "uv": [ 2.4375, 0.75, 2.59375, 1.03125 ], "texture": "#main" }, 
                "west":  { "uv": [ 2.75, 0.875, 2.875, 1.15625 ], "texture": "#main" }, 
                "up":    { "uv": [ 2.59375, 1.1875, 2.4375, 1.0625 ], "texture": "#main" }, 
                "down":  { "uv": [ 3.21875, 0.5, 3.0625, 0.625 ], "texture": "#main" }
            }
        }, 
        {
            "name": "small_1", 
            "from": [ 9.01777, 22.94239, 8 ], 
            "to":   [ 10.26777, 24.19239, 9 ], 
            "rotation": { "angle": -45, "axis": "z", "origin": [7.875, 14.375, 8.5] }, 
            "faces": {
                "north": { "uv": [ 3.1875, 0.625, 3.28125, 0.71875 ], "texture": "#main" }, 
                "east":  { "uv": [ 2.1875, 1.25, 2.25, 1.34375 ], "texture": "#main" }, 
                "south": { "uv": [ 2.6875, 1.1875, 2.78125, 1.28125 ], "texture": "#main" }, 
                "west":  { "uv": [ 3.25, 0.5, 3.3125, 0.59375 ], "texture": "#main" }, 
                "up":    { "uv": [ 3.34375, 0.25, 3.25, 0.1875 ], "texture": "#main" }, 
                "down":  { "uv": [ 2.96875, 1.25, 2.875, 1.3125 ], "texture": "#main" }
            }
        }, 
        {
            "name": "small_2", 
            "from": [ 13.96751, 13.75, 8 ], 
            "to":   [ 15.21751, 15, 9 ], 
            "rotation": { "angle": -45, "axis": "z", "origin": [7.875, 14.375, 8.5] }, 
            "faces": {
                "north": { "uv": [ 2.4375, 1.1875, 2.53125, 1.28125 ], "texture": "#main" }, 
                "east":  { "uv": [ 2.8125, 1.1875, 2.875, 1.28125 ], "texture": "#main" }, 
                "south": { "uv": [ 2.5625, 1.1875, 2.65625, 1.28125 ], "texture": "#main" }, 
                "west":  { "uv": [ 2, 1.25, 2.0625, 1.34375 ], "texture": "#main" }, 
                "up":    { "uv": [ 3.34375, 0.0625, 3.25, 0 ], "texture": "#main" }, 
                "down":  { "uv": [ 2.15625, 1.25, 2.0625, 1.3125 ], "texture": "#main" }
            }
        }, 
        {
            "name": "small_1", 
            "from": [ -0.88173, 17.28553, 8 ], 
            "to":   [ 0.36827, 18.53553, 9 ], 
            "rotation": { "angle": -45, "axis": "z", "origin": [7.875, 14.375, 8.5] }, 
            "faces": {
                "north": { "uv": [ 3.1875, 0.75, 3.28125, 0.84375 ], "texture": "#main" }, 
                "east":  { "uv": [ 3.0625, 1.25, 3.125, 1.34375 ], "texture": "#main" }, 
                "south": { "uv": [ 3.1875, 0.875, 3.28125, 0.96875 ], "texture": "#main" }, 
                "west":  { "uv": [ 3.125, 1.25, 3.1875, 1.34375 ], "texture": "#main" }, 
                "up":    { "uv": [ 3.28125, 1.3125, 3.1875, 1.25 ], "texture": "#main" }, 
                "down":  { "uv": [ 2.15625, 1.3125, 2.0625, 1.375 ], "texture": "#main" }
            }
        }, 
        {
            "name": "small_2", 
            "from": [ 8.31066, 5.26472, 8 ], 
            "to":   [ 9.56066, 6.51472, 9 ], 
            "rotation": { "angle": -45, "axis": "z", "origin": [7.875, 14.375, 8.5] }, 
            "faces": {
                "north": { "uv": [ 3.1875, 1, 3.28125, 1.09375 ], "texture": "#main" }, 
                "east":  { "uv": [ 2.3125, 1.3125, 2.375, 1.40625 ], "texture": "#main" }, 
                "south": { "uv": [ 3.1875, 1.125, 3.28125, 1.21875 ], "texture": "#main" }, 
                "west":  { "uv": [ 2.375, 1.3125, 2.4375, 1.40625 ], "texture": "#main" }, 
                "up":    { "uv": [ 2.53125, 1.375, 2.4375, 1.3125 ], "texture": "#main" }, 
                "down":  { "uv": [ 3.40625, 0.5, 3.3125, 0.5625 ], "texture": "#main" }
            }
        }, 
        {
            "name": "long_1", 
            "from": [ 1.80178, 18.76409, 7.75 ], 
            "to":   [ 14.30178, 20.51409, 9.25 ], 
            "rotation": { "angle": 45, "axis": "z", "origin": [7.875, 14.375, 8.5] }, 
            "faces": {
                "north": { "uv": [ 2, 0, 2.78125, 0.125 ], "texture": "#main" }, 
                "east":  { "uv": [ 2.875, 1.125, 2.96875, 1.25 ], "texture": "#main" }, 
                "south": { "uv": [ 2, 0.125, 2.78125, 0.25 ], "texture": "#main" }, 
                "west":  { "uv": [ 3.0625, 1.125, 3.15625, 1.25 ], "texture": "#main" }, 
                "up":    { "uv": [ 2.78125, 0.59375, 2, 0.5 ], "texture": "#main" }, 
                "down":  { "uv": [ 2.78125, 0.625, 2, 0.71875 ], "texture": "#main" }
            }
        }, 
        {
            "name": "long_2", 
            "from": [ 3.84987, 8.33426, 7.75 ], 
            "to":   [ 14.59987, 10.08426, 9.25 ], 
            "rotation": { "angle": -45, "axis": "z", "origin": [7.875, 14.375, 8.5] }, 
            "faces": {
                "north": { "uv": [ 2, 0.25, 2.6875, 0.375 ], "texture": "#main" }, 
                "east":  { "uv": [ 3.0625, 0.875, 3.15625, 1 ], "texture": "#main" }, 
                "south": { "uv": [ 2, 0.375, 2.6875, 0.5 ], "texture": "#main" }, 
                "west":  { "uv": [ 3.0625, 1, 3.15625, 1.125 ], "texture": "#main" }, 
                "up":    { "uv": [ 3.375, 0.34375, 2.6875, 0.25 ], "texture": "#main" }, 
                "down":  { "uv": [ 3.375, 0.375, 2.6875, 0.46875 ], "texture": "#main" }
            }
        }, 
        {
            "from": [ 6.50736, 13.75, 7.5 ], 
            "to":   [ 9.25736, 14.25, 8 ], 
            "light_emission": 10, 
            "rotation": { "angle": 0, "axis": "y", "origin": [6.87868, 13.87868, 7.5] }, 
            "faces": {
                "north": { "uv": [ 4, 2, 4.09375, 2.03125 ], "texture": "#main" }, 
                "east":  { "uv": [ 4, 2.1875, 4.03125, 2.21875 ], "texture": "#main" }, 
                "south": { "uv": [ 4, 2.03125, 4.09375, 2.0625 ], "texture": "#main" }, 
                "west":  { "uv": [ 4.1875, 2, 4.21875, 2.03125 ], "texture": "#main" }, 
                "up":    { "uv": [ 4.09375, 2.09375, 4, 2.0625 ], "texture": "#main" }, 
                "down":  { "uv": [ 4.09375, 2.09375, 4, 2.125 ], "texture": "#main" }
            }
        }, 
        {
            "from": [ 6.48959, 13.44975, 7.5 ], 
            "to":   [ 9.23959, 13.94975, 8 ], 
            "light_emission": 10, 
            "rotation": { "angle": -45, "axis": "z", "origin": [6.86091, 13.57843, 7.5] }, 
            "faces": {
                "north": { "uv": [ 4.09375, 2, 4.1875, 2.03125 ], "texture": "#main" }, 
                "east":  { "uv": [ 4.03125, 2.1875, 4.0625, 2.21875 ], "texture": "#main" }, 
                "south": { "uv": [ 4.09375, 2.03125, 4.1875, 2.0625 ], "texture": "#main" }, 
                "west":  { "uv": [ 4.1875, 2.03125, 4.21875, 2.0625 ], "texture": "#main" }, 
                "up":    { "uv": [ 4.1875, 2.09375, 4.09375, 2.0625 ], "texture": "#main" }, 
                "down":  { "uv": [ 4.1875, 2.09375, 4.09375, 2.125 ], "texture": "#main" }
            }
        }, 
        {
            "from": [ 6.9415, 15.54074, 7.5 ], 
            "to":   [ 9.6915, 16.04074, 8 ], 
            "light_emission": 10, 
            "rotation": { "angle": -45, "axis": "z", "origin": [7.31282, 15.66942, 7.5] }, 
            "faces": {
                "north": { "uv": [ 4, 2.125, 4.09375, 2.15625 ], "texture": "#main" }, 
                "east":  { "uv": [ 4.0625, 2.1875, 4.09375, 2.21875 ], "texture": "#main" }, 
                "south": { "uv": [ 4.09375, 2.125, 4.1875, 2.15625 ], "texture": "#main" }, 
                "west":  { "uv": [ 4.1875, 2.0625, 4.21875, 2.09375 ], "texture": "#main" }, 
                "up":    { "uv": [ 4.09375, 2.1875, 4, 2.15625 ], "texture": "#main" }, 
                "down":  { "uv": [ 4.1875, 2.15625, 4.09375, 2.1875 ], "texture": "#main" }
            }
        }, 
        {
            "from": [ 6.50736, 13.75, 9 ], 
            "to":   [ 9.25736, 14.25, 9.5 ], 
            "light_emission": 10, 
            "rotation": { "angle": 0, "axis": "y", "origin": [6.87868, 13.87868, 9] }, 
            "faces": {
                "north": { "uv": [ 4, 2, 4.09375, 2.03125 ], "texture": "#main" }, 
                "east":  { "uv": [ 4, 2.1875, 4.03125, 2.21875 ], "texture": "#main" }, 
                "south": { "uv": [ 4, 2.03125, 4.09375, 2.0625 ], "texture": "#main" }, 
                "west":  { "uv": [ 4.1875, 2, 4.21875, 2.03125 ], "texture": "#main" }, 
                "up":    { "uv": [ 4.09375, 2.09375, 4, 2.0625 ], "texture": "#main" }, 
                "down":  { "uv": [ 4.09375, 2.09375, 4, 2.125 ], "texture": "#main" }
            }
        }, 
        {
            "from": [ 6.48959, 13.44975, 9 ], 
            "to":   [ 9.23959, 13.94975, 9.5 ], 
            "light_emission": 10, 
            "rotation": { "angle": -45, "axis": "z", "origin": [6.86091, 13.57843, 9] }, 
            "faces": {
                "north": { "uv": [ 4.09375, 2, 4.1875, 2.03125 ], "texture": "#main" }, 
                "east":  { "uv": [ 4.03125, 2.1875, 4.0625, 2.21875 ], "texture": "#main" }, 
                "south": { "uv": [ 4.09375, 2.03125, 4.1875, 2.0625 ], "texture": "#main" }, 
                "west":  { "uv": [ 4.1875, 2.03125, 4.21875, 2.0625 ], "texture": "#main" }, 
                "up":    { "uv": [ 4.1875, 2.09375, 4.09375, 2.0625 ], "texture": "#main" }, 
                "down":  { "uv": [ 4.1875, 2.09375, 4.09375, 2.125 ], "texture": "#main" }
            }
        }, 
        {
            "from": [ 6.9415, 15.54074, 9 ], 
            "to":   [ 9.6915, 16.04074, 9.5 ], 
            "light_emission": 10, 
            "rotation": { "angle": -45, "axis": "z", "origin": [7.31282, 15.66942, 9] }, 
            "faces": {
                "north": { "uv": [ 4, 2.125, 4.09375, 2.15625 ], "texture": "#main" }, 
                "east":  { "uv": [ 4.0625, 2.1875, 4.09375, 2.21875 ], "texture": "#main" }, 
                "south": { "uv": [ 4.09375, 2.125, 4.1875, 2.15625 ], "texture": "#main" }, 
                "west":  { "uv": [ 4.1875, 2.0625, 4.21875, 2.09375 ], "texture": "#main" }, 
                "up":    { "uv": [ 4.09375, 2.1875, 4, 2.15625 ], "texture": "#main" }, 
                "down":  { "uv": [ 4.1875, 2.15625, 4.09375, 2.1875 ], "texture": "#main" }
            }
        }, 
        {
            "name": "rune_overlay", 
            "from": [ 5.37868, 11.41421, 8 ], 
            "to":   [ 10.37868, 16.41421, 9 ], 
            "light_emission": 15, 
            "rotation": { "angle": 45, "axis": "z", "origin": [7.87868, 13.91421, 8.5] }, 
            "faces": {
                "north": { "uv": [ 4, 0, 4.3125, 0.3125 ], "texture": "#main" }, 
                "east":  { "uv": [ 4.3125, 0, 4.375, 0.3125 ], "texture": "#main" }, 
                "south": { "uv": [ 4, 0.3125, 4.3125, 0.625 ], "texture": "#main" }, 
                "west":  { "uv": [ 4.3125, 0.3125, 4.375, 0.625 ], "texture": "#main" }, 
                "up":    { "uv": [ 4.6875, 0.0625, 4.375, 0 ], "texture": "#main" }, 
                "down":  { "uv": [ 4.6875, 0.0625, 4.375, 0.125 ], "texture": "#main" }
            }
        }, 
        {
            "name": "long_1", 
            "from": [ 11.52665, 9.02881, 8 ], 
            "to":   [ 12.77665, 16.27881, 9 ], 
            "rotation": { "angle": 45, "axis": "z", "origin": [7.875, 13.875, 8.5] }, 
            "faces": {
                "north": { "uv": [ 6, 0.75, 6.09375, 1.21875 ], "texture": "#main" }, 
                "east":  { "uv": [ 7, 0.875, 7.0625, 1.34375 ], "texture": "#main" }, 
                "south": { "uv": [ 6.125, 0.75, 6.21875, 1.21875 ], "texture": "#main" }, 
                "west":  { "uv": [ 6.25, 1.0625, 6.3125, 1.53125 ], "texture": "#main" }, 
                "up":    { "uv": [ 7.34375, 0.125, 7.25, 0.0625 ], "texture": "#main" }, 
                "down":  { "uv": [ 7.34375, 0.125, 7.25, 0.1875 ], "texture": "#main" }
            }
        }, 
        {
            "name": "long_2", 
            "from": [ 4.34987, 9.04137, 8 ], 
            "to":   [ 11.34987, 10.29137, 9 ], 
            "rotation": { "angle": 45, "axis": "z", "origin": [7.875, 13.875, 8.5] }, 
            "faces": {
                "north": { "uv": [ 6.625, 0.75, 7.0625, 0.84375 ], "texture": "#main" }, 
                "east":  { "uv": [ 6.5625, 1.3125, 6.625, 1.40625 ], "texture": "#main" }, 
                "south": { "uv": [ 6.8125, 0, 7.25, 0.09375 ], "texture": "#main" }, 
                "west":  { "uv": [ 7.3125, 0.5625, 7.375, 0.65625 ], "texture": "#main" }, 
                "up":    { "uv": [ 7.25, 0.1875, 6.8125, 0.125 ], "texture": "#main" }, 
                "down":  { "uv": [ 7.25, 0.1875, 6.8125, 0.25 ], "texture": "#main" }
            }
        }, 
        {
            "name": "middle_1", 
            "from": [ 12, 18.25, 7.75 ], 
            "to":   [ 13.75, 22, 9.25 ], 
            "rotation": { "angle": 0, "axis": "y", "origin": [7.875, 13.875, 8.5] }, 
            "faces": {
                "north": { "uv": [ 6.8125, 0.5, 6.9375, 0.75 ], "texture": "#main" }, 
                "east":  { "uv": [ 6.9375, 0.5, 7.03125, 0.75 ], "texture": "#main" }, 
                "south": { "uv": [ 6.875, 0.875, 7, 1.125 ], "texture": "#main" }, 
                "west":  { "uv": [ 6.3125, 1.0625, 6.40625, 1.3125 ], "texture": "#main" }, 
                "up":    { "uv": [ 7.1875, 0.71875, 7.0625, 0.625 ], "texture": "#main" }, 
                "down":  { "uv": [ 7.1875, 0.75, 7.0625, 0.84375 ], "texture": "#main" }
            }
        }, 
        {
            "name": "middle_2", 
            "from": [ 15.5, 12.25, 7.5 ], 
            "to":   [ 17.75, 16.5, 9.5 ], 
            "rotation": { "angle": 0, "axis": "y", "origin": [7.875, 13.875, 8.5] }, 
            "faces": {
                "north": { "uv": [ 6.25, 0.75, 6.40625, 1.03125 ], "texture": "#main" }, 
                "east":  { "uv": [ 6.625, 0.875, 6.75, 1.15625 ], "texture": "#main" }, 
                "south": { "uv": [ 6.4375, 0.75, 6.59375, 1.03125 ], "texture": "#main" }, 
                "west":  { "uv": [ 6.75, 0.875, 6.875, 1.15625 ], "texture": "#main" }, 
                "up":    { "uv": [ 6.59375, 1.1875, 6.4375, 1.0625 ], "texture": "#main" }, 
                "down":  { "uv": [ 7.21875, 0.5, 7.0625, 0.625 ], "texture": "#main" }
            }
        }, 
        {
            "name": "small_1", 
            "from": [ 9.01777, 22.44239, 8 ], 
            "to":   [ 10.26777, 23.69239, 9 ], 
            "rotation": { "angle": -45, "axis": "z", "origin": [7.875, 13.875, 8.5] }, 
            "faces": {
                "north": { "uv": [ 7.1875, 0.625, 7.28125, 0.71875 ], "texture": "#main" }, 
                "east":  { "uv": [ 6.1875, 1.25, 6.25, 1.34375 ], "texture": "#main" }, 
                "south": { "uv": [ 6.6875, 1.1875, 6.78125, 1.28125 ], "texture": "#main" }, 
                "west":  { "uv": [ 7.25, 0.5, 7.3125, 0.59375 ], "texture": "#main" }, 
                "up":    { "uv": [ 7.34375, 0.25, 7.25, 0.1875 ], "texture": "#main" }, 
                "down":  { "uv": [ 6.96875, 1.25, 6.875, 1.3125 ], "texture": "#main" }
            }
        }, 
        {
            "name": "small_2", 
            "from": [ 13.96751, 13.25, 8 ], 
            "to":   [ 15.21751, 14.5, 9 ], 
            "rotation": { "angle": -45, "axis": "z", "origin": [7.875, 13.875, 8.5] }, 
            "faces": {
                "north": { "uv": [ 6.4375, 1.1875, 6.53125, 1.28125 ], "texture": "#main" }, 
                "east":  { "uv": [ 6.8125, 1.1875, 6.875, 1.28125 ], "texture": "#main" }, 
                "south": { "uv": [ 6.5625, 1.1875, 6.65625, 1.28125 ], "texture": "#main" }, 
                "west":  { "uv": [ 6, 1.25, 6.0625, 1.34375 ], "texture": "#main" }, 
                "up":    { "uv": [ 7.34375, 0.0625, 7.25, 0 ], "texture": "#main" }, 
                "down":  { "uv": [ 6.15625, 1.25, 6.0625, 1.3125 ], "texture": "#main" }
            }
        }, 
        {
            "name": "small_1", 
            "from": [ -0.88173, 16.78553, 8 ], 
            "to":   [ 0.36827, 18.03553, 9 ], 
            "rotation": { "angle": -45, "axis": "z", "origin": [7.875, 13.875, 8.5] }, 
            "faces": {
                "north": { "uv": [ 7.1875, 0.75, 7.28125, 0.84375 ], "texture": "#main" }, 
                "east":  { "uv": [ 7.0625, 1.25, 7.125, 1.34375 ], "texture": "#main" }, 
                "south": { "uv": [ 7.1875, 0.875, 7.28125, 0.96875 ], "texture": "#main" }, 
                "west":  { "uv": [ 7.125, 1.25, 7.1875, 1.34375 ], "texture": "#main" }, 
                "up":    { "uv": [ 7.28125, 1.3125, 7.1875, 1.25 ], "texture": "#main" }, 
                "down":  { "uv": [ 6.15625, 1.3125, 6.0625, 1.375 ], "texture": "#main" }
            }
        }, 
        {
            "name": "small_2", 
            "from": [ 8.31066, 4.76472, 8 ], 
            "to":   [ 9.56066, 6.01472, 9 ], 
            "rotation": { "angle": -45, "axis": "z", "origin": [7.875, 13.875, 8.5] }, 
            "faces": {
                "north": { "uv": [ 7.1875, 1, 7.28125, 1.09375 ], "texture": "#main" }, 
                "east":  { "uv": [ 6.3125, 1.3125, 6.375, 1.40625 ], "texture": "#main" }, 
                "south": { "uv": [ 7.1875, 1.125, 7.28125, 1.21875 ], "texture": "#main" }, 
                "west":  { "uv": [ 6.375, 1.3125, 6.4375, 1.40625 ], "texture": "#main" }, 
                "up":    { "uv": [ 6.53125, 1.375, 6.4375, 1.3125 ], "texture": "#main" }, 
                "down":  { "uv": [ 7.40625, 0.5, 7.3125, 0.5625 ], "texture": "#main" }
            }
        }, 
        {
            "name": "long_1", 
            "from": [ 1.80178, 18.26409, 7.75 ], 
            "to":   [ 14.30178, 20.01409, 9.25 ], 
            "rotation": { "angle": 45, "axis": "z", "origin": [7.875, 13.875, 8.5] }, 
            "faces": {
                "north": { "uv": [ 6, 0, 6.78125, 0.125 ], "texture": "#main" }, 
                "east":  { "uv": [ 6.875, 1.125, 6.96875, 1.25 ], "texture": "#main" }, 
                "south": { "uv": [ 6, 0.125, 6.78125, 0.25 ], "texture": "#main" }, 
                "west":  { "uv": [ 7.0625, 1.125, 7.15625, 1.25 ], "texture": "#main" }, 
                "up":    { "uv": [ 6.78125, 0.59375, 6, 0.5 ], "texture": "#main" }, 
                "down":  { "uv": [ 6.78125, 0.625, 6, 0.71875 ], "texture": "#main" }
            }
        }, 
        {
            "name": "long_2", 
            "from": [ 3.84987, 7.83426, 7.75 ], 
            "to":   [ 14.59987, 9.58426, 9.25 ], 
            "rotation": { "angle": -45, "axis": "z", "origin": [7.875, 13.875, 8.5] }, 
            "faces": {
                "north": { "uv": [ 6, 0.25, 6.6875, 0.375 ], "texture": "#main" }, 
                "east":  { "uv": [ 7.0625, 0.875, 7.15625, 1 ], "texture": "#main" }, 
                "south": { "uv": [ 6, 0.375, 6.6875, 0.5 ], "texture": "#main" }, 
                "west":  { "uv": [ 7.0625, 1, 7.15625, 1.125 ], "texture": "#main" }, 
                "up":    { "uv": [ 7.375, 0.34375, 6.6875, 0.25 ], "texture": "#main" }, 
                "down":  { "uv": [ 7.375, 0.375, 6.6875, 0.46875 ], "texture": "#main" }
            }
        }, 
        {
            "from": [ 6.50736, 13.25, 7.5 ], 
            "to":   [ 9.25736, 13.75, 8 ], 
            "light_emission": 10, 
            "rotation": { "angle": 0, "axis": "y", "origin": [6.87868, 13.37868, 7.5] }, 
            "faces": {
                "north": { "uv": [ 8, 2, 8.09375, 2.03125 ], "texture": "#main" }, 
                "east":  { "uv": [ 8, 2.1875, 8.03125, 2.21875 ], "texture": "#main" }, 
                "south": { "uv": [ 8, 2.03125, 8.09375, 2.0625 ], "texture": "#main" }, 
                "west":  { "uv": [ 8.1875, 2, 8.21875, 2.03125 ], "texture": "#main" }, 
                "up":    { "uv": [ 8.09375, 2.09375, 8, 2.0625 ], "texture": "#main" }, 
                "down":  { "uv": [ 8.09375, 2.09375, 8, 2.125 ], "texture": "#main" }
            }
        }, 
        {
            "from": [ 6.48959, 12.94975, 7.5 ], 
            "to":   [ 9.23959, 13.44975, 8 ], 
            "light_emission": 10, 
            "rotation": { "angle": -45, "axis": "z", "origin": [6.86091, 13.07843, 7.5] }, 
            "faces": {
                "north": { "uv": [ 8.09375, 2, 8.1875, 2.03125 ], "texture": "#main" }, 
                "east":  { "uv": [ 8.03125, 2.1875, 8.0625, 2.21875 ], "texture": "#main" }, 
                "south": { "uv": [ 8.09375, 2.03125, 8.1875, 2.0625 ], "texture": "#main" }, 
                "west":  { "uv": [ 8.1875, 2.03125, 8.21875, 2.0625 ], "texture": "#main" }, 
                "up":    { "uv": [ 8.1875, 2.09375, 8.09375, 2.0625 ], "texture": "#main" }, 
                "down":  { "uv": [ 8.1875, 2.09375, 8.09375, 2.125 ], "texture": "#main" }
            }
        }, 
        {
            "from": [ 6.9415, 15.04074, 7.5 ], 
            "to":   [ 9.6915, 15.54074, 8 ], 
            "light_emission": 10, 
            "rotation": { "angle": -45, "axis": "z", "origin": [7.31282, 15.16942, 7.5] }, 
            "faces": {
                "north": { "uv": [ 8, 2.125, 8.09375, 2.15625 ], "texture": "#main" }, 
                "east":  { "uv": [ 8.0625, 2.1875, 8.09375, 2.21875 ], "texture": "#main" }, 
                "south": { "uv": [ 8.09375, 2.125, 8.1875, 2.15625 ], "texture": "#main" }, 
                "west":  { "uv": [ 8.1875, 2.0625, 8.21875, 2.09375 ], "texture": "#main" }, 
                "up":    { "uv": [ 8.09375, 2.1875, 8, 2.15625 ], "texture": "#main" }, 
                "down":  { "uv": [ 8.1875, 2.15625, 8.09375, 2.1875 ], "texture": "#main" }
            }
        }, 
        {
            "from": [ 6.50736, 13.25, 9 ], 
            "to":   [ 9.25736, 13.75, 9.5 ], 
            "light_emission": 10, 
            "rotation": { "angle": 0, "axis": "y", "origin": [6.87868, 13.37868, 9] }, 
            "faces": {
                "north": { "uv": [ 8, 2, 8.09375, 2.03125 ], "texture": "#main" }, 
                "east":  { "uv": [ 8, 2.1875, 8.03125, 2.21875 ], "texture": "#main" }, 
                "south": { "uv": [ 8, 2.03125, 8.09375, 2.0625 ], "texture": "#main" }, 
                "west":  { "uv": [ 8.1875, 2, 8.21875, 2.03125 ], "texture": "#main" }, 
                "up":    { "uv": [ 8.09375, 2.09375, 8, 2.0625 ], "texture": "#main" }, 
                "down":  { "uv": [ 8.09375, 2.09375, 8, 2.125 ], "texture": "#main" }
            }
        }, 
        {
            "from": [ 6.48959, 12.94975, 9 ], 
            "to":   [ 9.23959, 13.44975, 9.5 ], 
            "light_emission": 10, 
            "rotation": { "angle": -45, "axis": "z", "origin": [6.86091, 13.07843, 9] }, 
            "faces": {
                "north": { "uv": [ 8.09375, 2, 8.1875, 2.03125 ], "texture": "#main" }, 
                "east":  { "uv": [ 8.03125, 2.1875, 8.0625, 2.21875 ], "texture": "#main" }, 
                "south": { "uv": [ 8.09375, 2.03125, 8.1875, 2.0625 ], "texture": "#main" }, 
                "west":  { "uv": [ 8.1875, 2.03125, 8.21875, 2.0625 ], "texture": "#main" }, 
                "up":    { "uv": [ 8.1875, 2.09375, 8.09375, 2.0625 ], "texture": "#main" }, 
                "down":  { "uv": [ 8.1875, 2.09375, 8.09375, 2.125 ], "texture": "#main" }
            }
        }, 
        {
            "from": [ 6.9415, 15.04074, 9 ], 
            "to":   [ 9.6915, 15.54074, 9.5 ], 
            "light_emission": 10, 
            "rotation": { "angle": -45, "axis": "z", "origin": [7.31282, 15.16942, 9] }, 
            "faces": {
                "north": { "uv": [ 8, 2.125, 8.09375, 2.15625 ], "texture": "#main" }, 
                "east":  { "uv": [ 8.0625, 2.1875, 8.09375, 2.21875 ], "texture": "#main" }, 
                "south": { "uv": [ 8.09375, 2.125, 8.1875, 2.15625 ], "texture": "#main" }, 
                "west":  { "uv": [ 8.1875, 2.0625, 8.21875, 2.09375 ], "texture": "#main" }, 
                "up":    { "uv": [ 8.09375, 2.1875, 8, 2.15625 ], "texture": "#main" }, 
                "down":  { "uv": [ 8.1875, 2.15625, 8.09375, 2.1875 ], "texture": "#main" }
            }
        }, 
        {
            "name": "rune_overlay", 
            "from": [ 5.37868, 10.91421, 8 ], 
            "to":   [ 10.37868, 15.91421, 9 ], 
            "light_emission": 15, 
            "rotation": { "angle": 45, "axis": "z", "origin": [7.87868, 13.41421, 8.5] }, 
            "faces": {
                "north": { "uv": [ 8, 0, 8.3125, 0.3125 ], "texture": "#main" }, 
                "east":  { "uv": [ 8.3125, 0, 8.375, 0.3125 ], "texture": "#main" }, 
                "south": { "uv": [ 8, 0.3125, 8.3125, 0.625 ], "texture": "#main" }, 
                "west":  { "uv": [ 8.3125, 0.3125, 8.375, 0.625 ], "texture": "#main" }, 
                "up":    { "uv": [ 8.6875, 0.0625, 8.375, 0 ], "texture": "#main" }, 
                "down":  { "uv": [ 8.6875, 0.0625, 8.375, 0.125 ], "texture": "#main" }
            }
        }, 
        {
            "name": "long_1", 
            "from": [ 11.52665, 8.52881, 8 ], 
            "to":   [ 12.77665, 15.77881, 9 ], 
            "rotation": { "angle": 45, "axis": "z", "origin": [7.875, 13.375, 8.5] }, 
            "faces": {
                "north": { "uv": [ 10, 0.75, 10.09375, 1.21875 ], "texture": "#main" }, 
                "east":  { "uv": [ 11, 0.875, 11.0625, 1.34375 ], "texture": "#main" }, 
                "south": { "uv": [ 10.125, 0.75, 10.21875, 1.21875 ], "texture": "#main" }, 
                "west":  { "uv": [ 10.25, 1.0625, 10.3125, 1.53125 ], "texture": "#main" }, 
                "up":    { "uv": [ 11.34375, 0.125, 11.25, 0.0625 ], "texture": "#main" }, 
                "down":  { "uv": [ 11.34375, 0.125, 11.25, 0.1875 ], "texture": "#main" }
            }
        }, 
        {
            "name": "long_2", 
            "from": [ 4.34987, 8.54137, 8 ], 
            "to":   [ 11.34987, 9.79137, 9 ], 
            "rotation": { "angle": 45, "axis": "z", "origin": [7.875, 13.375, 8.5] }, 
            "faces": {
                "north": { "uv": [ 10.625, 0.75, 11.0625, 0.84375 ], "texture": "#main" }, 
                "east":  { "uv": [ 10.5625, 1.3125, 10.625, 1.40625 ], "texture": "#main" }, 
                "south": { "uv": [ 10.8125, 0, 11.25, 0.09375 ], "texture": "#main" }, 
                "west":  { "uv": [ 11.3125, 0.5625, 11.375, 0.65625 ], "texture": "#main" }, 
                "up":    { "uv": [ 11.25, 0.1875, 10.8125, 0.125 ], "texture": "#main" }, 
                "down":  { "uv": [ 11.25, 0.1875, 10.8125, 0.25 ], "texture": "#main" }
            }
        }, 
        {
            "name": "middle_1", 
            "from": [ 12, 17.75, 7.75 ], 
            "to":   [ 13.75, 21.5, 9.25 ], 
            "rotation": { "angle": 0, "axis": "y", "origin": [7.875, 13.375, 8.5] }, 
            "faces": {
                "north": { "uv": [ 10.8125, 0.5, 10.9375, 0.75 ], "texture": "#main" }, 
                "east":  { "uv": [ 10.9375, 0.5, 11.03125, 0.75 ], "texture": "#main" }, 
                "south": { "uv": [ 10.875, 0.875, 11, 1.125 ], "texture": "#main" }, 
                "west":  { "uv": [ 10.3125, 1.0625, 10.40625, 1.3125 ], "texture": "#main" }, 
                "up":    { "uv": [ 11.1875, 0.71875, 11.0625, 0.625 ], "texture": "#main" }, 
                "down":  { "uv": [ 11.1875, 0.75, 11.0625, 0.84375 ], "texture": "#main" }
            }
        }, 
        {
            "name": "middle_2", 
            "from": [ 15.5, 11.75, 7.5 ], 
            "to":   [ 17.75, 16, 9.5 ], 
            "rotation": { "angle": 0, "axis": "y", "origin": [7.875, 13.375, 8.5] }, 
            "faces": {
                "north": { "uv": [ 10.25, 0.75, 10.40625, 1.03125 ], "texture": "#main" }, 
                "east":  { "uv": [ 10.625, 0.875, 10.75, 1.15625 ], "texture": "#main" }, 
                "south": { "uv": [ 10.4375, 0.75, 10.59375, 1.03125 ], "texture": "#main" }, 
                "west":  { "uv": [ 10.75, 0.875, 10.875, 1.15625 ], "texture": "#main" }, 
                "up":    { "uv": [ 10.59375, 1.1875, 10.4375, 1.0625 ], "texture": "#main" }, 
                "down":  { "uv": [ 11.21875, 0.5, 11.0625, 0.625 ], "texture": "#main" }
            }
        }, 
        {
            "name": "small_1", 
            "from": [ 9.01777, 21.94239, 8 ], 
            "to":   [ 10.26777, 23.19239, 9 ], 
            "rotation": { "angle": -45, "axis": "z", "origin": [7.875, 13.375, 8.5] }, 
            "faces": {
                "north": { "uv": [ 11.1875, 0.625, 11.28125, 0.71875 ], "texture": "#main" }, 
                "east":  { "uv": [ 10.1875, 1.25, 10.25, 1.34375 ], "texture": "#main" }, 
                "south": { "uv": [ 10.6875, 1.1875, 10.78125, 1.28125 ], "texture": "#main" }, 
                "west":  { "uv": [ 11.25, 0.5, 11.3125, 0.59375 ], "texture": "#main" }, 
                "up":    { "uv": [ 11.34375, 0.25, 11.25, 0.1875 ], "texture": "#main" }, 
                "down":  { "uv": [ 10.96875, 1.25, 10.875, 1.3125 ], "texture": "#main" }
            }
        }, 
        {
            "name": "small_2", 
            "from": [ 13.96751, 12.75, 8 ], 
            "to":   [ 15.21751, 14, 9 ], 
            "rotation": { "angle": -45, "axis": "z", "origin": [7.875, 13.375, 8.5] }, 
            "faces": {
                "north": { "uv": [ 10.4375, 1.1875, 10.53125, 1.28125 ], "texture": "#main" }, 
                "east":  { "uv": [ 10.8125, 1.1875, 10.875, 1.28125 ], "texture": "#main" }, 
                "south": { "uv": [ 10.5625, 1.1875, 10.65625, 1.28125 ], "texture": "#main" }, 
                "west":  { "uv": [ 10, 1.25, 10.0625, 1.34375 ], "texture": "#main" }, 
                "up":    { "uv": [ 11.34375, 0.0625, 11.25, 0 ], "texture": "#main" }, 
                "down":  { "uv": [ 10.15625, 1.25, 10.0625, 1.3125 ], "texture": "#main" }
            }
        }, 
        {
            "name": "small_1", 
            "from": [ -0.88173, 16.28553, 8 ], 
            "to":   [ 0.36827, 17.53553, 9 ], 
            "rotation": { "angle": -45, "axis": "z", "origin": [7.875, 13.375, 8.5] }, 
            "faces": {
                "north": { "uv": [ 11.1875, 0.75, 11.28125, 0.84375 ], "texture": "#main" }, 
                "east":  { "uv": [ 11.0625, 1.25, 11.125, 1.34375 ], "texture": "#main" }, 
                "south": { "uv": [ 11.1875, 0.875, 11.28125, 0.96875 ], "texture": "#main" }, 
                "west":  { "uv": [ 11.125, 1.25, 11.1875, 1.34375 ], "texture": "#main" }, 
                "up":    { "uv": [ 11.28125, 1.3125, 11.1875, 1.25 ], "texture": "#main" }, 
                "down":  { "uv": [ 10.15625, 1.3125, 10.0625, 1.375 ], "texture": "#main" }
            }
        }, 
        {
            "name": "small_2", 
            "from": [ 8.31066, 4.26472, 8 ], 
            "to":   [ 9.56066, 5.51472, 9 ], 
            "rotation": { "angle": -45, "axis": "z", "origin": [7.875, 13.375, 8.5] }, 
            "faces": {
                "north": { "uv": [ 11.1875, 1, 11.28125, 1.09375 ], "texture": "#main" }, 
                "east":  { "uv": [ 10.3125, 1.3125, 10.375, 1.40625 ], "texture": "#main" }, 
                "south": { "uv": [ 11.1875, 1.125, 11.28125, 1.21875 ], "texture": "#main" }, 
                "west":  { "uv": [ 10.375, 1.3125, 10.4375, 1.40625 ], "texture": "#main" }, 
                "up":    { "uv": [ 10.53125, 1.375, 10.4375, 1.3125 ], "texture": "#main" }, 
                "down":  { "uv": [ 11.40625, 0.5, 11.3125, 0.5625 ], "texture": "#main" }
            }
        }, 
        {
            "name": "long_1", 
            "from": [ 1.80178, 17.76409, 7.75 ], 
            "to":   [ 14.30178, 19.51409, 9.25 ], 
            "rotation": { "angle": 45, "axis": "z", "origin": [7.875, 13.375, 8.5] }, 
            "faces": {
                "north": { "uv": [ 10, 0, 10.78125, 0.125 ], "texture": "#main" }, 
                "east":  { "uv": [ 10.875, 1.125, 10.96875, 1.25 ], "texture": "#main" }, 
                "south": { "uv": [ 10, 0.125, 10.78125, 0.25 ], "texture": "#main" }, 
                "west":  { "uv": [ 11.0625, 1.125, 11.15625, 1.25 ], "texture": "#main" }, 
                "up":    { "uv": [ 10.78125, 0.59375, 10, 0.5 ], "texture": "#main" }, 
                "down":  { "uv": [ 10.78125, 0.625, 10, 0.71875 ], "texture": "#main" }
            }
        }, 
        {
            "name": "long_2", 
            "from": [ 3.84987, 7.33426, 7.75 ], 
            "to":   [ 14.59987, 9.08426, 9.25 ], 
            "rotation": { "angle": -45, "axis": "z", "origin": [7.875, 13.375, 8.5] }, 
            "faces": {
                "north": { "uv": [ 10, 0.25, 10.6875, 0.375 ], "texture": "#main" }, 
                "east":  { "uv": [ 11.0625, 0.875, 11.15625, 1 ], "texture": "#main" }, 
                "south": { "uv": [ 10, 0.375, 10.6875, 0.5 ], "texture": "#main" }, 
                "west":  { "uv": [ 11.0625, 1, 11.15625, 1.125 ], "texture": "#main" }, 
                "up":    { "uv": [ 11.375, 0.34375, 10.6875, 0.25 ], "texture": "#main" }, 
                "down":  { "uv": [ 11.375, 0.375, 10.6875, 0.46875 ], "texture": "#main" }
            }
        }, 
        {
            "from": [ 6.50736, 12.75, 7.5 ], 
            "to":   [ 9.25736, 13.25, 8 ], 
            "light_emission": 10, 
            "rotation": { "angle": 0, "axis": "y", "origin": [6.87868, 12.87868, 7.5] }, 
            "faces": {
                "north": { "uv": [ 12, 2, 12.09375, 2.03125 ], "texture": "#main" }, 
                "east":  { "uv": [ 12, 2.1875, 12.03125, 2.21875 ], "texture": "#main" }, 
                "south": { "uv": [ 12, 2.03125, 12.09375, 2.0625 ], "texture": "#main" }, 
                "west":  { "uv": [ 12.1875, 2, 12.21875, 2.03125 ], "texture": "#main" }, 
                "up":    { "uv": [ 12.09375, 2.09375, 12, 2.0625 ], "texture": "#main" }, 
                "down":  { "uv": [ 12.09375, 2.09375, 12, 2.125 ], "texture": "#main" }
            }
        }, 
        {
            "from": [ 6.48959, 12.44975, 7.5 ], 
            "to":   [ 9.23959, 12.94975, 8 ], 
            "light_emission": 10, 
            "rotation": { "angle": -45, "axis": "z", "origin": [6.86091, 12.57843, 7.5] }, 
            "faces": {
                "north": { "uv": [ 12.09375, 2, 12.1875, 2.03125 ], "texture": "#main" }, 
                "east":  { "uv": [ 12.03125, 2.1875, 12.0625, 2.21875 ], "texture": "#main" }, 
                "south": { "uv": [ 12.09375, 2.03125, 12.1875, 2.0625 ], "texture": "#main" }, 
                "west":  { "uv": [ 12.1875, 2.03125, 12.21875, 2.0625 ], "texture": "#main" }, 
                "up":    { "uv": [ 12.1875, 2.09375, 12.09375, 2.0625 ], "texture": "#main" }, 
                "down":  { "uv": [ 12.1875, 2.09375, 12.09375, 2.125 ], "texture": "#main" }
            }
        }, 
        {
            "from": [ 6.9415, 14.54074, 7.5 ], 
            "to":   [ 9.6915, 15.04074, 8 ], 
            "light_emission": 10, 
            "rotation": { "angle": -45, "axis": "z", "origin": [7.31282, 14.66942, 7.5] }, 
            "faces": {
                "north": { "uv": [ 12, 2.125, 12.09375, 2.15625 ], "texture": "#main" }, 
                "east":  { "uv": [ 12.0625, 2.1875, 12.09375, 2.21875 ], "texture": "#main" }, 
                "south": { "uv": [ 12.09375, 2.125, 12.1875, 2.15625 ], "texture": "#main" }, 
                "west":  { "uv": [ 12.1875, 2.0625, 12.21875, 2.09375 ], "texture": "#main" }, 
                "up":    { "uv": [ 12.09375, 2.1875, 12, 2.15625 ], "texture": "#main" }, 
                "down":  { "uv": [ 12.1875, 2.15625, 12.09375, 2.1875 ], "texture": "#main" }
            }
        }, 
        {
            "from": [ 6.50736, 12.75, 9 ], 
            "to":   [ 9.25736, 13.25, 9.5 ], 
            "light_emission": 10, 
            "rotation": { "angle": 0, "axis": "y", "origin": [6.87868, 12.87868, 9] }, 
            "faces": {
                "north": { "uv": [ 12, 2, 12.09375, 2.03125 ], "texture": "#main" }, 
                "east":  { "uv": [ 12, 2.1875, 12.03125, 2.21875 ], "texture": "#main" }, 
                "south": { "uv": [ 12, 2.03125, 12.09375, 2.0625 ], "texture": "#main" }, 
                "west":  { "uv": [ 12.1875, 2, 12.21875, 2.03125 ], "texture": "#main" }, 
                "up":    { "uv": [ 12.09375, 2.09375, 12, 2.0625 ], "texture": "#main" }, 
                "down":  { "uv": [ 12.09375, 2.09375, 12, 2.125 ], "texture": "#main" }
            }
        }, 
        {
            "from": [ 6.48959, 12.44975, 9 ], 
            "to":   [ 9.23959, 12.94975, 9.5 ], 
            "light_emission": 10, 
            "rotation": { "angle": -45, "axis": "z", "origin": [6.86091, 12.57843, 9] }, 
            "faces": {
                "north": { "uv": [ 12.09375, 2, 12.1875, 2.03125 ], "texture": "#main" }, 
                "east":  { "uv": [ 12.03125, 2.1875, 12.0625, 2.21875 ], "texture": "#main" }, 
                "south": { "uv": [ 12.09375, 2.03125, 12.1875, 2.0625 ], "texture": "#main" }, 
                "west":  { "uv": [ 12.1875, 2.03125, 12.21875, 2.0625 ], "texture": "#main" }, 
                "up":    { "uv": [ 12.1875, 2.09375, 12.09375, 2.0625 ], "texture": "#main" }, 
                "down":  { "uv": [ 12.1875, 2.09375, 12.09375, 2.125 ], "texture": "#main" }
            }
        }, 
        {
            "from": [ 6.9415, 14.54074, 9 ], 
            "to":   [ 9.6915, 15.04074, 9.5 ], 
            "light_emission": 10, 
            "rotation": { "angle": -45, "axis": "z", "origin": [7.31282, 14.66942, 9] }, 
            "faces": {
                "north": { "uv": [ 12, 2.125, 12.09375, 2.15625 ], "texture": "#main" }, 
                "east":  { "uv": [ 12.0625, 2.1875, 12.09375, 2.21875 ], "texture": "#main" }, 
                "south": { "uv": [ 12.09375, 2.125, 12.1875, 2.15625 ], "texture": "#main" }, 
                "west":  { "uv": [ 12.1875, 2.0625, 12.21875, 2.09375 ], "texture": "#main" }, 
                "up":    { "uv": [ 12.09375, 2.1875, 12, 2.15625 ], "texture": "#main" }, 
                "down":  { "uv": [ 12.1875, 2.15625, 12.09375, 2.1875 ], "texture": "#main" }
            }
        }, 
        {
            "name": "rune_overlay", 
            "from": [ 5.37868, 10.41421, 8 ], 
            "to":   [ 10.37868, 15.41421, 9 ], 
            "light_emission": 15, 
            "rotation": { "angle": 45, "axis": "z", "origin": [7.87868, 12.91421, 8.5] }, 
            "faces": {
                "north": { "uv": [ 12, 0, 12.3125, 0.3125 ], "texture": "#main" }, 
                "east":  { "uv": [ 12.3125, 0, 12.375, 0.3125 ], "texture": "#main" }, 
                "south": { "uv": [ 12, 0.3125, 12.3125, 0.625 ], "texture": "#main" }, 
                "west":  { "uv": [ 12.3125, 0.3125, 12.375, 0.625 ], "texture": "#main" }, 
                "up":    { "uv": [ 12.6875, 0.0625, 12.375, 0 ], "texture": "#main" }, 
                "down":  { "uv": [ 12.6875, 0.0625, 12.375, 0.125 ], "texture": "#main" }
            }
        }, 
        {
            "name": "long_1", 
            "from": [ 11.52665, 8.02881, 8 ], 
            "to":   [ 12.77665, 15.27881, 9 ], 
            "rotation": { "angle": 45, "axis": "z", "origin": [7.875, 12.875, 8.5] }, 
            "faces": {
                "north": { "uv": [ 14, 0.75, 14.09375, 1.21875 ], "texture": "#main" }, 
                "east":  { "uv": [ 15, 0.875, 15.0625, 1.34375 ], "texture": "#main" }, 
                "south": { "uv": [ 14.125, 0.75, 14.21875, 1.21875 ], "texture": "#main" }, 
                "west":  { "uv": [ 14.25, 1.0625, 14.3125, 1.53125 ], "texture": "#main" }, 
                "up":    { "uv": [ 15.34375, 0.125, 15.25, 0.0625 ], "texture": "#main" }, 
                "down":  { "uv": [ 15.34375, 0.125, 15.25, 0.1875 ], "texture": "#main" }
            }
        }, 
        {
            "name": "long_2", 
            "from": [ 4.34987, 8.04137, 8 ], 
            "to":   [ 11.34987, 9.29137, 9 ], 
            "rotation": { "angle": 45, "axis": "z", "origin": [7.875, 12.875, 8.5] }, 
            "faces": {
                "north": { "uv": [ 14.625, 0.75, 15.0625, 0.84375 ], "texture": "#main" }, 
                "east":  { "uv": [ 14.5625, 1.3125, 14.625, 1.40625 ], "texture": "#main" }, 
                "south": { "uv": [ 14.8125, 0, 15.25, 0.09375 ], "texture": "#main" }, 
                "west":  { "uv": [ 15.3125, 0.5625, 15.375, 0.65625 ], "texture": "#main" }, 
                "up":    { "uv": [ 15.25, 0.1875, 14.8125, 0.125 ], "texture": "#main" }, 
                "down":  { "uv": [ 15.25, 0.1875, 14.8125, 0.25 ], "texture": "#main" }
            }
        }, 
        {
            "name": "middle_1", 
            "from": [ 12, 17.25, 7.75 ], 
            "to":   [ 13.75, 21, 9.25 ], 
            "rotation": { "angle": 0, "axis": "y", "origin": [7.875, 12.875, 8.5] }, 
            "faces": {
                "north": { "uv": [ 14.8125, 0.5, 14.9375, 0.75 ], "texture": "#main" }, 
                "east":  { "uv": [ 14.9375, 0.5, 15.03125, 0.75 ], "texture": "#main" }, 
                "south": { "uv": [ 14.875, 0.875, 15, 1.125 ], "texture": "#main" }, 
                "west":  { "uv": [ 14.3125, 1.0625, 14.40625, 1.3125 ], "texture": "#main" }, 
                "up":    { "uv": [ 15.1875, 0.71875, 15.0625, 0.625 ], "texture": "#main" }, 
                "down":  { "uv": [ 15.1875, 0.75, 15.0625, 0.84375 ], "texture": "#main" }
            }
        }, 
        {
            "name": "middle_2", 
            "from": [ 15.5, 11.25, 7.5 ], 
            "to":   [ 17.75, 15.5, 9.5 ], 
            "rotation": { "angle": 0, "axis": "y", "origin": [7.875, 12.875, 8.5] }, 
            "faces": {
                "north": { "uv": [ 14.25, 0.75, 14.40625, 1.03125 ], "texture": "#main" }, 
                "east":  { "uv": [ 14.625, 0.875, 14.75, 1.15625 ], "texture": "#main" }, 
                "south": { "uv": [ 14.4375, 0.75, 14.59375, 1.03125 ], "texture": "#main" }, 
                "west":  { "uv": [ 14.75, 0.875, 14.875, 1.15625 ], "texture": "#main" }, 
                "up":    { "uv": [ 14.59375, 1.1875, 14.4375, 1.0625 ], "texture": "#main" }, 
                "down":  { "uv": [ 15.21875, 0.5, 15.0625, 0.625 ], "texture": "#main" }
            }
        }, 
        {
            "name": "small_1", 
            "from": [ 9.01777, 21.44239, 8 ], 
            "to":   [ 10.26777, 22.69239, 9 ], 
            "rotation": { "angle": -45, "axis": "z", "origin": [7.875, 12.875, 8.5] }, 
            "faces": {
                "north": { "uv": [ 15.1875, 0.625, 15.28125, 0.71875 ], "texture": "#main" }, 
                "east":  { "uv": [ 14.1875, 1.25, 14.25, 1.34375 ], "texture": "#main" }, 
                "south": { "uv": [ 14.6875, 1.1875, 14.78125, 1.28125 ], "texture": "#main" }, 
                "west":  { "uv": [ 15.25, 0.5, 15.3125, 0.59375 ], "texture": "#main" }, 
                "up":    { "uv": [ 15.34375, 0.25, 15.25, 0.1875 ], "texture": "#main" }, 
                "down":  { "uv": [ 14.96875, 1.25, 14.875, 1.3125 ], "texture": "#main" }
            }
        }, 
        {
            "name": "small_2", 
            "from": [ 13.96751, 12.25, 8 ], 
            "to":   [ 15.21751, 13.5, 9 ], 
            "rotation": { "angle": -45, "axis": "z", "origin": [7.875, 12.875, 8.5] }, 
            "faces": {
                "north": { "uv": [ 14.4375, 1.1875, 14.53125, 1.28125 ], "texture": "#main" }, 
                "east":  { "uv": [ 14.8125, 1.1875, 14.875, 1.28125 ], "texture": "#main" }, 
                "south": { "uv": [ 14.5625, 1.1875, 14.65625, 1.28125 ], "texture": "#main" }, 
                "west":  { "uv": [ 14, 1.25, 14.0625, 1.34375 ], "texture": "#main" }, 
                "up":    { "uv": [ 15.34375, 0.0625, 15.25, 0 ], "texture": "#main" }, 
                "down":  { "uv": [ 14.15625, 1.25, 14.0625, 1.3125 ], "texture": "#main" }
            }
        }, 
        {
            "name": "small_1", 
            "from": [ -0.88173, 15.78553, 8 ], 
            "to":   [ 0.36827, 17.03553, 9 ], 
            "rotation": { "angle": -45, "axis": "z", "origin": [7.875, 12.875, 8.5] }, 
            "faces": {
                "north": { "uv": [ 15.1875, 0.75, 15.28125, 0.84375 ], "texture": "#main" }, 
                "east":  { "uv": [ 15.0625, 1.25, 15.125, 1.34375 ], "texture": "#main" }, 
                "south": { "uv": [ 15.1875, 0.875, 15.28125, 0.96875 ], "texture": "#main" }, 
                "west":  { "uv": [ 15.125, 1.25, 15.1875, 1.34375 ], "texture": "#main" }, 
                "up":    { "uv": [ 15.28125, 1.3125, 15.1875, 1.25 ], "texture": "#main" }, 
                "down":  { "uv": [ 14.15625, 1.3125, 14.0625, 1.375 ], "texture": "#main" }
            }
        }, 
        {
            "name": "small_2", 
            "from": [ 8.31066, 3.76472, 8 ], 
            "to":   [ 9.56066, 5.01472, 9 ], 
            "rotation": { "angle": -45, "axis": "z", "origin": [7.875, 12.875, 8.5] }, 
            "faces": {
                "north": { "uv": [ 15.1875, 1, 15.28125, 1.09375 ], "texture": "#main" }, 
                "east":  { "uv": [ 14.3125, 1.3125, 14.375, 1.40625 ], "texture": "#main" }, 
                "south": { "uv": [ 15.1875, 1.125, 15.28125, 1.21875 ], "texture": "#main" }, 
                "west":  { "uv": [ 14.375, 1.3125, 14.4375, 1.40625 ], "texture": "#main" }, 
                "up":    { "uv": [ 14.53125, 1.375, 14.4375, 1.3125 ], "texture": "#main" }, 
                "down":  { "uv": [ 15.40625, 0.5, 15.3125, 0.5625 ], "texture": "#main" }
            }
        }, 
        {
            "name": "long_1", 
            "from": [ 1.80178, 17.26409, 7.75 ], 
            "to":   [ 14.30178, 19.01409, 9.25 ], 
            "rotation": { "angle": 45, "axis": "z", "origin": [7.875, 12.875, 8.5] }, 
            "faces": {
                "north": { "uv": [ 14, 0, 14.78125, 0.125 ], "texture": "#main" }, 
                "east":  { "uv": [ 14.875, 1.125, 14.96875, 1.25 ], "texture": "#main" }, 
                "south": { "uv": [ 14, 0.125, 14.78125, 0.25 ], "texture": "#main" }, 
                "west":  { "uv": [ 15.0625, 1.125, 15.15625, 1.25 ], "texture": "#main" }, 
                "up":    { "uv": [ 14.78125, 0.59375, 14, 0.5 ], "texture": "#main" }, 
                "down":  { "uv": [ 14.78125, 0.625, 14, 0.71875 ], "texture": "#main" }
            }
        }, 
        {
            "name": "long_2", 
            "from": [ 3.84987, 6.83426, 7.75 ], 
            "to":   [ 14.59987, 8.58426, 9.25 ], 
            "rotation": { "angle": -45, "axis": "z", "origin": [7.875, 12.875, 8.5] }, 
            "faces": {
                "north": { "uv": [ 14, 0.25, 14.6875, 0.375 ], "texture": "#main" }, 
                "east":  { "uv": [ 15.0625, 0.875, 15.15625, 1 ], "texture": "#main" }, 
                "south": { "uv": [ 14, 0.375, 14.6875, 0.5 ], "texture": "#main" }, 
                "west":  { "uv": [ 15.0625, 1, 15.15625, 1.125 ], "texture": "#main" }, 
                "up":    { "uv": [ 15.375, 0.34375, 14.6875, 0.25 ], "texture": "#main" }, 
                "down":  { "uv": [ 15.375, 0.375, 14.6875, 0.46875 ], "texture": "#main" }
            }
        }, 
        {
            "from": [ 6.50736, 12.25, 7.5 ], 
            "to":   [ 9.25736, 12.75, 8 ], 
            "light_emission": 10, 
            "rotation": { "angle": 0, "axis": "y", "origin": [6.87868, 12.37868, 7.5] }, 
            "faces": {
                "north": { "uv": [ 0, 6, 0.09375, 6.03125 ], "texture": "#main" }, 
                "east":  { "uv": [ 0, 6.1875, 0.03125, 6.21875 ], "texture": "#main" }, 
                "south": { "uv": [ 0, 6.03125, 0.09375, 6.0625 ], "texture": "#main" }, 
                "west":  { "uv": [ 0.1875, 6, 0.21875, 6.03125 ], "texture": "#main" }, 
                "up":    { "uv": [ 0.09375, 6.09375, 0, 6.0625 ], "texture": "#main" }, 
                "down":  { "uv": [ 0.09375, 6.09375, 0, 6.125 ], "texture": "#main" }
            }
        }, 
        {
            "from": [ 6.48959, 11.94975, 7.5 ], 
            "to":   [ 9.23959, 12.44975, 8 ], 
            "light_emission": 10, 
            "rotation": { "angle": -45, "axis": "z", "origin": [6.86091, 12.07843, 7.5] }, 
            "faces": {
                "north": { "uv": [ 0.09375, 6, 0.1875, 6.03125 ], "texture": "#main" }, 
                "east":  { "uv": [ 0.03125, 6.1875, 0.0625, 6.21875 ], "texture": "#main" }, 
                "south": { "uv": [ 0.09375, 6.03125, 0.1875, 6.0625 ], "texture": "#main" }, 
                "west":  { "uv": [ 0.1875, 6.03125, 0.21875, 6.0625 ], "texture": "#main" }, 
                "up":    { "uv": [ 0.1875, 6.09375, 0.09375, 6.0625 ], "texture": "#main" }, 
                "down":  { "uv": [ 0.1875, 6.09375, 0.09375, 6.125 ], "texture": "#main" }
            }
        }, 
        {
            "from": [ 6.9415, 14.04074, 7.5 ], 
            "to":   [ 9.6915, 14.54074, 8 ], 
            "light_emission": 10, 
            "rotation": { "angle": -45, "axis": "z", "origin": [7.31282, 14.16942, 7.5] }, 
            "faces": {
                "north": { "uv": [ 0, 6.125, 0.09375, 6.15625 ], "texture": "#main" }, 
                "east":  { "uv": [ 0.0625, 6.1875, 0.09375, 6.21875 ], "texture": "#main" }, 
                "south": { "uv": [ 0.09375, 6.125, 0.1875, 6.15625 ], "texture": "#main" }, 
                "west":  { "uv": [ 0.1875, 6.0625, 0.21875, 6.09375 ], "texture": "#main" }, 
                "up":    { "uv": [ 0.09375, 6.1875, 0, 6.15625 ], "texture": "#main" }, 
                "down":  { "uv": [ 0.1875, 6.15625, 0.09375, 6.1875 ], "texture": "#main" }
            }
        }, 
        {
            "from": [ 6.50736, 12.25, 9 ], 
            "to":   [ 9.25736, 12.75, 9.5 ], 
            "light_emission": 10, 
            "rotation": { "angle": 0, "axis": "y", "origin": [6.87868, 12.37868, 9] }, 
            "faces": {
                "north": { "uv": [ 0, 6, 0.09375, 6.03125 ], "texture": "#main" }, 
                "east":  { "uv": [ 0, 6.1875, 0.03125, 6.21875 ], "texture": "#main" }, 
                "south": { "uv": [ 0, 6.03125, 0.09375, 6.0625 ], "texture": "#main" }, 
                "west":  { "uv": [ 0.1875, 6, 0.21875, 6.03125 ], "texture": "#main" }, 
                "up":    { "uv": [ 0.09375, 6.09375, 0, 6.0625 ], "texture": "#main" }, 
                "down":  { "uv": [ 0.09375, 6.09375, 0, 6.125 ], "texture": "#main" }
            }
        }, 
        {
            "from": [ 6.48959, 11.94975, 9 ], 
            "to":   [ 9.23959, 12.44975, 9.5 ], 
            "light_emission": 10, 
            "rotation": { "angle": -45, "axis": "z", "origin": [6.86091, 12.07843, 9] }, 
            "faces": {
                "north": { "uv": [ 0.09375, 6, 0.1875, 6.03125 ], "texture": "#main" }, 
                "east":  { "uv": [ 0.03125, 6.1875, 0.0625, 6.21875 ], "texture": "#main" }, 
                "south": { "uv": [ 0.09375, 6.03125, 0.1875, 6.0625 ], "texture": "#main" }, 
                "west":  { "uv": [ 0.1875, 6.03125, 0.21875, 6.0625 ], "texture": "#main" }, 
                "up":    { "uv": [ 0.1875, 6.09375, 0.09375, 6.0625 ], "texture": "#main" }, 
                "down":  { "uv": [ 0.1875, 6.09375, 0.09375, 6.125 ], "texture": "#main" }
            }
        }, 
        {
            "from": [ 6.9415, 14.04074, 9 ], 
            "to":   [ 9.6915, 14.54074, 9.5 ], 
            "light_emission": 10, 
            "rotation": { "angle": -45, "axis": "z", "origin": [7.31282, 14.16942, 9] }, 
            "faces": {
                "north": { "uv": [ 0, 6.125, 0.09375, 6.15625 ], "texture": "#main" }, 
                "east":  { "uv": [ 0.0625, 6.1875, 0.09375, 6.21875 ], "texture": "#main" }, 
                "south": { "uv": [ 0.09375, 6.125, 0.1875, 6.15625 ], "texture": "#main" }, 
                "west":  { "uv": [ 0.1875, 6.0625, 0.21875, 6.09375 ], "texture": "#main" }, 
                "up":    { "uv": [ 0.09375, 6.1875, 0, 6.15625 ], "texture": "#main" }, 
                "down":  { "uv": [ 0.1875, 6.15625, 0.09375, 6.1875 ], "texture": "#main" }
            }
        }, 
        {
            "name": "rune_overlay", 
            "from": [ 5.37868, 9.91421, 8 ], 
            "to":   [ 10.37868, 14.91421, 9 ], 
            "light_emission": 15, 
            "rotation": { "angle": 45, "axis": "z", "origin": [7.87868, 12.41421, 8.5] }, 
            "faces": {
                "north": { "uv": [ 0, 4, 0.3125, 4.3125 ], "texture": "#main" }, 
                "east":  { "uv": [ 0.3125, 4, 0.375, 4.3125 ], "texture": "#main" }, 
                "south": { "uv": [ 0, 4.3125, 0.3125, 4.625 ], "texture": "#main" }, 
                "west":  { "uv": [ 0.3125, 4.3125, 0.375, 4.625 ], "texture": "#main" }, 
                "up":    { "uv": [ 0.6875, 4.0625, 0.375, 4 ], "texture": "#main" }, 
                "down":  { "uv": [ 0.6875, 4.0625, 0.375, 4.125 ], "texture": "#main" }
            }
        }, 
        {
            "name": "long_1", 
            "from": [ 11.52665, 7.52881, 8 ], 
            "to":   [ 12.77665, 14.77881, 9 ], 
            "rotation": { "angle": 45, "axis": "z", "origin": [7.875, 12.375, 8.5] }, 
            "faces": {
                "north": { "uv": [ 2, 4.75, 2.09375, 5.21875 ], "texture": "#main" }, 
                "east":  { "uv": [ 3, 4.875, 3.0625, 5.34375 ], "texture": "#main" }, 
                "south": { "uv": [ 2.125, 4.75, 2.21875, 5.21875 ], "texture": "#main" }, 
                "west":  { "uv": [ 2.25, 5.0625, 2.3125, 5.53125 ], "texture": "#main" }, 
                "up":    { "uv": [ 3.34375, 4.125, 3.25, 4.0625 ], "texture": "#main" }, 
                "down":  { "uv": [ 3.34375, 4.125, 3.25, 4.1875 ], "texture": "#main" }
            }
        }, 
        {
            "name": "long_2", 
            "from": [ 4.34987, 7.54137, 8 ], 
            "to":   [ 11.34987, 8.79137, 9 ], 
            "rotation": { "angle": 45, "axis": "z", "origin": [7.875, 12.375, 8.5] }, 
            "faces": {
                "north": { "uv": [ 2.625, 4.75, 3.0625, 4.84375 ], "texture": "#main" }, 
                "east":  { "uv": [ 2.5625, 5.3125, 2.625, 5.40625 ], "texture": "#main" }, 
                "south": { "uv": [ 2.8125, 4, 3.25, 4.09375 ], "texture": "#main" }, 
                "west":  { "uv": [ 3.3125, 4.5625, 3.375, 4.65625 ], "texture": "#main" }, 
                "up":    { "uv": [ 3.25, 4.1875, 2.8125, 4.125 ], "texture": "#main" }, 
                "down":  { "uv": [ 3.25, 4.1875, 2.8125, 4.25 ], "texture": "#main" }
            }
        }, 
        {
            "name": "middle_1", 
            "from": [ 12, 16.75, 7.75 ], 
            "to":   [ 13.75, 20.5, 9.25 ], 
            "rotation": { "angle": 0, "axis": "y", "origin": [7.875, 12.375, 8.5] }, 
            "faces": {
                "north": { "uv": [ 2.8125, 4.5, 2.9375, 4.75 ], "texture": "#main" }, 
                "east":  { "uv": [ 2.9375, 4.5, 3.03125, 4.75 ], "texture": "#main" }, 
                "south": { "uv": [ 2.875, 4.875, 3, 5.125 ], "texture": "#main" }, 
                "west":  { "uv": [ 2.3125, 5.0625, 2.40625, 5.3125 ], "texture": "#main" }, 
                "up":    { "uv": [ 3.1875, 4.71875, 3.0625, 4.625 ], "texture": "#main" }, 
                "down":  { "uv": [ 3.1875, 4.75, 3.0625, 4.84375 ], "texture": "#main" }
            }
        }, 
        {
            "name": "middle_2", 
            "from": [ 15.5, 10.75, 7.5 ], 
            "to":   [ 17.75, 15, 9.5 ], 
            "rotation": { "angle": 0, "axis": "y", "origin": [7.875, 12.375, 8.5] }, 
            "faces": {
                "north": { "uv": [ 2.25, 4.75, 2.40625, 5.03125 ], "texture": "#main" }, 
                "east":  { "uv": [ 2.625, 4.875, 2.75, 5.15625 ], "texture": "#main" }, 
                "south": { "uv": [ 2.4375, 4.75, 2.59375, 5.03125 ], "texture": "#main" }, 
                "west":  { "uv": [ 2.75, 4.875, 2.875, 5.15625 ], "texture": "#main" }, 
                "up":    { "uv": [ 2.59375, 5.1875, 2.4375, 5.0625 ], "texture": "#main" }, 
                "down":  { "uv": [ 3.21875, 4.5, 3.0625, 4.625 ], "texture": "#main" }
            }
        }, 
        {
            "name": "small_1", 
            "from": [ 9.01777, 20.94239, 8 ], 
            "to":   [ 10.26777, 22.19239, 9 ], 
            "rotation": { "angle": -45, "axis": "z", "origin": [7.875, 12.375, 8.5] }, 
            "faces": {
                "north": { "uv": [ 3.1875, 4.625, 3.28125, 4.71875 ], "texture": "#main" }, 
                "east":  { "uv": [ 2.1875, 5.25, 2.25, 5.34375 ], "texture": "#main" }, 
                "south": { "uv": [ 2.6875, 5.1875, 2.78125, 5.28125 ], "texture": "#main" }, 
                "west":  { "uv": [ 3.25, 4.5, 3.3125, 4.59375 ], "texture": "#main" }, 
                "up":    { "uv": [ 3.34375, 4.25, 3.25, 4.1875 ], "texture": "#main" }, 
                "down":  { "uv": [ 2.96875, 5.25, 2.875, 5.3125 ], "texture": "#main" }
            }
        }, 
        {
            "name": "small_2", 
            "from": [ 13.96751, 11.75, 8 ], 
            "to":   [ 15.21751, 13, 9 ], 
            "rotation": { "angle": -45, "axis": "z", "origin": [7.875, 12.375, 8.5] }, 
            "faces": {
                "north": { "uv": [ 2.4375, 5.1875, 2.53125, 5.28125 ], "texture": "#main" }, 
                "east":  { "uv": [ 2.8125, 5.1875, 2.875, 5.28125 ], "texture": "#main" }, 
                "south": { "uv": [ 2.5625, 5.1875, 2.65625, 5.28125 ], "texture": "#main" }, 
                "west":  { "uv": [ 2, 5.25, 2.0625, 5.34375 ], "texture": "#main" }, 
                "up":    { "uv": [ 3.34375, 4.0625, 3.25, 4 ], "texture": "#main" }, 
                "down":  { "uv": [ 2.15625, 5.25, 2.0625, 5.3125 ], "texture": "#main" }
            }
        }, 
        {
            "name": "small_1", 
            "from": [ -0.88173, 15.28553, 8 ], 
            "to":   [ 0.36827, 16.53553, 9 ], 
            "rotation": { "angle": -45, "axis": "z", "origin": [7.875, 12.375, 8.5] }, 
            "faces": {
                "north": { "uv": [ 3.1875, 4.75, 3.28125, 4.84375 ], "texture": "#main" }, 
                "east":  { "uv": [ 3.0625, 5.25, 3.125, 5.34375 ], "texture": "#main" }, 
                "south": { "uv": [ 3.1875, 4.875, 3.28125, 4.96875 ], "texture": "#main" }, 
                "west":  { "uv": [ 3.125, 5.25, 3.1875, 5.34375 ], "texture": "#main" }, 
                "up":    { "uv": [ 3.28125, 5.3125, 3.1875, 5.25 ], "texture": "#main" }, 
                "down":  { "uv": [ 2.15625, 5.3125, 2.0625, 5.375 ], "texture": "#main" }
            }
        }, 
        {
            "name": "small_2", 
            "from": [ 8.31066, 3.26472, 8 ], 
            "to":   [ 9.56066, 4.51472, 9 ], 
            "rotation": { "angle": -45, "axis": "z", "origin": [7.875, 12.375, 8.5] }, 
            "faces": {
                "north": { "uv": [ 3.1875, 5, 3.28125, 5.09375 ], "texture": "#main" }, 
                "east":  { "uv": [ 2.3125, 5.3125, 2.375, 5.40625 ], "texture": "#main" }, 
                "south": { "uv": [ 3.1875, 5.125, 3.28125, 5.21875 ], "texture": "#main" }, 
                "west":  { "uv": [ 2.375, 5.3125, 2.4375, 5.40625 ], "texture": "#main" }, 
                "up":    { "uv": [ 2.53125, 5.375, 2.4375, 5.3125 ], "texture": "#main" }, 
                "down":  { "uv": [ 3.40625, 4.5, 3.3125, 4.5625 ], "texture": "#main" }
            }
        }, 
        {
            "name": "long_1", 
            "from": [ 1.80178, 16.76409, 7.75 ], 
            "to":   [ 14.30178, 18.51409, 9.25 ], 
            "rotation": { "angle": 45, "axis": "z", "origin": [7.875, 12.375, 8.5] }, 
            "faces": {
                "north": { "uv": [ 2, 4, 2.78125, 4.125 ], "texture": "#main" }, 
                "east":  { "uv": [ 2.875, 5.125, 2.96875, 5.25 ], "texture": "#main" }, 
                "south": { "uv": [ 2, 4.125, 2.78125, 4.25 ], "texture": "#main" }, 
                "west":  { "uv": [ 3.0625, 5.125, 3.15625, 5.25 ], "texture": "#main" }, 
                "up":    { "uv": [ 2.78125, 4.59375, 2, 4.5 ], "texture": "#main" }, 
                "down":  { "uv": [ 2.78125, 4.625, 2, 4.71875 ], "texture": "#main" }
            }
        }, 
        {
            "name": "long_2", 
            "from": [ 3.84987, 6.33426, 7.75 ], 
            "to":   [ 14.59987, 8.08426, 9.25 ], 
            "rotation": { "angle": -45, "axis": "z", "origin": [7.875, 12.375, 8.5] }, 
            "faces": {
                "north": { "uv": [ 2, 4.25, 2.6875, 4.375 ], "texture": "#main" }, 
                "east":  { "uv": [ 3.0625, 4.875, 3.15625, 5 ], "texture": "#main" }, 
                "south": { "uv": [ 2, 4.375, 2.6875, 4.5 ], "texture": "#main" }, 
                "west":  { "uv": [ 3.0625, 5, 3.15625, 5.125 ], "texture": "#main" }, 
                "up":    { "uv": [ 3.375, 4.34375, 2.6875, 4.25 ], "texture": "#main" }, 
                "down":  { "uv": [ 3.375, 4.375, 2.6875, 4.46875 ], "texture": "#main" }
            }
        }, 
        {
            "from": [ 6.50736, 11.75, 7.5 ], 
            "to":   [ 9.25736, 12.25, 8 ], 
            "light_emission": 10, 
            "rotation": { "angle": 0, "axis": "y", "origin": [6.87868, 11.87868, 7.5] }, 
            "faces": {
                "north": { "uv": [ 4, 6, 4.09375, 6.03125 ], "texture": "#main" }, 
                "east":  { "uv": [ 4, 6.1875, 4.03125, 6.21875 ], "texture": "#main" }, 
                "south": { "uv": [ 4, 6.03125, 4.09375, 6.0625 ], "texture": "#main" }, 
                "west":  { "uv": [ 4.1875, 6, 4.21875, 6.03125 ], "texture": "#main" }, 
                "up":    { "uv": [ 4.09375, 6.09375, 4, 6.0625 ], "texture": "#main" }, 
                "down":  { "uv": [ 4.09375, 6.09375, 4, 6.125 ], "texture": "#main" }
            }
        }, 
        {
            "from": [ 6.48959, 11.44975, 7.5 ], 
            "to":   [ 9.23959, 11.94975, 8 ], 
            "light_emission": 10, 
            "rotation": { "angle": -45, "axis": "z", "origin": [6.86091, 11.57843, 7.5] }, 
            "faces": {
                "north": { "uv": [ 4.09375, 6, 4.1875, 6.03125 ], "texture": "#main" }, 
                "east":  { "uv": [ 4.03125, 6.1875, 4.0625, 6.21875 ], "texture": "#main" }, 
                "south": { "uv": [ 4.09375, 6.03125, 4.1875, 6.0625 ], "texture": "#main" }, 
                "west":  { "uv": [ 4.1875, 6.03125, 4.21875, 6.0625 ], "texture": "#main" }, 
                "up":    { "uv": [ 4.1875, 6.09375, 4.09375, 6.0625 ], "texture": "#main" }, 
                "down":  { "uv": [ 4.1875, 6.09375, 4.09375, 6.125 ], "texture": "#main" }
            }
        }, 
        {
            "from": [ 6.9415, 13.54074, 7.5 ], 
            "to":   [ 9.6915, 14.04074, 8 ], 
            "light_emission": 10, 
            "rotation": { "angle": -45, "axis": "z", "origin": [7.31282, 13.66942, 7.5] }, 
            "faces": {
                "north": { "uv": [ 4, 6.125, 4.09375, 6.15625 ], "texture": "#main" }, 
                "east":  { "uv": [ 4.0625, 6.1875, 4.09375, 6.21875 ], "texture": "#main" }, 
                "south": { "uv": [ 4.09375, 6.125, 4.1875, 6.15625 ], "texture": "#main" }, 
                "west":  { "uv": [ 4.1875, 6.0625, 4.21875, 6.09375 ], "texture": "#main" }, 
                "up":    { "uv": [ 4.09375, 6.1875, 4, 6.15625 ], "texture": "#main" }, 
                "down":  { "uv": [ 4.1875, 6.15625, 4.09375, 6.1875 ], "texture": "#main" }
            }
        }, 
        {
            "from": [ 6.50736, 11.75, 9 ], 
            "to":   [ 9.25736, 12.25, 9.5 ], 
            "light_emission": 10, 
            "rotation": { "angle": 0, "axis": "y", "origin": [6.87868, 11.87868, 9] }, 
            "faces": {
                "north": { "uv": [ 4, 6, 4.09375, 6.03125 ], "texture": "#main" }, 
                "east":  { "uv": [ 4, 6.1875, 4.03125, 6.21875 ], "texture": "#main" }, 
                "south": { "uv": [ 4, 6.03125, 4.09375, 6.0625 ], "texture": "#main" }, 
                "west":  { "uv": [ 4.1875, 6, 4.21875, 6.03125 ], "texture": "#main" }, 
                "up":    { "uv": [ 4.09375, 6.09375, 4, 6.0625 ], "texture": "#main" }, 
                "down":  { "uv": [ 4.09375, 6.09375, 4, 6.125 ], "texture": "#main" }
            }
        }, 
        {
            "from": [ 6.48959, 11.44975, 9 ], 
            "to":   [ 9.23959, 11.94975, 9.5 ], 
            "light_emission": 10, 
            "rotation": { "angle": -45, "axis": "z", "origin": [6.86091, 11.57843, 9] }, 
            "faces": {
                "north": { "uv": [ 4.09375, 6, 4.1875, 6.03125 ], "texture": "#main" }, 
                "east":  { "uv": [ 4.03125, 6.1875, 4.0625, 6.21875 ], "texture": "#main" }, 
                "south": { "uv": [ 4.09375, 6.03125, 4.1875, 6.0625 ], "texture": "#main" }, 
                "west":  { "uv": [ 4.1875, 6.03125, 4.21875, 6.0625 ], "texture": "#main" }, 
                "up":    { "uv": [ 4.1875, 6.09375, 4.09375, 6.0625 ], "texture": "#main" }, 
                "down":  { "uv": [ 4.1875, 6.09375, 4.09375, 6.125 ], "texture": "#main" }
            }
        }, 
        {
            "from": [ 6.9415, 13.54074, 9 ], 
            "to":   [ 9.6915, 14.04074, 9.5 ], 
            "light_emission": 10, 
            "rotation": { "angle": -45, "axis": "z", "origin": [7.31282, 13.66942, 9] }, 
            "faces": {
                "north": { "uv": [ 4, 6.125, 4.09375, 6.15625 ], "texture": "#main" }, 
                "east":  { "uv": [ 4.0625, 6.1875, 4.09375, 6.21875 ], "texture": "#main" }, 
                "south": { "uv": [ 4.09375, 6.125, 4.1875, 6.15625 ], "texture": "#main" }, 
                "west":  { "uv": [ 4.1875, 6.0625, 4.21875, 6.09375 ], "texture": "#main" }, 
                "up":    { "uv": [ 4.09375, 6.1875, 4, 6.15625 ], "texture": "#main" }, 
                "down":  { "uv": [ 4.1875, 6.15625, 4.09375, 6.1875 ], "texture": "#main" }
            }
        }, 
        {
            "name": "rune_overlay", 
            "from": [ 5.37868, 9.41421, 8 ], 
            "to":   [ 10.37868, 14.41421, 9 ], 
            "light_emission": 15, 
            "rotation": { "angle": 45, "axis": "z", "origin": [7.87868, 11.91421, 8.5] }, 
            "faces": {
                "north": { "uv": [ 4, 4, 4.3125, 4.3125 ], "texture": "#main" }, 
                "east":  { "uv": [ 4.3125, 4, 4.375, 4.3125 ], "texture": "#main" }, 
                "south": { "uv": [ 4, 4.3125, 4.3125, 4.625 ], "texture": "#main" }, 
                "west":  { "uv": [ 4.3125, 4.3125, 4.375, 4.625 ], "texture": "#main" }, 
                "up":    { "uv": [ 4.6875, 4.0625, 4.375, 4 ], "texture": "#main" }, 
                "down":  { "uv": [ 4.6875, 4.0625, 4.375, 4.125 ], "texture": "#main" }
            }
        }, 
        {
            "name": "long_1", 
            "from": [ 11.52665, 7.02881, 8 ], 
            "to":   [ 12.77665, 14.27881, 9 ], 
            "rotation": { "angle": 45, "axis": "z", "origin": [7.875, 11.875, 8.5] }, 
            "faces": {
                "north": { "uv": [ 6, 4.75, 6.09375, 5.21875 ], "texture": "#main" }, 
                "east":  { "uv": [ 7, 4.875, 7.0625, 5.34375 ], "texture": "#main" }, 
                "south": { "uv": [ 6.125, 4.75, 6.21875, 5.21875 ], "texture": "#main" }, 
                "west":  { "uv": [ 6.25, 5.0625, 6.3125, 5.53125 ], "texture": "#main" }, 
                "up":    { "uv": [ 7.34375, 4.125, 7.25, 4.0625 ], "texture": "#main" }, 
                "down":  { "uv": [ 7.34375, 4.125, 7.25, 4.1875 ], "texture": "#main" }
            }
        }, 
        {
            "name": "long_2", 
            "from": [ 4.34987, 7.04137, 8 ], 
            "to":   [ 11.34987, 8.29137, 9 ], 
            "rotation": { "angle": 45, "axis": "z", "origin": [7.875, 11.875, 8.5] }, 
            "faces": {
                "north": { "uv": [ 6.625, 4.75, 7.0625, 4.84375 ], "texture": "#main" }, 
                "east":  { "uv": [ 6.5625, 5.3125, 6.625, 5.40625 ], "texture": "#main" }, 
                "south": { "uv": [ 6.8125, 4, 7.25, 4.09375 ], "texture": "#main" }, 
                "west":  { "uv": [ 7.3125, 4.5625, 7.375, 4.65625 ], "texture": "#main" }, 
                "up":    { "uv": [ 7.25, 4.1875, 6.8125, 4.125 ], "texture": "#main" }, 
                "down":  { "uv": [ 7.25, 4.1875, 6.8125, 4.25 ], "texture": "#main" }
            }
        }, 
        {
            "name": "middle_1", 
            "from": [ 12, 16.25, 7.75 ], 
            "to":   [ 13.75, 20, 9.25 ], 
            "rotation": { "angle": 0, "axis": "y", "origin": [7.875, 11.875, 8.5] }, 
            "faces": {
                "north": { "uv": [ 6.8125, 4.5, 6.9375, 4.75 ], "texture": "#main" }, 
                "east":  { "uv": [ 6.9375, 4.5, 7.03125, 4.75 ], "texture": "#main" }, 
                "south": { "uv": [ 6.875, 4.875, 7, 5.125 ], "texture": "#main" }, 
                "west":  { "uv": [ 6.3125, 5.0625, 6.40625, 5.3125 ], "texture": "#main" }, 
                "up":    { "uv": [ 7.1875, 4.71875, 7.0625, 4.625 ], "texture": "#main" }, 
                "down":  { "uv": [ 7.1875, 4.75, 7.0625, 4.84375 ], "texture": "#main" }
            }
        }, 
        {
            "name": "middle_2", 
            "from": [ 15.5, 10.25, 7.5 ], 
            "to":   [ 17.75, 14.5, 9.5 ], 
            "rotation": { "angle": 0, "axis": "y", "origin": [7.875, 11.875, 8.5] }, 
            "faces": {
                "north": { "uv": [ 6.25, 4.75, 6.40625, 5.03125 ], "texture": "#main" }, 
                "east":  { "uv": [ 6.625, 4.875, 6.75, 5.15625 ], "texture": "#main" }, 
                "south": { "uv": [ 6.4375, 4.75, 6.59375, 5.03125 ], "texture": "#main" }, 
                "west":  { "uv": [ 6.75, 4.875, 6.875, 5.15625 ], "texture": "#main" }, 
                "up":    { "uv": [ 6.59375, 5.1875, 6.4375, 5.0625 ], "texture": "#main" }, 
                "down":  { "uv": [ 7.21875, 4.5, 7.0625, 4.625 ], "texture": "#main" }
            }
        }, 
        {
            "name": "small_1", 
            "from": [ 9.01777, 20.44239, 8 ], 
            "to":   [ 10.26777, 21.69239, 9 ], 
            "rotation": { "angle": -45, "axis": "z", "origin": [7.875, 11.875, 8.5] }, 
            "faces": {
                "north": { "uv": [ 7.1875, 4.625, 7.28125, 4.71875 ], "texture": "#main" }, 
                "east":  { "uv": [ 6.1875, 5.25, 6.25, 5.34375 ], "texture": "#main" }, 
                "south": { "uv": [ 6.6875, 5.1875, 6.78125, 5.28125 ], "texture": "#main" }, 
                "west":  { "uv": [ 7.25, 4.5, 7.3125, 4.59375 ], "texture": "#main" }, 
                "up":    { "uv": [ 7.34375, 4.25, 7.25, 4.1875 ], "texture": "#main" }, 
                "down":  { "uv": [ 6.96875, 5.25, 6.875, 5.3125 ], "texture": "#main" }
            }
        }, 
        {
            "name": "small_2", 
            "from": [ 13.96751, 11.25, 8 ], 
            "to":   [ 15.21751, 12.5, 9 ], 
            "rotation": { "angle": -45, "axis": "z", "origin": [7.875, 11.875, 8.5] }, 
            "faces": {
                "north": { "uv": [ 6.4375, 5.1875, 6.53125, 5.28125 ], "texture": "#main" }, 
                "east":  { "uv": [ 6.8125, 5.1875, 6.875, 5.28125 ], "texture": "#main" }, 
                "south": { "uv": [ 6.5625, 5.1875, 6.65625, 5.28125 ], "texture": "#main" }, 
                "west":  { "uv": [ 6, 5.25, 6.0625, 5.34375 ], "texture": "#main" }, 
                "up":    { "uv": [ 7.34375, 4.0625, 7.25, 4 ], "texture": "#main" }, 
                "down":  { "uv": [ 6.15625, 5.25, 6.0625, 5.3125 ], "texture": "#main" }
            }
        }, 
        {
            "name": "small_1", 
            "from": [ -0.88173, 14.78553, 8 ], 
            "to":   [ 0.36827, 16.03553, 9 ], 
            "rotation": { "angle": -45, "axis": "z", "origin": [7.875, 11.875, 8.5] }, 
            "faces": {
                "north": { "uv": [ 7.1875, 4.75, 7.28125, 4.84375 ], "texture": "#main" }, 
                "east":  { "uv": [ 7.0625, 5.25, 7.125, 5.34375 ], "texture": "#main" }, 
                "south": { "uv": [ 7.1875, 4.875, 7.28125, 4.96875 ], "texture": "#main" }, 
                "west":  { "uv": [ 7.125, 5.25, 7.1875, 5.34375 ], "texture": "#main" }, 
                "up":    { "uv": [ 7.28125, 5.3125, 7.1875, 5.25 ], "texture": "#main" }, 
                "down":  { "uv": [ 6.15625, 5.3125, 6.0625, 5.375 ], "texture": "#main" }
            }
        }, 
        {
            "name": "small_2", 
            "from": [ 8.31066, 2.76472, 8 ], 
            "to":   [ 9.56066, 4.01472, 9 ], 
            "rotation": { "angle": -45, "axis": "z", "origin": [7.875, 11.875, 8.5] }, 
            "faces": {
                "north": { "uv": [ 7.1875, 5, 7.28125, 5.09375 ], "texture": "#main" }, 
                "east":  { "uv": [ 6.3125, 5.3125, 6.375, 5.40625 ], "texture": "#main" }, 
                "south": { "uv": [ 7.1875, 5.125, 7.28125, 5.21875 ], "texture": "#main" }, 
                "west":  { "uv": [ 6.375, 5.3125, 6.4375, 5.40625 ], "texture": "#main" }, 
                "up":    { "uv": [ 6.53125, 5.375, 6.4375, 5.3125 ], "texture": "#main" }, 
                "down":  { "uv": [ 7.40625, 4.5, 7.3125, 4.5625 ], "texture": "#main" }
            }
        }, 
        {
            "name": "long_1", 
            "from": [ 1.80178, 16.26409, 7.75 ], 
            "to":   [ 14.30178, 18.01409, 9.25 ], 
            "rotation": { "angle": 45, "axis": "z", "origin": [7.875, 11.875, 8.5] }, 
            "faces": {
                "north": { "uv": [ 6, 4, 6.78125, 4.125 ], "texture": "#main" }, 
                "east":  { "uv": [ 6.875, 5.125, 6.96875, 5.25 ], "texture": "#main" }, 
                "south": { "uv": [ 6, 4.125, 6.78125, 4.25 ], "texture": "#main" }, 
                "west":  { "uv": [ 7.0625, 5.125, 7.15625, 5.25 ], "texture": "#main" }, 
                "up":    { "uv": [ 6.78125, 4.59375, 6, 4.5 ], "texture": "#main" }, 
                "down":  { "uv": [ 6.78125, 4.625, 6, 4.71875 ], "texture": "#main" }
            }
        }, 
        {
            "name": "long_2", 
            "from": [ 3.84987, 5.83426, 7.75 ], 
            "to":   [ 14.59987, 7.58426, 9.25 ], 
            "rotation": { "angle": -45, "axis": "z", "origin": [7.875, 11.875, 8.5] }, 
            "faces": {
                "north": { "uv": [ 6, 4.25, 6.6875, 4.375 ], "texture": "#main" }, 
                "east":  { "uv": [ 7.0625, 4.875, 7.15625, 5 ], "texture": "#main" }, 
                "south": { "uv": [ 6, 4.375, 6.6875, 4.5 ], "texture": "#main" }, 
                "west":  { "uv": [ 7.0625, 5, 7.15625, 5.125 ], "texture": "#main" }, 
                "up":    { "uv": [ 7.375, 4.34375, 6.6875, 4.25 ], "texture": "#main" }, 
                "down":  { "uv": [ 7.375, 4.375, 6.6875, 4.46875 ], "texture": "#main" }
            }
        }
    ], 
    "display": {
        "thirdperson_righthand": {
            "translation": [ 0, -0.75, 0.5 ], 
            "scale": [ 0.38, 0.38, 0.38 ]
        }, 
        "thirdperson_lefthand": {
            "translation": [ 0, -0.75, 0.75 ], 
            "scale": [ 0.38, 0.38, 0.38 ]
        }, 
        "firstperson_righthand": {
            "translation": [ 2, -3, 0 ], 
            "scale": [ 0.67, 0.67, 0.67 ]
        }, 
        "firstperson_lefthand": {
            "translation": [ 2.25, -3, 0 ], 
            "scale": [ 0.67, 0.67, 0.67 ]
        }, 
        "gui": {
            "rotation": [ 0, -180, 0 ], 
            "translation": [ 0.5, -5.25, 0 ], 
            "scale": [ 0.79, 0.79, 0.79 ]
        }, 
        "head": {
            "translation": [ 0, 9.75, 0 ]
        }, 
        "fixed": {
            "translation": [ -0.75, -6.5, -1.25 ]
        }
    }, 
    "groups": [
        {
            "name": "center piece", 
            "origin": [
                10, 
                13, 
                7
            ], 
            "color": 0, 
            "children": [
                {
                    "name": "rune", 
                    "origin": [
                        7.31282, 
                        16.16942, 
                        9
                    ], 
                    "color": 0, 
                    "children": [
                        0, 
                        1, 
                        2
                    ]
                }, 
                {
                    "name": "rune", 
                    "origin": [
                        7.31282, 
                        16.16942, 
                        9
                    ], 
                    "color": 0, 
                    "children": [
                        3, 
                        4, 
                        5
                    ]
                }, 
                6
            ]
        }, 
        {
            "name": "left_side", 
            "origin": [
                13.75, 
                12, 
                7
            ], 
            "color": 0, 
            "children": [
                7, 
                8, 
                9, 
                10, 
                11, 
                12
            ]
        }, 
        {
            "name": "right_side", 
            "origin": [
                5.25, 
                17.25, 
                7
            ], 
            "color": 0, 
            "children": [
                13, 
                14, 
                15, 
                16
            ]
        }
    ], 
    "__comment": "Model animated using Fizzy's model animator - http://fizzy81.github.io/animated-models/"
}