{
	"credit": "Made by SHO310",
	"textures": {
		"0": "custom:item/sho/casino_chip_gold/casino_chip",
		"1": "custom:item/sho/casino_chip_gold/v",
		"particle": "custom:item/sho/casino_chip_gold/casino_chip"
	},
	"elements": [
		{
			"from": [6, 1, 1],
			"to": [10, 2, 15],
			"rotation": {"angle": 0, "axis": "y", "origin": [11, 1, 0]},
			"faces": {
				"north": {"uv": [9.5, 2.5, 11.5, 3], "texture": "#0"},
				"east": {"uv": [6.5, 0, 13.5, 0.5], "texture": "#0"},
				"south": {"uv": [9.5, 5, 11.5, 5.5], "texture": "#0"},
				"west": {"uv": [6.5, 0.5, 13.5, 1], "texture": "#0"},
				"up": {"uv": [2, 7, 0, 0], "texture": "#0"},
				"down": {"uv": [4, 0, 2, 7], "texture": "#0"}
			}
		},
		{
			"from": [10, 1, 6],
			"to": [15, 2, 10],
			"rotation": {"angle": 0, "axis": "y", "origin": [0, 1, 5]},
			"faces": {
				"north": {"uv": [9, 8, 11.5, 8.5], "texture": "#0"},
				"east": {"uv": [9.5, 1.5, 11.5, 2], "texture": "#0"},
				"south": {"uv": [9, 8.5, 11.5, 9], "texture": "#0"},
				"west": {"uv": [9.5, 2, 11.5, 2.5], "texture": "#0"},
				"up": {"uv": [6.5, 2, 4, 0], "texture": "#0"},
				"down": {"uv": [6.5, 2, 4, 4], "texture": "#0"}
			}
		},
		{
			"from": [2, 1, 4],
			"to": [6, 2, 6],
			"rotation": {"angle": 0, "axis": "y", "origin": [7, 1, 3]},
			"faces": {
				"north": {"uv": [9.5, 5.5, 11.5, 6], "texture": "#0"},
				"east": {"uv": [12.5, 6, 13.5, 6.5], "texture": "#0"},
				"south": {"uv": [9.5, 6, 11.5, 6.5], "texture": "#0"},
				"west": {"uv": [12, 12.5, 13, 13], "texture": "#0"},
				"up": {"uv": [8.5, 2, 6.5, 1], "texture": "#0"},
				"down": {"uv": [8.5, 2, 6.5, 3], "texture": "#0"}
			}
		},
		{
			"from": [2, 1, 10],
			"to": [6, 2, 12],
			"rotation": {"angle": 0, "axis": "y", "origin": [7, 1, 9]},
			"faces": {
				"north": {"uv": [9.5, 6.5, 11.5, 7], "texture": "#0"},
				"east": {"uv": [0, 13, 1, 13.5], "texture": "#0"},
				"south": {"uv": [9, 9.5, 11, 10], "texture": "#0"},
				"west": {"uv": [1, 13, 2, 13.5], "texture": "#0"},
				"up": {"uv": [8.5, 4, 6.5, 3], "texture": "#0"},
				"down": {"uv": [8.5, 4, 6.5, 5], "texture": "#0"}
			}
		},
		{
			"from": [10, 1, 10],
			"to": [14, 2, 12],
			"rotation": {"angle": 0, "axis": "y", "origin": [15, 1, 9]},
			"faces": {
				"north": {"uv": [3, 10, 5, 10.5], "texture": "#0"},
				"east": {"uv": [2, 13, 3, 13.5], "texture": "#0"},
				"south": {"uv": [5, 10, 7, 10.5], "texture": "#0"},
				"west": {"uv": [6, 13, 7, 13.5], "texture": "#0"},
				"up": {"uv": [8.5, 6, 6.5, 5], "texture": "#0"},
				"down": {"uv": [8.5, 6, 6.5, 7], "texture": "#0"}
			}
		},
		{
			"from": [10, 1, 4],
			"to": [14, 2, 6],
			"rotation": {"angle": 0, "axis": "y", "origin": [15, 1, 3]},
			"faces": {
				"north": {"uv": [7, 10, 9, 10.5], "texture": "#0"},
				"east": {"uv": [7, 13, 8, 13.5], "texture": "#0"},
				"south": {"uv": [9, 10, 11, 10.5], "texture": "#0"},
				"west": {"uv": [8, 13, 9, 13.5], "texture": "#0"},
				"up": {"uv": [2, 8, 0, 7], "texture": "#0"},
				"down": {"uv": [4, 7, 2, 8], "texture": "#0"}
			}
		},
		{
			"from": [10, 1, 2],
			"to": [12, 2, 4],
			"rotation": {"angle": 0, "axis": "y", "origin": [15, 1, 1]},
			"faces": {
				"north": {"uv": [9, 13, 10, 13.5], "texture": "#0"},
				"east": {"uv": [13, 9.5, 14, 10], "texture": "#0"},
				"south": {"uv": [13, 10, 14, 10.5], "texture": "#0"},
				"west": {"uv": [13, 10.5, 14, 11], "texture": "#0"},
				"up": {"uv": [6, 10, 5, 9], "texture": "#0"},
				"down": {"uv": [4, 10.5, 3, 11.5], "texture": "#0"}
			}
		},
		{
			"from": [4, 1, 2],
			"to": [6, 2, 4],
			"rotation": {"angle": 0, "axis": "y", "origin": [9, 1, 1]},
			"faces": {
				"north": {"uv": [11, 13, 12, 13.5], "texture": "#0"},
				"east": {"uv": [12, 13, 13, 13.5], "texture": "#0"},
				"south": {"uv": [13, 12.5, 14, 13], "texture": "#0"},
				"west": {"uv": [13, 13, 14, 13.5], "texture": "#0"},
				"up": {"uv": [11.5, 4, 10.5, 3], "texture": "#0"},
				"down": {"uv": [5, 10.5, 4, 11.5], "texture": "#0"}
			}
		},
		{
			"from": [4, 1, 12],
			"to": [6, 2, 14],
			"rotation": {"angle": 0, "axis": "y", "origin": [9, 1, 11]},
			"faces": {
				"north": {"uv": [0, 13.5, 1, 14], "texture": "#0"},
				"east": {"uv": [13.5, 0, 14.5, 0.5], "texture": "#0"},
				"south": {"uv": [13.5, 0.5, 14.5, 1], "texture": "#0"},
				"west": {"uv": [1, 13.5, 2, 14], "texture": "#0"},
				"up": {"uv": [11.5, 5, 10.5, 4], "texture": "#0"},
				"down": {"uv": [6, 10.5, 5, 11.5], "texture": "#0"}
			}
		},
		{
			"from": [10, 1, 12],
			"to": [12, 2, 14],
			"rotation": {"angle": 0, "axis": "y", "origin": [15, 1, 11]},
			"faces": {
				"north": {"uv": [2, 13.5, 3, 14], "texture": "#0"},
				"east": {"uv": [3, 13.5, 4, 14], "texture": "#0"},
				"south": {"uv": [13.5, 3, 14.5, 3.5], "texture": "#0"},
				"west": {"uv": [13.5, 3.5, 14.5, 4], "texture": "#0"},
				"up": {"uv": [7, 11.5, 6, 10.5], "texture": "#0"},
				"down": {"uv": [8, 10.5, 7, 11.5], "texture": "#0"}
			}
		},
		{
			"from": [12, 1, 12],
			"to": [13, 2, 13],
			"rotation": {"angle": 0, "axis": "y", "origin": [17, 1, 11]},
			"faces": {
				"north": {"uv": [1, 15, 1.5, 15.5], "texture": "#0"},
				"east": {"uv": [15, 1, 15.5, 1.5], "texture": "#0"},
				"south": {"uv": [1.5, 15, 2, 15.5], "texture": "#0"},
				"west": {"uv": [2, 15, 2.5, 15.5], "texture": "#0"},
				"up": {"uv": [3, 15.5, 2.5, 15], "texture": "#0"},
				"down": {"uv": [3.5, 15, 3, 15.5], "texture": "#0"}
			}
		},
		{
			"from": [12, 1, 3],
			"to": [13, 2, 4],
			"rotation": {"angle": 0, "axis": "y", "origin": [17, 1, 2]},
			"faces": {
				"north": {"uv": [3.5, 15, 4, 15.5], "texture": "#0"},
				"east": {"uv": [4, 15, 4.5, 15.5], "texture": "#0"},
				"south": {"uv": [4.5, 15, 5, 15.5], "texture": "#0"},
				"west": {"uv": [5, 15, 5.5, 15.5], "texture": "#0"},
				"up": {"uv": [6, 15.5, 5.5, 15], "texture": "#0"},
				"down": {"uv": [6.5, 15, 6, 15.5], "texture": "#0"}
			}
		},
		{
			"from": [3, 1, 3],
			"to": [4, 2, 4],
			"rotation": {"angle": 0, "axis": "y", "origin": [8, 1, 2]},
			"faces": {
				"north": {"uv": [6.5, 15, 7, 15.5], "texture": "#0"},
				"east": {"uv": [7, 15, 7.5, 15.5], "texture": "#0"},
				"south": {"uv": [7.5, 15, 8, 15.5], "texture": "#0"},
				"west": {"uv": [8, 15, 8.5, 15.5], "texture": "#0"},
				"up": {"uv": [9, 15.5, 8.5, 15], "texture": "#0"},
				"down": {"uv": [9.5, 15, 9, 15.5], "texture": "#0"}
			}
		},
		{
			"from": [3, 1, 12],
			"to": [4, 2, 13],
			"rotation": {"angle": 0, "axis": "y", "origin": [8, 1, 11]},
			"faces": {
				"north": {"uv": [9.5, 15, 10, 15.5], "texture": "#0"},
				"east": {"uv": [15, 9.5, 15.5, 10], "texture": "#0"},
				"south": {"uv": [10, 15, 10.5, 15.5], "texture": "#0"},
				"west": {"uv": [15, 10, 15.5, 10.5], "texture": "#0"},
				"up": {"uv": [11, 15.5, 10.5, 15], "texture": "#0"},
				"down": {"uv": [15.5, 10.5, 15, 11], "texture": "#0"}
			}
		},
		{
			"from": [1, 1, 6],
			"to": [6, 2, 10],
			"rotation": {"angle": 0, "axis": "y", "origin": [-9, 1, 5]},
			"faces": {
				"north": {"uv": [9, 9, 11.5, 9.5], "texture": "#0"},
				"east": {"uv": [10.5, 7, 12.5, 7.5], "texture": "#0"},
				"south": {"uv": [9.5, 1, 12, 1.5], "texture": "#0"},
				"west": {"uv": [10.5, 7.5, 12.5, 8], "texture": "#0"},
				"up": {"uv": [6.5, 6, 4, 4], "texture": "#0"},
				"down": {"uv": [6.5, 6, 4, 8], "texture": "#0"}
			}
		},
		{
			"from": [3, 2, 3],
			"to": [4, 3, 4],
			"rotation": {"angle": 0, "axis": "y", "origin": [8, 2, 3]},
			"faces": {
				"north": {"uv": [14, 15, 14.5, 15.5], "texture": "#0"},
				"east": {"uv": [15, 14, 15.5, 14.5], "texture": "#0"},
				"south": {"uv": [14.5, 15, 15, 15.5], "texture": "#0"},
				"west": {"uv": [15, 14.5, 15.5, 15], "texture": "#0"},
				"up": {"uv": [15.5, 15.5, 15, 15], "texture": "#0"},
				"down": {"uv": [0.5, 15.5, 0, 16], "texture": "#0"}
			}
		},
		{
			"from": [2, 2, 4],
			"to": [4, 3, 6],
			"rotation": {"angle": 0, "axis": "y", "origin": [7, 2, 4]},
			"faces": {
				"north": {"uv": [11, 13.5, 12, 14], "texture": "#0"},
				"east": {"uv": [12, 13.5, 13, 14], "texture": "#0"},
				"south": {"uv": [13, 13.5, 14, 14], "texture": "#0"},
				"west": {"uv": [0, 14, 1, 14.5], "texture": "#0"},
				"up": {"uv": [3, 12.5, 2, 11.5], "texture": "#0"},
				"down": {"uv": [12.5, 2.5, 11.5, 3.5], "texture": "#0"}
			}
		},
		{
			"from": [12, 2, 3],
			"to": [13, 3, 4],
			"rotation": {"angle": 0, "axis": "y", "origin": [17, 2, 3]},
			"faces": {
				"north": {"uv": [15.5, 0, 16, 0.5], "texture": "#0"},
				"east": {"uv": [0.5, 15.5, 1, 16], "texture": "#0"},
				"south": {"uv": [15.5, 0.5, 16, 1], "texture": "#0"},
				"west": {"uv": [1, 15.5, 1.5, 16], "texture": "#0"},
				"up": {"uv": [16, 1.5, 15.5, 1], "texture": "#0"},
				"down": {"uv": [2, 15.5, 1.5, 16], "texture": "#0"}
			}
		},
		{
			"from": [12, 2, 4],
			"to": [14, 3, 6],
			"rotation": {"angle": 0, "axis": "y", "origin": [18, 2, 4]},
			"faces": {
				"north": {"uv": [1, 14, 2, 14.5], "texture": "#0"},
				"east": {"uv": [14, 1, 15, 1.5], "texture": "#0"},
				"south": {"uv": [2, 14, 3, 14.5], "texture": "#0"},
				"west": {"uv": [3, 14, 4, 14.5], "texture": "#0"},
				"up": {"uv": [4, 12.5, 3, 11.5], "texture": "#0"},
				"down": {"uv": [12.5, 3.5, 11.5, 4.5], "texture": "#0"}
			}
		},
		{
			"from": [4, 2, 2],
			"to": [6, 3, 4],
			"rotation": {"angle": 0, "axis": "y", "origin": [9, 2, 2]},
			"faces": {
				"north": {"uv": [4, 14, 5, 14.5], "texture": "#0"},
				"east": {"uv": [5, 14, 6, 14.5], "texture": "#0"},
				"south": {"uv": [6, 14, 7, 14.5], "texture": "#0"},
				"west": {"uv": [7, 14, 8, 14.5], "texture": "#0"},
				"up": {"uv": [5, 12.5, 4, 11.5], "texture": "#0"},
				"down": {"uv": [12.5, 4.5, 11.5, 5.5], "texture": "#0"}
			}
		},
		{
			"from": [10, 2, 2],
			"to": [12, 3, 4],
			"rotation": {"angle": 0, "axis": "y", "origin": [16, 2, 2]},
			"faces": {
				"north": {"uv": [8, 14, 9, 14.5], "texture": "#0"},
				"east": {"uv": [9, 14, 10, 14.5], "texture": "#0"},
				"south": {"uv": [14, 9.5, 15, 10], "texture": "#0"},
				"west": {"uv": [10, 14, 11, 14.5], "texture": "#0"},
				"up": {"uv": [6, 12.5, 5, 11.5], "texture": "#0"},
				"down": {"uv": [12.5, 5.5, 11.5, 6.5], "texture": "#0"}
			}
		},
		{
			"from": [6, 2, 1],
			"to": [10, 3, 3],
			"rotation": {"angle": 0, "axis": "y", "origin": [11, 2, 1]},
			"faces": {
				"north": {"uv": [6, 11.5, 8, 12], "texture": "#0"},
				"east": {"uv": [14, 10, 15, 10.5], "texture": "#0"},
				"south": {"uv": [11.5, 6.5, 13.5, 7], "texture": "#0"},
				"west": {"uv": [14, 10.5, 15, 11], "texture": "#0"},
				"up": {"uv": [4, 9, 2, 8], "texture": "#0"},
				"down": {"uv": [6, 8, 4, 9], "texture": "#0"}
			}
		},
		{
			"from": [13, 2, 6],
			"to": [15, 3, 10],
			"rotation": {"angle": 0, "axis": "y", "origin": [15, 2, 11]},
			"faces": {
				"north": {"uv": [11, 14, 12, 14.5], "texture": "#0"},
				"east": {"uv": [8, 11.5, 10, 12], "texture": "#0"},
				"south": {"uv": [14, 11, 15, 11.5], "texture": "#0"},
				"west": {"uv": [11.5, 8, 13.5, 8.5], "texture": "#0"},
				"up": {"uv": [7, 10, 6, 8], "texture": "#0"},
				"down": {"uv": [8, 8, 7, 10], "texture": "#0"}
			}
		},
		{
			"from": [1, 2, 6],
			"to": [3, 3, 10],
			"rotation": {"angle": 0, "axis": "y", "origin": [3, 2, 11]},
			"faces": {
				"north": {"uv": [14, 11.5, 15, 12], "texture": "#0"},
				"east": {"uv": [11.5, 8.5, 13.5, 9], "texture": "#0"},
				"south": {"uv": [12, 14, 13, 14.5], "texture": "#0"},
				"west": {"uv": [11.5, 9, 13.5, 9.5], "texture": "#0"},
				"up": {"uv": [9, 10, 8, 8], "texture": "#0"},
				"down": {"uv": [9.5, 1, 8.5, 3], "texture": "#0"}
			}
		},
		{
			"from": [6, 2, 13],
			"to": [10, 3, 15],
			"rotation": {"angle": 0, "axis": "y", "origin": [11, 2, 13]},
			"faces": {
				"north": {"uv": [1, 11, 3, 11.5], "texture": "#0"},
				"east": {"uv": [13.5, 6.5, 14.5, 7], "texture": "#0"},
				"south": {"uv": [11, 9.5, 13, 10], "texture": "#0"},
				"west": {"uv": [7, 13.5, 8, 14], "texture": "#0"},
				"up": {"uv": [8.5, 8, 6.5, 7], "texture": "#0"},
				"down": {"uv": [2, 8, 0, 9], "texture": "#0"}
			}
		},
		{
			"from": [10, 2, 12],
			"to": [12, 3, 14],
			"rotation": {"angle": 0, "axis": "y", "origin": [16, 2, 12]},
			"faces": {
				"north": {"uv": [13.5, 5, 14.5, 5.5], "texture": "#0"},
				"east": {"uv": [13.5, 5.5, 14.5, 6], "texture": "#0"},
				"south": {"uv": [6, 13.5, 7, 14], "texture": "#0"},
				"west": {"uv": [13.5, 6, 14.5, 6.5], "texture": "#0"},
				"up": {"uv": [11, 11.5, 10, 10.5], "texture": "#0"},
				"down": {"uv": [1, 11, 0, 12], "texture": "#0"}
			}
		},
		{
			"from": [4, 2, 12],
			"to": [6, 3, 14],
			"rotation": {"angle": 0, "axis": "y", "origin": [9, 2, 12]},
			"faces": {
				"north": {"uv": [4, 13.5, 5, 14], "texture": "#0"},
				"east": {"uv": [13.5, 4, 14.5, 4.5], "texture": "#0"},
				"south": {"uv": [13.5, 4.5, 14.5, 5], "texture": "#0"},
				"west": {"uv": [5, 13.5, 6, 14], "texture": "#0"},
				"up": {"uv": [9, 11.5, 8, 10.5], "texture": "#0"},
				"down": {"uv": [10, 10.5, 9, 11.5], "texture": "#0"}
			}
		},
		{
			"from": [12, 2, 10],
			"to": [14, 3, 12],
			"rotation": {"angle": 0, "axis": "y", "origin": [18, 2, 10]},
			"faces": {
				"north": {"uv": [13.5, 8.5, 14.5, 9], "texture": "#0"},
				"east": {"uv": [9, 13.5, 10, 14], "texture": "#0"},
				"south": {"uv": [13.5, 9, 14.5, 9.5], "texture": "#0"},
				"west": {"uv": [10, 13.5, 11, 14], "texture": "#0"},
				"up": {"uv": [2, 12.5, 1, 11.5], "texture": "#0"},
				"down": {"uv": [12.5, 1.5, 11.5, 2.5], "texture": "#0"}
			}
		},
		{
			"from": [12, 2, 12],
			"to": [13, 3, 13],
			"rotation": {"angle": 0, "axis": "y", "origin": [17, 2, 11]},
			"faces": {
				"north": {"uv": [12.5, 15, 13, 15.5], "texture": "#0"},
				"east": {"uv": [15, 12.5, 15.5, 13], "texture": "#0"},
				"south": {"uv": [13, 15, 13.5, 15.5], "texture": "#0"},
				"west": {"uv": [15, 13, 15.5, 13.5], "texture": "#0"},
				"up": {"uv": [14, 15.5, 13.5, 15], "texture": "#0"},
				"down": {"uv": [15.5, 13.5, 15, 14], "texture": "#0"}
			}
		},
		{
			"from": [2, 2, 10],
			"to": [4, 3, 12],
			"rotation": {"angle": 0, "axis": "y", "origin": [7, 2, 10]},
			"faces": {
				"north": {"uv": [13.5, 7, 14.5, 7.5], "texture": "#0"},
				"east": {"uv": [13.5, 7.5, 14.5, 8], "texture": "#0"},
				"south": {"uv": [8, 13.5, 9, 14], "texture": "#0"},
				"west": {"uv": [13.5, 8, 14.5, 8.5], "texture": "#0"},
				"up": {"uv": [12, 11, 11, 10], "texture": "#0"},
				"down": {"uv": [12, 11, 11, 12], "texture": "#0"}
			}
		},
		{
			"from": [3, 2, 12],
			"to": [4, 3, 13],
			"rotation": {"angle": 0, "axis": "y", "origin": [8, 2, 11]},
			"faces": {
				"north": {"uv": [11, 15, 11.5, 15.5], "texture": "#0"},
				"east": {"uv": [15, 11, 15.5, 11.5], "texture": "#0"},
				"south": {"uv": [11.5, 15, 12, 15.5], "texture": "#0"},
				"west": {"uv": [15, 11.5, 15.5, 12], "texture": "#0"},
				"up": {"uv": [12.5, 15.5, 12, 15], "texture": "#0"},
				"down": {"uv": [15.5, 12, 15, 12.5], "texture": "#0"}
			}
		},
		{
			"from": [3, 0, 3],
			"to": [4, 1, 4],
			"rotation": {"angle": 0, "axis": "y", "origin": [8, 0, 3]},
			"faces": {
				"north": {"uv": [15.5, 1.5, 16, 2], "texture": "#0"},
				"east": {"uv": [2, 15.5, 2.5, 16], "texture": "#0"},
				"south": {"uv": [15.5, 2, 16, 2.5], "texture": "#0"},
				"west": {"uv": [2.5, 15.5, 3, 16], "texture": "#0"},
				"up": {"uv": [16, 3, 15.5, 2.5], "texture": "#0"},
				"down": {"uv": [3.5, 15.5, 3, 16], "texture": "#0"}
			}
		},
		{
			"from": [2, 0, 4],
			"to": [4, 1, 6],
			"rotation": {"angle": 0, "axis": "y", "origin": [7, 0, 4]},
			"faces": {
				"north": {"uv": [14, 12, 15, 12.5], "texture": "#0"},
				"east": {"uv": [14, 12.5, 15, 13], "texture": "#0"},
				"south": {"uv": [13, 14, 14, 14.5], "texture": "#0"},
				"west": {"uv": [14, 13, 15, 13.5], "texture": "#0"},
				"up": {"uv": [11, 12.5, 10, 11.5], "texture": "#0"},
				"down": {"uv": [1, 12, 0, 13], "texture": "#0"}
			}
		},
		{
			"from": [12, 0, 3],
			"to": [13, 1, 4],
			"rotation": {"angle": 0, "axis": "y", "origin": [17, 0, 3]},
			"faces": {
				"north": {"uv": [15.5, 3, 16, 3.5], "texture": "#0"},
				"east": {"uv": [3.5, 15.5, 4, 16], "texture": "#0"},
				"south": {"uv": [15.5, 3.5, 16, 4], "texture": "#0"},
				"west": {"uv": [4, 15.5, 4.5, 16], "texture": "#0"},
				"up": {"uv": [16, 4.5, 15.5, 4], "texture": "#0"},
				"down": {"uv": [5, 15.5, 4.5, 16], "texture": "#0"}
			}
		},
		{
			"from": [12, 0, 4],
			"to": [14, 1, 6],
			"rotation": {"angle": 0, "axis": "y", "origin": [18, 0, 4]},
			"faces": {
				"north": {"uv": [14, 13.5, 15, 14], "texture": "#0"},
				"east": {"uv": [14, 14, 15, 14.5], "texture": "#0"},
				"south": {"uv": [0, 14.5, 1, 15], "texture": "#0"},
				"west": {"uv": [14.5, 0, 15.5, 0.5], "texture": "#0"},
				"up": {"uv": [7, 13, 6, 12], "texture": "#0"},
				"down": {"uv": [8, 12, 7, 13], "texture": "#0"}
			}
		},
		{
			"from": [4, 0, 2],
			"to": [6, 1, 4],
			"rotation": {"angle": 0, "axis": "y", "origin": [9, 0, 2]},
			"faces": {
				"north": {"uv": [14.5, 0.5, 15.5, 1], "texture": "#0"},
				"east": {"uv": [1, 14.5, 2, 15], "texture": "#0"},
				"south": {"uv": [14.5, 1.5, 15.5, 2], "texture": "#0"},
				"west": {"uv": [2, 14.5, 3, 15], "texture": "#0"},
				"up": {"uv": [9, 13, 8, 12], "texture": "#0"},
				"down": {"uv": [10, 12, 9, 13], "texture": "#0"}
			}
		},
		{
			"from": [10, 0, 2],
			"to": [12, 1, 4],
			"rotation": {"angle": 0, "axis": "y", "origin": [16, 0, 2]},
			"faces": {
				"north": {"uv": [14.5, 2, 15.5, 2.5], "texture": "#0"},
				"east": {"uv": [14.5, 2.5, 15.5, 3], "texture": "#0"},
				"south": {"uv": [3, 14.5, 4, 15], "texture": "#0"},
				"west": {"uv": [14.5, 3, 15.5, 3.5], "texture": "#0"},
				"up": {"uv": [13, 11, 12, 10], "texture": "#0"},
				"down": {"uv": [12, 12, 11, 13], "texture": "#0"}
			}
		},
		{
			"from": [6, 0, 1],
			"to": [10, 1, 3],
			"rotation": {"angle": 0, "axis": "y", "origin": [11, 0, 1]},
			"faces": {
				"north": {"uv": [12, 1, 14, 1.5], "texture": "#0"},
				"east": {"uv": [14.5, 3.5, 15.5, 4], "texture": "#0"},
				"south": {"uv": [12, 11, 14, 11.5], "texture": "#0"},
				"west": {"uv": [4, 14.5, 5, 15], "texture": "#0"},
				"up": {"uv": [10.5, 4, 8.5, 3], "texture": "#0"},
				"down": {"uv": [10.5, 4, 8.5, 5], "texture": "#0"}
			}
		},
		{
			"from": [13, 0, 6],
			"to": [15, 1, 10],
			"rotation": {"angle": 0, "axis": "y", "origin": [15, 0, 11]},
			"faces": {
				"north": {"uv": [14.5, 4, 15.5, 4.5], "texture": "#0"},
				"east": {"uv": [12, 11.5, 14, 12], "texture": "#0"},
				"south": {"uv": [14.5, 4.5, 15.5, 5], "texture": "#0"},
				"west": {"uv": [12, 12, 14, 12.5], "texture": "#0"},
				"up": {"uv": [9.5, 7, 8.5, 5], "texture": "#0"},
				"down": {"uv": [1, 9, 0, 11], "texture": "#0"}
			}
		},
		{
			"from": [1, 0, 6],
			"to": [3, 1, 10],
			"rotation": {"angle": 0, "axis": "y", "origin": [3, 0, 11]},
			"faces": {
				"north": {"uv": [5, 14.5, 6, 15], "texture": "#0"},
				"east": {"uv": [1, 12.5, 3, 13], "texture": "#0"},
				"south": {"uv": [14.5, 5, 15.5, 5.5], "texture": "#0"},
				"west": {"uv": [12.5, 1.5, 14.5, 2], "texture": "#0"},
				"up": {"uv": [2, 11, 1, 9], "texture": "#0"},
				"down": {"uv": [3, 9, 2, 11], "texture": "#0"}
			}
		},
		{
			"from": [6, 0, 13],
			"to": [10, 1, 15],
			"rotation": {"angle": 0, "axis": "y", "origin": [11, 0, 13]},
			"faces": {
				"north": {"uv": [12.5, 2, 14.5, 2.5], "texture": "#0"},
				"east": {"uv": [14.5, 5.5, 15.5, 6], "texture": "#0"},
				"south": {"uv": [12.5, 2.5, 14.5, 3], "texture": "#0"},
				"west": {"uv": [6, 14.5, 7, 15], "texture": "#0"},
				"up": {"uv": [10.5, 8, 8.5, 7], "texture": "#0"},
				"down": {"uv": [5, 9, 3, 10], "texture": "#0"}
			}
		},
		{
			"from": [10, 0, 12],
			"to": [12, 1, 14],
			"rotation": {"angle": 0, "axis": "y", "origin": [16, 0, 12]},
			"faces": {
				"north": {"uv": [14.5, 6, 15.5, 6.5], "texture": "#0"},
				"east": {"uv": [14.5, 6.5, 15.5, 7], "texture": "#0"},
				"south": {"uv": [7, 14.5, 8, 15], "texture": "#0"},
				"west": {"uv": [14.5, 7, 15.5, 7.5], "texture": "#0"},
				"up": {"uv": [4, 13.5, 3, 12.5], "texture": "#0"},
				"down": {"uv": [13.5, 3, 12.5, 4], "texture": "#0"}
			}
		},
		{
			"from": [4, 0, 12],
			"to": [6, 1, 14],
			"rotation": {"angle": 0, "axis": "y", "origin": [9, 0, 12]},
			"faces": {
				"north": {"uv": [14.5, 7.5, 15.5, 8], "texture": "#0"},
				"east": {"uv": [8, 14.5, 9, 15], "texture": "#0"},
				"south": {"uv": [14.5, 8, 15.5, 8.5], "texture": "#0"},
				"west": {"uv": [14.5, 8.5, 15.5, 9], "texture": "#0"},
				"up": {"uv": [5, 13.5, 4, 12.5], "texture": "#0"},
				"down": {"uv": [13.5, 4, 12.5, 5], "texture": "#0"}
			}
		},
		{
			"from": [12, 0, 10],
			"to": [14, 1, 12],
			"rotation": {"angle": 0, "axis": "y", "origin": [18, 0, 10]},
			"faces": {
				"north": {"uv": [9, 14.5, 10, 15], "texture": "#0"},
				"east": {"uv": [14.5, 9, 15.5, 9.5], "texture": "#0"},
				"south": {"uv": [10, 14.5, 11, 15], "texture": "#0"},
				"west": {"uv": [11, 14.5, 12, 15], "texture": "#0"},
				"up": {"uv": [6, 13.5, 5, 12.5], "texture": "#0"},
				"down": {"uv": [13.5, 5, 12.5, 6], "texture": "#0"}
			}
		},
		{
			"from": [12, 0, 12],
			"to": [13, 1, 13],
			"rotation": {"angle": 0, "axis": "y", "origin": [17, 0, 11]},
			"faces": {
				"north": {"uv": [15.5, 4.5, 16, 5], "texture": "#0"},
				"east": {"uv": [5, 15.5, 5.5, 16], "texture": "#0"},
				"south": {"uv": [15.5, 5, 16, 5.5], "texture": "#0"},
				"west": {"uv": [5.5, 15.5, 6, 16], "texture": "#0"},
				"up": {"uv": [16, 6, 15.5, 5.5], "texture": "#0"},
				"down": {"uv": [6.5, 15.5, 6, 16], "texture": "#0"}
			}
		},
		{
			"from": [2, 0, 10],
			"to": [4, 1, 12],
			"rotation": {"angle": 0, "axis": "y", "origin": [7, 0, 10]},
			"faces": {
				"north": {"uv": [12, 14.5, 13, 15], "texture": "#0"},
				"east": {"uv": [13, 14.5, 14, 15], "texture": "#0"},
				"south": {"uv": [14, 14.5, 15, 15], "texture": "#0"},
				"west": {"uv": [0, 15, 1, 15.5], "texture": "#0"},
				"up": {"uv": [13.5, 8, 12.5, 7], "texture": "#0"},
				"down": {"uv": [11, 12.5, 10, 13.5], "texture": "#0"}
			}
		},
		{
			"from": [3, 0, 12],
			"to": [4, 1, 13],
			"rotation": {"angle": 0, "axis": "y", "origin": [8, 0, 11]},
			"faces": {
				"north": {"uv": [15.5, 6, 16, 6.5], "texture": "#0"},
				"east": {"uv": [6.5, 15.5, 7, 16], "texture": "#0"},
				"south": {"uv": [15.5, 6.5, 16, 7], "texture": "#0"},
				"west": {"uv": [7, 15.5, 7.5, 16], "texture": "#0"},
				"up": {"uv": [16, 7.5, 15.5, 7], "texture": "#0"},
				"down": {"uv": [8, 15.5, 7.5, 16], "texture": "#0"}
			}
		},
		{
			"from": [9, 2, 7],
			"to": [11, 3, 9],
			"rotation": {"angle": 0, "axis": "y", "origin": [15, 2, 7]},
			"faces": {
				"north": {"uv": [0, 6, 2, 7], "texture": "#1"},
				"east": {"uv": [6, 0, 8, 1], "texture": "#1"},
				"south": {"uv": [6, 1, 8, 2], "texture": "#1"},
				"west": {"uv": [2, 6, 4, 7], "texture": "#1"},
				"up": {"uv": [2, 6, 0, 4], "texture": "#1"},
				"down": {"uv": [6, 0, 4, 2], "texture": "#1"}
			}
		},
		{
			"from": [6, 2, 9],
			"to": [10, 3, 10],
			"rotation": {"angle": 0, "axis": "y", "origin": [14, 2, 8]},
			"faces": {
				"north": {"uv": [0, 0, 4, 1], "texture": "#1"},
				"east": {"uv": [4, 6, 5, 7], "texture": "#1"},
				"south": {"uv": [0, 1, 4, 2], "texture": "#1"},
				"west": {"uv": [6, 4, 7, 5], "texture": "#1"},
				"up": {"uv": [4, 3, 0, 2], "texture": "#1"},
				"down": {"uv": [4, 3, 0, 4], "texture": "#1"}
			}
		},
		{
			"from": [6, 2, 6],
			"to": [10, 3, 7],
			"rotation": {"angle": 0, "axis": "y", "origin": [14, 2, 5]},
			"faces": {
				"north": {"uv": [2, 4, 6, 5], "texture": "#1"},
				"east": {"uv": [5, 6, 6, 7], "texture": "#1"},
				"south": {"uv": [4, 2, 8, 3], "texture": "#1"},
				"west": {"uv": [6, 5, 7, 6], "texture": "#1"},
				"up": {"uv": [8, 4, 4, 3], "texture": "#1"},
				"down": {"uv": [6, 5, 2, 6], "texture": "#1"}
			}
		}
	],
	"display": {
		"thirdperson_righthand": {
			"rotation": [-90, 90, 0],
			"translation": [0, 1.5, 0],
			"scale": [0.24, 0.24, 0.24]
		},
		"thirdperson_lefthand": {
			"rotation": [-90, -90, 0],
			"translation": [0, 1.5, 0],
			"scale": [0.24, 0.24, 0.24]
		},
		"firstperson_righthand": {
			"rotation": [66, -90, 7],
			"translation": [0, 4, 2.75],
			"scale": [0.59, 0.59, 0.59]
		},
		"firstperson_lefthand": {
			"rotation": [66, 90, 7],
			"translation": [0, 3.25, 2.75],
			"scale": [0.59, 0.59, 0.59]
		},
		"ground": {
			"translation": [0, 1, 0],
			"scale": [0.24, 0.24, 0.24]
		},
		"gui": {
			"rotation": [90, -90, 0],
			"scale": [0.87, 0.87, 0.87]
		},
		"head": {
			"rotation": [0, 90, 0],
			"translation": [0, 8.25, 0],
			"scale": [0.24, 0.24, 0.24]
		},
		"fixed": {
			"rotation": [-90, 90, 0],
			"translation": [0, 0, -3],
			"scale": [0.5, 0.5, 0.5]
		}
	},
	"groups": [
		{
			"name": "chip_base",
			"origin": [-9, 0, 5],
			"color": 0,
			"children": [0, 1, 2, 3, 4, 5, 6, 7, 8, 9, 10, 11, 12, 13, 14]
		},
		{
			"name": "top_layer",
			"origin": [11, 2, 6],
			"color": 0,
			"children": [15, 16, 17, 18, 19, 20, 21, 22, 23, 24, 25, 26, 27, 28, 29, 30]
		},
		{
			"name": "bottom_layer",
			"origin": [11, 2, 6],
			"color": 0,
			"children": [31, 32, 33, 34, 35, 36, 37, 38, 39, 40, 41, 42, 43, 44, 45, 46]
		},
		{
			"name": "V",
			"origin": [13, 2, 7],
			"color": 0,
			"children": [47, 48, 49]
		}
	]
}