{
	"credit": "Made by SHO310",
	"texture_size": [32, 32],
	"textures": {
		"0": "custom:item/sho/bottle_of_wisdom/cork",
		"1": "custom:item/sho/bottle_of_wisdom/liquid",
		"2": "custom:item/sho/bottle_of_wisdom/bottle",
		"particle": "custom:item/sho/bottle_of_wisdom/cork"
	},
	"elements": [
		{
			"from": [5, 1, 11],
			"to": [11, 9, 12],
			"rotation": {"angle": 0, "axis": "y", "origin": [4, 0, 12]},
			"faces": {
				"north": {"uv": [0, 0, 3, 4], "texture": "#2"},
				"east": {"uv": [9.5, 11, 10, 15], "texture": "#2"},
				"south": {"uv": [3, 0, 6, 4], "texture": "#2"},
				"west": {"uv": [10, 11, 10.5, 15], "texture": "#2"},
				"up": {"uv": [4, 12.5, 1, 12], "texture": "#2"},
				"down": {"uv": [15, 4, 12, 4.5], "texture": "#2"}
			}
		},
		{
			"from": [5, 0, 5],
			"to": [11, 1, 11],
			"rotation": {"angle": 0, "axis": "y", "origin": [4, 0, 4]},
			"faces": {
				"north": {"uv": [12, 4.5, 15, 5], "texture": "#2"},
				"east": {"uv": [12, 5, 15, 5.5], "texture": "#2"},
				"south": {"uv": [12, 5.5, 15, 6], "texture": "#2"},
				"west": {"uv": [12, 6, 15, 6.5], "texture": "#2"},
				"up": {"uv": [9, 11, 6, 8], "texture": "#2"},
				"down": {"uv": [12, 0, 9, 3], "texture": "#2"}
			}
		},
		{
			"from": [5, 9, 5],
			"to": [11, 10, 11],
			"rotation": {"angle": 0, "axis": "y", "origin": [4, 9, 4]},
			"faces": {
				"north": {"uv": [12, 6.5, 15, 7], "texture": "#2"},
				"east": {"uv": [12, 7, 15, 7.5], "texture": "#2"},
				"south": {"uv": [12, 7.5, 15, 8], "texture": "#2"},
				"west": {"uv": [12, 8, 15, 8.5], "texture": "#2"},
				"up": {"uv": [12, 6, 9, 3], "texture": "#2"},
				"down": {"uv": [12, 6, 9, 9], "texture": "#2"}
			}
		},
		{
			"from": [4, 1, 5],
			"to": [5, 9, 11],
			"rotation": {"angle": 0, "axis": "y", "origin": [4, 0, 4]},
			"faces": {
				"north": {"uv": [10.5, 11, 11, 15], "texture": "#2"},
				"east": {"uv": [0, 4, 3, 8], "texture": "#2"},
				"south": {"uv": [11, 10.5, 11.5, 14.5], "texture": "#2"},
				"west": {"uv": [3, 4, 6, 8], "texture": "#2"},
				"up": {"uv": [4.5, 15, 4, 12], "texture": "#2"},
				"down": {"uv": [5, 12, 4.5, 15], "texture": "#2"}
			}
		},
		{
			"from": [11, 1, 5],
			"to": [12, 9, 11],
			"rotation": {"angle": 0, "axis": "y", "origin": [11, 0, 4]},
			"faces": {
				"north": {"uv": [11.5, 10.5, 12, 14.5], "texture": "#2"},
				"east": {"uv": [6, 0, 9, 4], "texture": "#2"},
				"south": {"uv": [0, 12, 0.5, 16], "texture": "#2"},
				"west": {"uv": [6, 4, 9, 8], "texture": "#2"},
				"up": {"uv": [5.5, 15, 5, 12], "texture": "#2"},
				"down": {"uv": [6, 12, 5.5, 15], "texture": "#2"}
			}
		},
		{
			"from": [6, 11, 6],
			"to": [10, 12, 10],
			"rotation": {"angle": 0, "axis": "y", "origin": [7, 10, 7]},
			"faces": {
				"north": {"uv": [12, 11, 14, 11.5], "texture": "#2"},
				"east": {"uv": [12, 11.5, 14, 12], "texture": "#2"},
				"south": {"uv": [12, 12, 14, 12.5], "texture": "#2"},
				"west": {"uv": [12.5, 0, 14.5, 0.5], "texture": "#2"},
				"up": {"uv": [11, 11, 9, 9], "texture": "#2"},
				"down": {"uv": [8, 11, 6, 13], "texture": "#2"}
			}
		},
		{
			"from": [6.5, 10, 6.5],
			"to": [9.5, 11, 9.5],
			"rotation": {"angle": 0, "axis": "y", "origin": [7, 10, 7]},
			"faces": {
				"north": {"uv": [12.5, 0.5, 14, 1], "texture": "#2"},
				"east": {"uv": [1, 12.5, 2.5, 13], "texture": "#2"},
				"south": {"uv": [12.5, 1, 14, 1.5], "texture": "#2"},
				"west": {"uv": [12.5, 1.5, 14, 2], "texture": "#2"},
				"up": {"uv": [9.5, 12.5, 8, 11], "texture": "#2"},
				"down": {"uv": [12.5, 9, 11, 10.5], "texture": "#2"}
			}
		},
		{
			"from": [5, 1, 4],
			"to": [11, 9, 5],
			"rotation": {"angle": 0, "axis": "y", "origin": [4, 0, 5]},
			"faces": {
				"north": {"uv": [0, 8, 3, 12], "texture": "#2"},
				"east": {"uv": [12, 0, 12.5, 4], "texture": "#2"},
				"south": {"uv": [3, 8, 6, 12], "texture": "#2"},
				"west": {"uv": [0.5, 12, 1, 16], "texture": "#2"},
				"up": {"uv": [15, 9, 12, 8.5], "texture": "#2"},
				"down": {"uv": [15, 10.5, 12, 11], "texture": "#2"}
			}
		},
		{
			"from": [6.5, 12, 6.5],
			"to": [9.5, 14, 9.5],
			"rotation": {"angle": 0, "axis": "y", "origin": [7, 12, 7]},
			"faces": {
				"north": {"uv": [3, 0, 6, 2], "texture": "#0"},
				"east": {"uv": [3, 2, 6, 4], "texture": "#0"},
				"south": {"uv": [3, 4, 6, 6], "texture": "#0"},
				"west": {"uv": [0, 6, 3, 8], "texture": "#0"},
				"up": {"uv": [3, 3, 0, 0], "texture": "#0"},
				"down": {"uv": [3, 3, 0, 6], "texture": "#0"}
			}
		},
		{
			"name": "liquid",
			"from": [5, 1, 5],
			"to": [11, 6, 11],
			"rotation": {"angle": 0, "axis": "y", "origin": [4, 1, 4]},
			"faces": {
				"north": {"uv": [3, 0, 6, 2.5], "texture": "#1"},
				"east": {"uv": [3, 2.5, 6, 5], "texture": "#1"},
				"south": {"uv": [3, 5, 6, 7.5], "texture": "#1"},
				"west": {"uv": [0, 6, 3, 8.5], "texture": "#1"},
				"up": {"uv": [3, 3, 0, 0], "texture": "#1"},
				"down": {"uv": [3, 3, 0, 6], "texture": "#1"}
			}
		}
	],
	"display": {
		"thirdperson_righthand": {
			"scale": [0.47, 0.47, 0.47]
		},
		"thirdperson_lefthand": {
			"scale": [0.47, 0.47, 0.47]
		},
		"ground": {
			"translation": [0, 4.25, 0]
		},
		"gui": {
			"translation": [0, 1, 0],
			"scale": [0.94, 0.94, 0.94]
		},
		"head": {
			"translation": [0, 14.5, 0]
		},
		"fixed": {
			"translation": [0, 0, -2]
		}
	},
	"groups": [
		{
			"name": "bottle",
			"origin": [4, 0, 5],
			"color": 0,
			"children": [0, 1, 2, 3, 4, 5, 6, 7]
		},
		{
			"name": "cork",
			"origin": [7, 12, 7],
			"color": 0,
			"children": [8]
		},
		{
			"name": "liquid",
			"origin": [4, 1, 4],
			"color": 0,
			"children": [9]
		}
	]
}