{
	"credit": "Made by SHO310",
	"texture_size": [64, 64],
	"textures": {
		"0": "custom:item/sho/mounted_telescope/mount",
		"1": "custom:item/sho/mounted_telescope/telescope",
		"2": "custom:item/sho/mounted_telescope/table",
		"particle": "custom:item/sho/mounted_telescope/mount"
	},
	"elements": [
		{
			"from": [3, 19, 5],
			"to": [13, 20, 7],
			"rotation": {"angle": 0, "axis": "y", "origin": [2, 19, 5]},
			"faces": {
				"north": {"uv": [4, 2, 9, 2.5], "texture": "#0"},
				"east": {"uv": [5.5, 4, 6.5, 4.5], "texture": "#0"},
				"south": {"uv": [4, 2.5, 9, 3], "texture": "#0"},
				"west": {"uv": [5.5, 4.5, 6.5, 5], "texture": "#0"},
				"up": {"uv": [5, 1, 0, 0], "texture": "#0"},
				"down": {"uv": [5, 1, 0, 2], "texture": "#0"}
			}
		},
		{
			"from": [3, 20, 5],
			"to": [4, 25.5, 7],
			"rotation": {"angle": 0, "axis": "y", "origin": [3, 20, 5]},
			"faces": {
				"north": {"uv": [2, 5, 2.5, 7.75], "texture": "#0"},
				"east": {"uv": [0, 2, 1, 4.75], "texture": "#0"},
				"south": {"uv": [2.5, 5, 3, 7.75], "texture": "#0"},
				"west": {"uv": [1, 2, 2, 4.75], "texture": "#0"},
				"up": {"uv": [5, 6, 4.5, 5], "texture": "#0"},
				"down": {"uv": [6, 5, 5.5, 6], "texture": "#0"}
			}
		},
		{
			"from": [12, 20, 5],
			"to": [13, 25.5, 7],
			"rotation": {"angle": 0, "axis": "y", "origin": [12, 20, 5]},
			"faces": {
				"north": {"uv": [3, 5, 3.5, 7.75], "texture": "#0"},
				"east": {"uv": [2, 2, 3, 4.75], "texture": "#0"},
				"south": {"uv": [5, 3, 5.5, 5.75], "texture": "#0"},
				"west": {"uv": [3, 2, 4, 4.75], "texture": "#0"},
				"up": {"uv": [6.5, 1, 6, 0], "texture": "#0"},
				"down": {"uv": [6.5, 1, 6, 2], "texture": "#0"}
			}
		},
		{
			"from": [13, 24, 5.5],
			"to": [13.5, 25, 6.5],
			"rotation": {"angle": 0, "axis": "y", "origin": [12, 24, 5.5]},
			"faces": {
				"north": {"uv": [6, 5, 6.25, 5.5], "texture": "#0"},
				"east": {"uv": [3.5, 6, 4, 6.5], "texture": "#0"},
				"south": {"uv": [5.5, 6, 5.75, 6.5], "texture": "#0"},
				"west": {"uv": [4, 6, 4.5, 6.5], "texture": "#0"},
				"up": {"uv": [6.25, 6, 6, 5.5], "texture": "#0"},
				"down": {"uv": [6.25, 6, 6, 6.5], "texture": "#0"}
			}
		},
		{
			"from": [11, 24.25, 5.75],
			"to": [12, 24.75, 6.25],
			"rotation": {"angle": 0, "axis": "y", "origin": [10, 24, 5.5]},
			"faces": {
				"north": {"uv": [6.5, 0, 7, 0.25], "texture": "#0"},
				"east": {"uv": [6.5, 5, 6.75, 5.25], "texture": "#0"},
				"south": {"uv": [6.5, 0.5, 7, 0.75], "texture": "#0"},
				"west": {"uv": [5.5, 6.5, 5.75, 6.75], "texture": "#0"},
				"up": {"uv": [7, 1.25, 6.5, 1], "texture": "#0"},
				"down": {"uv": [7, 1.5, 6.5, 1.75], "texture": "#0"}
			}
		},
		{
			"from": [2.5, 24, 5.5],
			"to": [3, 25, 6.5],
			"rotation": {"angle": 0, "axis": "y", "origin": [1.5, 24, 5.5]},
			"faces": {
				"north": {"uv": [6.5, 3, 6.75, 3.5], "texture": "#0"},
				"east": {"uv": [4.5, 6, 5, 6.5], "texture": "#0"},
				"south": {"uv": [3.5, 6.5, 3.75, 7], "texture": "#0"},
				"west": {"uv": [5, 6, 5.5, 6.5], "texture": "#0"},
				"up": {"uv": [6.75, 4, 6.5, 3.5], "texture": "#0"},
				"down": {"uv": [4.25, 6.5, 4, 7], "texture": "#0"}
			}
		},
		{
			"from": [4, 24.25, 5.75],
			"to": [5, 24.75, 6.25],
			"rotation": {"angle": 0, "axis": "y", "origin": [3, 24, 5.5]},
			"faces": {
				"north": {"uv": [6.5, 4, 7, 4.25], "texture": "#0"},
				"east": {"uv": [6.5, 5.5, 6.75, 5.75], "texture": "#0"},
				"south": {"uv": [4.5, 6.5, 5, 6.75], "texture": "#0"},
				"west": {"uv": [6, 6.5, 6.25, 6.75], "texture": "#0"},
				"up": {"uv": [7, 4.75, 6.5, 4.5], "texture": "#0"},
				"down": {"uv": [5.5, 6.5, 5, 6.75], "texture": "#0"}
			}
		},
		{
			"from": [7, 15, 5],
			"to": [9, 19, 7],
			"rotation": {"angle": 0, "axis": "y", "origin": [7, 17, 5]},
			"faces": {
				"north": {"uv": [4, 3, 5, 5], "texture": "#0"},
				"east": {"uv": [0, 5, 1, 7], "texture": "#0"},
				"south": {"uv": [5, 0, 6, 2], "texture": "#0"},
				"west": {"uv": [1, 5, 2, 7], "texture": "#0"},
				"up": {"uv": [4.5, 6, 3.5, 5], "texture": "#0"},
				"down": {"uv": [6.5, 3, 5.5, 4], "texture": "#0"}
			}
		},
		{
			"from": [2, 19, 30],
			"to": [14, 21, 32],
			"rotation": {"angle": -22.5, "axis": "x", "origin": [8, 24.5, 6]},
			"faces": {
				"north": {"uv": [9.25, 9.5, 12.25, 10], "texture": "#1"},
				"east": {"uv": [3.5, 6.75, 4, 7.25], "texture": "#1"},
				"south": {"uv": [9.25, 10, 12.25, 10.5], "texture": "#1"},
				"west": {"uv": [3.5, 7.25, 4, 7.75], "texture": "#1"},
				"up": {"uv": [13.25, 2.25, 10.25, 1.75], "texture": "#1"},
				"down": {"uv": [13.25, 2.25, 10.25, 2.75], "texture": "#1"}
			}
		},
		{
			"from": [2, 21, 30],
			"to": [4, 29, 32],
			"rotation": {"angle": -22.5, "axis": "x", "origin": [8, 24.5, 6]},
			"faces": {
				"north": {"uv": [6, 8, 6.5, 10], "texture": "#1"},
				"east": {"uv": [1.75, 9.25, 2.25, 11.25], "texture": "#1"},
				"south": {"uv": [6.5, 9.75, 7, 11.75], "texture": "#1"},
				"west": {"uv": [7, 9.75, 7.5, 11.75], "texture": "#1"},
				"up": {"uv": [1.75, 11.5, 1.25, 11], "texture": "#1"},
				"down": {"uv": [11.5, 8, 11, 8.5], "texture": "#1"}
			}
		},
		{
			"from": [12, 21, 30],
			"to": [14, 29, 32],
			"rotation": {"angle": -22.5, "axis": "x", "origin": [8, 24.5, 6]},
			"faces": {
				"north": {"uv": [7.5, 9.75, 8, 11.75], "texture": "#1"},
				"east": {"uv": [6, 10, 6.5, 12], "texture": "#1"},
				"south": {"uv": [2.25, 10.5, 2.75, 12.5], "texture": "#1"},
				"west": {"uv": [2.75, 10.5, 3.25, 12.5], "texture": "#1"},
				"up": {"uv": [8.75, 11.5, 8.25, 11], "texture": "#1"},
				"down": {"uv": [11.5, 8.5, 11, 9], "texture": "#1"}
			}
		},
		{
			"from": [4, 21, 30],
			"to": [12, 29, 31],
			"rotation": {"angle": -22.5, "axis": "x", "origin": [8, 24.5, 6]},
			"faces": {
				"north": {"uv": [8.25, 1.75, 10.25, 3.75], "texture": "#1"},
				"east": {"uv": [8, 9.75, 8.25, 11.75], "texture": "#1"},
				"south": {"uv": [8.25, 3.75, 10.25, 5.75], "texture": "#1"},
				"west": {"uv": [3.25, 10.5, 3.5, 12.5], "texture": "#1"},
				"up": {"uv": [12.5, 1.75, 10.5, 1.5], "texture": "#1"},
				"down": {"uv": [11.25, 10.5, 9.25, 10.75], "texture": "#1"}
			}
		},
		{
			"from": [2, 29, 30],
			"to": [14, 31, 32],
			"rotation": {"angle": -22.5, "axis": "x", "origin": [8, 24.5, 6]},
			"faces": {
				"north": {"uv": [10.25, 2.75, 13.25, 3.25], "texture": "#1"},
				"east": {"uv": [8.75, 11, 9.25, 11.5], "texture": "#1"},
				"south": {"uv": [10.25, 3.25, 13.25, 3.75], "texture": "#1"},
				"west": {"uv": [11, 9, 11.5, 9.5], "texture": "#1"},
				"up": {"uv": [13.25, 4.25, 10.25, 3.75], "texture": "#1"},
				"down": {"uv": [13.25, 4.25, 10.25, 4.75], "texture": "#1"}
			}
		},
		{
			"from": [3, 20, 14],
			"to": [13, 30, 30],
			"rotation": {"angle": -22.5, "axis": "x", "origin": [8, 24.5, 6]},
			"faces": {
				"north": {"uv": [0, 6.75, 2.5, 9.25], "texture": "#1"},
				"east": {"uv": [0, 0, 4, 2.5], "texture": "#1"},
				"south": {"uv": [2.5, 8, 5, 10.5], "texture": "#1"},
				"west": {"uv": [0, 2.5, 4, 5], "texture": "#1"},
				"up": {"uv": [6.5, 4, 4, 0], "texture": "#1"},
				"down": {"uv": [6.5, 4, 4, 8], "texture": "#1"}
			}
		},
		{
			"from": [4.5, 21.5, -2],
			"to": [11.5, 28.5, 14],
			"rotation": {"angle": -22.5, "axis": "x", "origin": [8, 24.5, 6]},
			"faces": {
				"north": {"uv": [0, 9.25, 1.75, 11], "texture": "#1"},
				"east": {"uv": [0, 5, 4, 6.75], "texture": "#1"},
				"south": {"uv": [9.25, 7.75, 11, 9.5], "texture": "#1"},
				"west": {"uv": [6.5, 0, 10.5, 1.75], "texture": "#1"},
				"up": {"uv": [8.25, 5.75, 6.5, 1.75], "texture": "#1"},
				"down": {"uv": [8.25, 5.75, 6.5, 9.75], "texture": "#1"}
			}
		},
		{
			"from": [5.5, 26.5, -16],
			"to": [10.5, 27.5, -15],
			"rotation": {"angle": -22.5, "axis": "x", "origin": [8, 24.5, 6]},
			"faces": {
				"north": {"uv": [2.5, 7.75, 3.75, 8], "texture": "#1"},
				"east": {"uv": [3.75, 7.75, 4, 8], "texture": "#1"},
				"south": {"uv": [3.5, 10.5, 4.75, 10.75], "texture": "#1"},
				"west": {"uv": [2.25, 10, 2.5, 10.25], "texture": "#1"},
				"up": {"uv": [4.75, 11, 3.5, 10.75], "texture": "#1"},
				"down": {"uv": [10.5, 10.75, 9.25, 11], "texture": "#1"}
			}
		},
		{
			"from": [5.5, 23.5, -16],
			"to": [6.5, 26.5, -15],
			"rotation": {"angle": -22.5, "axis": "x", "origin": [8, 24.5, 6]},
			"faces": {
				"north": {"uv": [2.25, 9.25, 2.5, 10], "texture": "#1"},
				"east": {"uv": [4.75, 10.5, 5, 11.25], "texture": "#1"},
				"south": {"uv": [9.25, 11, 9.5, 11.75], "texture": "#1"},
				"west": {"uv": [9.5, 11, 9.75, 11.75], "texture": "#1"},
				"up": {"uv": [2.5, 10.5, 2.25, 10.25], "texture": "#1"},
				"down": {"uv": [11.5, 0.25, 11.25, 0.5], "texture": "#1"}
			}
		},
		{
			"from": [9.5, 23.5, -16],
			"to": [10.5, 26.5, -15],
			"rotation": {"angle": -22.5, "axis": "x", "origin": [8, 24.5, 6]},
			"faces": {
				"north": {"uv": [9.75, 11, 10, 11.75], "texture": "#1"},
				"east": {"uv": [10, 11, 10.25, 11.75], "texture": "#1"},
				"south": {"uv": [10.25, 11, 10.5, 11.75], "texture": "#1"},
				"west": {"uv": [10.5, 11, 10.75, 11.75], "texture": "#1"},
				"up": {"uv": [11.5, 0.75, 11.25, 0.5], "texture": "#1"},
				"down": {"uv": [1, 11.25, 0.75, 11.5], "texture": "#1"}
			}
		},
		{
			"from": [6.5, 23.5, -15.5],
			"to": [9.5, 26.5, -15],
			"rotation": {"angle": -22.5, "axis": "x", "origin": [8, 24.5, 6]},
			"faces": {
				"north": {"uv": [10.5, 0, 11.25, 0.75], "texture": "#1"},
				"east": {"uv": [10.75, 11, 10.875, 11.75], "texture": "#1"},
				"south": {"uv": [10.5, 0.75, 11.25, 1.5], "texture": "#1"},
				"west": {"uv": [11, 11, 11.125, 11.75], "texture": "#1"},
				"up": {"uv": [0.75, 11.375, 0, 11.25], "texture": "#1"},
				"down": {"uv": [12, 0, 11.25, 0.125], "texture": "#1"}
			}
		},
		{
			"from": [5.5, 22.5, -16],
			"to": [10.5, 23.5, -15],
			"rotation": {"angle": -22.5, "axis": "x", "origin": [8, 24.5, 6]},
			"faces": {
				"north": {"uv": [10.5, 10.75, 11.75, 11], "texture": "#1"},
				"east": {"uv": [11.25, 0.75, 11.5, 1], "texture": "#1"},
				"south": {"uv": [0, 11, 1.25, 11.25], "texture": "#1"},
				"west": {"uv": [1, 11.25, 1.25, 11.5], "texture": "#1"},
				"up": {"uv": [4.75, 11.25, 3.5, 11], "texture": "#1"},
				"down": {"uv": [12.25, 7.75, 11, 8], "texture": "#1"}
			}
		},
		{
			"from": [6, 23, -15],
			"to": [10, 27, -2],
			"rotation": {"angle": -22.5, "axis": "x", "origin": [8, 24.5, 6]},
			"faces": {
				"north": {"uv": [2.5, 6.75, 3.5, 7.75], "texture": "#1"},
				"east": {"uv": [8.25, 5.75, 11.5, 6.75], "texture": "#1"},
				"south": {"uv": [10.25, 4.75, 11.25, 5.75], "texture": "#1"},
				"west": {"uv": [8.25, 6.75, 11.5, 7.75], "texture": "#1"},
				"up": {"uv": [6, 11.25, 5, 8], "texture": "#1"},
				"down": {"uv": [9.25, 7.75, 8.25, 11], "texture": "#1"}
			}
		},
		{
			"name": "plate",
			"from": [2, 13, 0],
			"to": [14, 14, 12],
			"rotation": {"angle": 45, "axis": "y", "origin": [8, 13.5, 6]},
			"faces": {
				"north": {"uv": [6.5, 3.25, 9.5, 3.5], "texture": "#2"},
				"east": {"uv": [6.5, 3.5, 9.5, 3.75], "texture": "#2"},
				"south": {"uv": [6.5, 3.75, 9.5, 4], "texture": "#2"},
				"west": {"uv": [6.5, 4, 9.5, 4.25], "texture": "#2"},
				"up": {"uv": [3, 3, 0, 0], "texture": "#2"},
				"down": {"uv": [3, 3, 0, 6], "texture": "#2"}
			}
		},
		{
			"name": "plate",
			"from": [3, 14, 0],
			"to": [13, 15, 10],
			"rotation": {"angle": 45, "axis": "y", "origin": [9, 14.5, 6]},
			"faces": {
				"north": {"uv": [6.5, 4.25, 9, 4.5], "texture": "#2"},
				"east": {"uv": [6.5, 4.5, 9, 4.75], "texture": "#2"},
				"south": {"uv": [6.5, 4.75, 9, 5], "texture": "#2"},
				"west": {"uv": [6.5, 5, 9, 5.25], "texture": "#2"},
				"up": {"uv": [5.5, 2.5, 3, 0], "texture": "#2"},
				"down": {"uv": [5.5, 2.5, 3, 5], "texture": "#2"}
			}
		},
		{
			"from": [0, 0, 5],
			"to": [2, 13, 7],
			"rotation": {"angle": 45, "axis": "y", "origin": [1, 1, 6]},
			"faces": {
				"north": {"uv": [3, 5, 3.5, 8.25], "texture": "#2"},
				"east": {"uv": [3.5, 5, 4, 8.25], "texture": "#2"},
				"south": {"uv": [4, 5, 4.5, 8.25], "texture": "#2"},
				"west": {"uv": [4.5, 5, 5, 8.25], "texture": "#2"},
				"up": {"uv": [7, 5.75, 6.5, 5.25], "texture": "#2"},
				"down": {"uv": [6, 6.5, 5.5, 7], "texture": "#2"}
			}
		},
		{
			"from": [7, 0, -2],
			"to": [9, 13, 0],
			"rotation": {"angle": 45, "axis": "y", "origin": [8, 1, -1]},
			"faces": {
				"north": {"uv": [5, 5, 5.5, 8.25], "texture": "#2"},
				"east": {"uv": [5.5, 0, 6, 3.25], "texture": "#2"},
				"south": {"uv": [5.5, 3.25, 6, 6.5], "texture": "#2"},
				"west": {"uv": [0, 6, 0.5, 9.25], "texture": "#2"},
				"up": {"uv": [7, 6.25, 6.5, 5.75], "texture": "#2"},
				"down": {"uv": [6.5, 6.5, 6, 7], "texture": "#2"}
			}
		},
		{
			"from": [7, 0, 12],
			"to": [9, 13, 14],
			"rotation": {"angle": 45, "axis": "y", "origin": [8, 1, 13]},
			"faces": {
				"north": {"uv": [6, 0, 6.5, 3.25], "texture": "#2"},
				"east": {"uv": [0.5, 6, 1, 9.25], "texture": "#2"},
				"south": {"uv": [1, 6, 1.5, 9.25], "texture": "#2"},
				"west": {"uv": [1.5, 6, 2, 9.25], "texture": "#2"},
				"up": {"uv": [7, 6.75, 6.5, 6.25], "texture": "#2"},
				"down": {"uv": [7, 6.75, 6.5, 7.25], "texture": "#2"}
			}
		},
		{
			"from": [14, 0, 5],
			"to": [16, 13, 7],
			"rotation": {"angle": 45, "axis": "y", "origin": [15, 1, 6]},
			"faces": {
				"north": {"uv": [2, 6, 2.5, 9.25], "texture": "#2"},
				"east": {"uv": [2.5, 6, 3, 9.25], "texture": "#2"},
				"south": {"uv": [6, 3.25, 6.5, 6.5], "texture": "#2"},
				"west": {"uv": [6.5, 0, 7, 3.25], "texture": "#2"},
				"up": {"uv": [7.5, 0.5, 7, 0], "texture": "#2"},
				"down": {"uv": [7.5, 0.5, 7, 1], "texture": "#2"}
			}
		}
	],
	"display": {
		"ground": {
			"translation": [0, 4.5, 0]
		},
		"gui": {
			"rotation": [29, 47, 0],
			"translation": [-0.75, -2.75, 0],
			"scale": [0.35, 0.35, 0.35]
		},
		"head": {
			"translation": [0, 14.25, 1.75]
		},
		"fixed": {
			"rotation": [-90, 0, 0],
			"translation": [0, 5, -20],
			"scale": [2.5, 2.5, 2.5]
		}
	},
	"groups": [
		{
			"name": "mount",
			"origin": [7, 17, 5],
			"color": 0,
			"children": [0, 1, 2, 3, 4, 5, 6, 7]
		},
		{
			"name": "telescope",
			"origin": [5, 24, 5.5],
			"color": 0,
			"children": [8, 9, 10, 11, 12, 13, 14, 15, 16, 17, 18, 19, 20]
		},
		{
			"name": "table",
			"origin": [15, 1, 6],
			"color": 0,
			"children": [21, 22, 23, 24, 25, 26]
		}
	]
}