{
	"credit": "Made by SHO310",
	"texture_size": [64, 64],
	"textures": {
		"0": "custom:item/sho/popcorn_box/popcorn",
		"1": "custom:item/sho/popcorn_box/box",
		"particle": "custom:item/sho/popcorn_box/popcorn"
	},
	"elements": [
		{
			"name": "box",
			"from": [3, 0, 3],
			"to": [12, 13, 12],
			"rotation": {"angle": 0, "axis": "y", "origin": [3, 0, 3]},
			"faces": {
				"north": {"uv": [0, 0, 2.25, 3.25], "texture": "#1"},
				"east": {"uv": [2.25, 0, 4.5, 3.25], "texture": "#1"},
				"south": {"uv": [0, 3.25, 2.25, 6.5], "texture": "#1"},
				"west": {"uv": [2.25, 3.25, 4.5, 6.5], "texture": "#1"},
				"up": {"uv": [6.75, 2.25, 4.5, 0], "texture": "#1"},
				"down": {"uv": [6.75, 2.25, 4.5, 4.5], "texture": "#1"}
			}
		},
		{
			"name": "sign",
			"from": [4, 6, 2.75],
			"to": [11, 9, 2.75],
			"rotation": {"angle": 0, "axis": "y", "origin": [4, 6, 2.75]},
			"faces": {
				"north": {"uv": [4.5, 4.5, 6.25, 5.25], "texture": "#1"},
				"east": {"uv": [0, 0, 0, 0.75], "texture": "#1"},
				"south": {"uv": [4.5, 5.25, 6.25, 6], "texture": "#1"},
				"west": {"uv": [0, 0, 0, 0.75], "texture": "#1"},
				"up": {"uv": [1.75, 0, 0, 0], "texture": "#1"},
				"down": {"uv": [1.75, 0, 0, 0], "texture": "#1"}
			}
		},
		{
			"from": [3, 13, 3],
			"to": [12, 15, 3],
			"rotation": {"angle": -22.5, "axis": "x", "origin": [12, 13, 3]},
			"faces": {
				"north": {"uv": [4.5, 6, 6.75, 6.5], "texture": "#1"},
				"east": {"uv": [0, 0, 0, 0.5], "texture": "#1"},
				"south": {"uv": [6.25, 4.5, 8.5, 5], "texture": "#1"},
				"west": {"uv": [0, 0, 0, 0.5], "texture": "#1"},
				"up": {"uv": [2.25, 0, 0, 0], "texture": "#1"},
				"down": {"uv": [2.25, 0, 0, 0], "texture": "#1"}
			}
		},
		{
			"from": [3, 13, 3],
			"to": [3, 15, 12],
			"rotation": {"angle": 22.5, "axis": "z", "origin": [3, 13, 3]},
			"faces": {
				"north": {"uv": [0, 0, 0, 0.5], "texture": "#1"},
				"east": {"uv": [6.25, 5, 8.5, 5.5], "texture": "#1"},
				"south": {"uv": [0, 0, 0, 0.5], "texture": "#1"},
				"west": {"uv": [6.25, 5.5, 8.5, 6], "texture": "#1"},
				"up": {"uv": [0, 2.25, 0, 0], "texture": "#1"},
				"down": {"uv": [0, 0, 0, 2.25], "texture": "#1"}
			}
		},
		{
			"from": [12, 13, 3],
			"to": [12, 15, 12],
			"rotation": {"angle": -22.5, "axis": "z", "origin": [12, 13, 12]},
			"faces": {
				"north": {"uv": [0, 0, 0, 0.5], "texture": "#1"},
				"east": {"uv": [0, 6.5, 2.25, 7], "texture": "#1"},
				"south": {"uv": [0, 0, 0, 0.5], "texture": "#1"},
				"west": {"uv": [2.25, 6.5, 4.5, 7], "texture": "#1"},
				"up": {"uv": [0, 2.25, 0, 0], "texture": "#1"},
				"down": {"uv": [0, 0, 0, 2.25], "texture": "#1"}
			}
		},
		{
			"from": [3, 13, 12],
			"to": [12, 15, 12],
			"rotation": {"angle": 22.5, "axis": "x", "origin": [12, 13, 12]},
			"faces": {
				"north": {"uv": [4.5, 6.5, 6.75, 7], "texture": "#1"},
				"east": {"uv": [0, 0, 0, 0.5], "texture": "#1"},
				"south": {"uv": [6.75, 0, 9, 0.5], "texture": "#1"},
				"west": {"uv": [0, 0, 0, 0.5], "texture": "#1"},
				"up": {"uv": [2.25, 0, 0, 0], "texture": "#1"},
				"down": {"uv": [2.25, 0, 0, 0], "texture": "#1"}
			}
		},
		{
			"from": [3, 13, 3],
			"to": [5, 15, 5],
			"rotation": {"angle": 0, "axis": "y", "origin": [3, 13, 3]},
			"faces": {
				"north": {"uv": [2, 2, 2.5, 2.5], "texture": "#0"},
				"east": {"uv": [0, 2.5, 0.5, 3], "texture": "#0"},
				"south": {"uv": [2.5, 0, 3, 0.5], "texture": "#0"},
				"west": {"uv": [0.5, 2.5, 1, 3], "texture": "#0"},
				"up": {"uv": [3, 1, 2.5, 0.5], "texture": "#0"},
				"down": {"uv": [1.5, 2.5, 1, 3], "texture": "#0"}
			}
		},
		{
			"from": [3.75, 15, 3.75],
			"to": [4.75, 16, 4.75],
			"rotation": {"angle": 0, "axis": "y", "origin": [3.75, 15, 3.75]},
			"faces": {
				"north": {"uv": [4.5, 1.5, 4.75, 1.75], "texture": "#0"},
				"east": {"uv": [1.75, 4.5, 2, 4.75], "texture": "#0"},
				"south": {"uv": [4.5, 1.75, 4.75, 2], "texture": "#0"},
				"west": {"uv": [2, 4.5, 2.25, 4.75], "texture": "#0"},
				"up": {"uv": [4.75, 2.25, 4.5, 2], "texture": "#0"},
				"down": {"uv": [2.5, 4.5, 2.25, 4.75], "texture": "#0"}
			}
		},
		{
			"from": [5.5, 15, 3.5],
			"to": [6.5, 16, 4.5],
			"rotation": {"angle": 22.5, "axis": "y", "origin": [5.5, 15, 3.5]},
			"faces": {
				"north": {"uv": [4.5, 2.25, 4.75, 2.5], "texture": "#0"},
				"east": {"uv": [2.5, 4.5, 2.75, 4.75], "texture": "#0"},
				"south": {"uv": [4.5, 2.5, 4.75, 2.75], "texture": "#0"},
				"west": {"uv": [2.75, 4.5, 3, 4.75], "texture": "#0"},
				"up": {"uv": [4.75, 3, 4.5, 2.75], "texture": "#0"},
				"down": {"uv": [3.25, 4.5, 3, 4.75], "texture": "#0"}
			}
		},
		{
			"from": [6.75, 15, 3.25],
			"to": [7.75, 16, 4.25],
			"rotation": {"angle": 0, "axis": "y", "origin": [6.75, 15, 3.25]},
			"faces": {
				"north": {"uv": [4.5, 3, 4.75, 3.25], "texture": "#0"},
				"east": {"uv": [3.25, 4.5, 3.5, 4.75], "texture": "#0"},
				"south": {"uv": [4.5, 3.25, 4.75, 3.5], "texture": "#0"},
				"west": {"uv": [3.5, 4.5, 3.75, 4.75], "texture": "#0"},
				"up": {"uv": [4.75, 3.75, 4.5, 3.5], "texture": "#0"},
				"down": {"uv": [4, 4.5, 3.75, 4.75], "texture": "#0"}
			}
		},
		{
			"from": [4.75, 15, 3.5],
			"to": [5.75, 16, 4.5],
			"rotation": {"angle": 0, "axis": "y", "origin": [4.75, 15, 3.5]},
			"faces": {
				"north": {"uv": [4.5, 3.75, 4.75, 4], "texture": "#0"},
				"east": {"uv": [4, 4.5, 4.25, 4.75], "texture": "#0"},
				"south": {"uv": [4.5, 4, 4.75, 4.25], "texture": "#0"},
				"west": {"uv": [4.25, 4.5, 4.5, 4.75], "texture": "#0"},
				"up": {"uv": [4.75, 4.5, 4.5, 4.25], "texture": "#0"},
				"down": {"uv": [4.75, 4.5, 4.5, 4.75], "texture": "#0"}
			}
		},
		{
			"from": [4.75, 13, 3.5],
			"to": [5.75, 15, 4.5],
			"rotation": {"angle": 22.5, "axis": "y", "origin": [4.75, 14, 3.5]},
			"faces": {
				"north": {"uv": [2.5, 1, 2.75, 1.5], "texture": "#0"},
				"east": {"uv": [1.5, 2.5, 1.75, 3], "texture": "#0"},
				"south": {"uv": [2.5, 1.5, 2.75, 2], "texture": "#0"},
				"west": {"uv": [1.75, 2.5, 2, 3], "texture": "#0"},
				"up": {"uv": [5, 0.25, 4.75, 0], "texture": "#0"},
				"down": {"uv": [5, 0.25, 4.75, 0.5], "texture": "#0"}
			}
		},
		{
			"from": [3, 13, 5.25],
			"to": [4, 15, 6.25],
			"rotation": {"angle": 22.5, "axis": "y", "origin": [3, 14, 5.25]},
			"faces": {
				"north": {"uv": [2, 2.5, 2.25, 3], "texture": "#0"},
				"east": {"uv": [2.5, 2, 2.75, 2.5], "texture": "#0"},
				"south": {"uv": [2.25, 2.5, 2.5, 3], "texture": "#0"},
				"west": {"uv": [2.5, 2.5, 2.75, 3], "texture": "#0"},
				"up": {"uv": [5, 0.75, 4.75, 0.5], "texture": "#0"},
				"down": {"uv": [5, 0.75, 4.75, 1], "texture": "#0"}
			}
		},
		{
			"from": [3.25, 12.75, 6],
			"to": [4.25, 14.75, 7],
			"rotation": {"angle": 0, "axis": "y", "origin": [3.25, 13.75, 6]},
			"faces": {
				"north": {"uv": [2.75, 1, 3, 1.5], "texture": "#0"},
				"east": {"uv": [2.75, 1.5, 3, 2], "texture": "#0"},
				"south": {"uv": [2.75, 2, 3, 2.5], "texture": "#0"},
				"west": {"uv": [2.75, 2.5, 3, 3], "texture": "#0"},
				"up": {"uv": [5, 1.25, 4.75, 1], "texture": "#0"},
				"down": {"uv": [5, 1.25, 4.75, 1.5], "texture": "#0"}
			}
		},
		{
			"from": [3.5, 13, 7],
			"to": [4.5, 15, 8],
			"rotation": {"angle": -22.5, "axis": "y", "origin": [3.5, 14, 7]},
			"faces": {
				"north": {"uv": [0, 3, 0.25, 3.5], "texture": "#0"},
				"east": {"uv": [3, 0, 3.25, 0.5], "texture": "#0"},
				"south": {"uv": [0.25, 3, 0.5, 3.5], "texture": "#0"},
				"west": {"uv": [0.5, 3, 0.75, 3.5], "texture": "#0"},
				"up": {"uv": [5, 1.75, 4.75, 1.5], "texture": "#0"},
				"down": {"uv": [2, 4.75, 1.75, 5], "texture": "#0"}
			}
		},
		{
			"from": [3.5, 13, 7.5],
			"to": [4.5, 15, 8.5],
			"rotation": {"angle": -22.5, "axis": "y", "origin": [3.5, 14, 7.5]},
			"faces": {
				"north": {"uv": [3, 0.5, 3.25, 1], "texture": "#0"},
				"east": {"uv": [0.75, 3, 1, 3.5], "texture": "#0"},
				"south": {"uv": [1, 3, 1.25, 3.5], "texture": "#0"},
				"west": {"uv": [3, 1, 3.25, 1.5], "texture": "#0"},
				"up": {"uv": [5, 2, 4.75, 1.75], "texture": "#0"},
				"down": {"uv": [2.25, 4.75, 2, 5], "texture": "#0"}
			}
		},
		{
			"from": [6, 13, 3],
			"to": [7, 15, 4],
			"rotation": {"angle": -22.5, "axis": "y", "origin": [6, 14, 3]},
			"faces": {
				"north": {"uv": [1.25, 3, 1.5, 3.5], "texture": "#0"},
				"east": {"uv": [1.5, 3, 1.75, 3.5], "texture": "#0"},
				"south": {"uv": [3, 1.5, 3.25, 2], "texture": "#0"},
				"west": {"uv": [1.75, 3, 2, 3.5], "texture": "#0"},
				"up": {"uv": [5, 2.25, 4.75, 2], "texture": "#0"},
				"down": {"uv": [2.5, 4.75, 2.25, 5], "texture": "#0"}
			}
		},
		{
			"from": [6.75, 13, 3],
			"to": [7.75, 15, 4],
			"rotation": {"angle": 0, "axis": "y", "origin": [6.75, 14, 3]},
			"faces": {
				"north": {"uv": [2, 3, 2.25, 3.5], "texture": "#0"},
				"east": {"uv": [3, 2, 3.25, 2.5], "texture": "#0"},
				"south": {"uv": [2.25, 3, 2.5, 3.5], "texture": "#0"},
				"west": {"uv": [2.5, 3, 2.75, 3.5], "texture": "#0"},
				"up": {"uv": [5, 2.5, 4.75, 2.25], "texture": "#0"},
				"down": {"uv": [2.75, 4.75, 2.5, 5], "texture": "#0"}
			}
		},
		{
			"from": [3, 15, 5],
			"to": [4, 16, 6],
			"rotation": {"angle": 45, "axis": "y", "origin": [3, 15, 5]},
			"faces": {
				"north": {"uv": [4.75, 2.5, 5, 2.75], "texture": "#0"},
				"east": {"uv": [2.75, 4.75, 3, 5], "texture": "#0"},
				"south": {"uv": [4.75, 2.75, 5, 3], "texture": "#0"},
				"west": {"uv": [3, 4.75, 3.25, 5], "texture": "#0"},
				"up": {"uv": [5, 3.25, 4.75, 3], "texture": "#0"},
				"down": {"uv": [3.5, 4.75, 3.25, 5], "texture": "#0"}
			}
		},
		{
			"from": [3, 15, 7],
			"to": [4, 16, 8],
			"rotation": {"angle": 45, "axis": "y", "origin": [3, 15, 7]},
			"faces": {
				"north": {"uv": [4.75, 3.25, 5, 3.5], "texture": "#0"},
				"east": {"uv": [3.5, 4.75, 3.75, 5], "texture": "#0"},
				"south": {"uv": [4.75, 3.5, 5, 3.75], "texture": "#0"},
				"west": {"uv": [3.75, 4.75, 4, 5], "texture": "#0"},
				"up": {"uv": [5, 4, 4.75, 3.75], "texture": "#0"},
				"down": {"uv": [4.25, 4.75, 4, 5], "texture": "#0"}
			}
		},
		{
			"from": [3, 14.75, 7.5],
			"to": [4, 15.75, 8.5],
			"rotation": {"angle": 0, "axis": "y", "origin": [3, 14.75, 8.5]},
			"faces": {
				"north": {"uv": [4.75, 4, 5, 4.25], "texture": "#0"},
				"east": {"uv": [4.25, 4.75, 4.5, 5], "texture": "#0"},
				"south": {"uv": [4.75, 4.25, 5, 4.5], "texture": "#0"},
				"west": {"uv": [4.5, 4.75, 4.75, 5], "texture": "#0"},
				"up": {"uv": [5, 4.75, 4.75, 4.5], "texture": "#0"},
				"down": {"uv": [5, 4.75, 4.75, 5], "texture": "#0"}
			}
		},
		{
			"from": [3, 14.75, 5.25],
			"to": [4, 15.75, 6.25],
			"rotation": {"angle": -22.5, "axis": "y", "origin": [3, 14.75, 6.25]},
			"faces": {
				"north": {"uv": [0, 5, 0.25, 5.25], "texture": "#0"},
				"east": {"uv": [5, 0, 5.25, 0.25], "texture": "#0"},
				"south": {"uv": [0.25, 5, 0.5, 5.25], "texture": "#0"},
				"west": {"uv": [5, 0.25, 5.25, 0.5], "texture": "#0"},
				"up": {"uv": [0.75, 5.25, 0.5, 5], "texture": "#0"},
				"down": {"uv": [5.25, 0.5, 5, 0.75], "texture": "#0"}
			}
		},
		{
			"from": [4, 15.75, 4.25],
			"to": [5, 16.75, 5.25],
			"rotation": {"angle": -22.5, "axis": "y", "origin": [4, 15.75, 5.25]},
			"faces": {
				"north": {"uv": [0.75, 5, 1, 5.25], "texture": "#0"},
				"east": {"uv": [5, 0.75, 5.25, 1], "texture": "#0"},
				"south": {"uv": [1, 5, 1.25, 5.25], "texture": "#0"},
				"west": {"uv": [5, 1, 5.25, 1.25], "texture": "#0"},
				"up": {"uv": [1.5, 5.25, 1.25, 5], "texture": "#0"},
				"down": {"uv": [5.25, 1.25, 5, 1.5], "texture": "#0"}
			}
		},
		{
			"from": [4.25, 15.75, 5.5],
			"to": [5.25, 16.75, 6.5],
			"rotation": {"angle": 22.5, "axis": "y", "origin": [4.25, 15.75, 6.5]},
			"faces": {
				"north": {"uv": [1.5, 5, 1.75, 5.25], "texture": "#0"},
				"east": {"uv": [5, 1.5, 5.25, 1.75], "texture": "#0"},
				"south": {"uv": [1.75, 5, 2, 5.25], "texture": "#0"},
				"west": {"uv": [5, 1.75, 5.25, 2], "texture": "#0"},
				"up": {"uv": [2.25, 5.25, 2, 5], "texture": "#0"},
				"down": {"uv": [5.25, 2, 5, 2.25], "texture": "#0"}
			}
		},
		{
			"from": [4.25, 15.75, 7],
			"to": [5.25, 16.75, 8],
			"rotation": {"angle": 22.5, "axis": "y", "origin": [4.25, 15.75, 8]},
			"faces": {
				"north": {"uv": [2.25, 5, 2.5, 5.25], "texture": "#0"},
				"east": {"uv": [5, 2.25, 5.25, 2.5], "texture": "#0"},
				"south": {"uv": [2.5, 5, 2.75, 5.25], "texture": "#0"},
				"west": {"uv": [5, 2.5, 5.25, 2.75], "texture": "#0"},
				"up": {"uv": [3, 5.25, 2.75, 5], "texture": "#0"},
				"down": {"uv": [5.25, 2.75, 5, 3], "texture": "#0"}
			}
		},
		{
			"from": [4.25, 15.5, 7.5],
			"to": [5.25, 16.5, 8.5],
			"rotation": {"angle": 22.5, "axis": "y", "origin": [4.25, 15.5, 8.5]},
			"faces": {
				"north": {"uv": [3, 5, 3.25, 5.25], "texture": "#0"},
				"east": {"uv": [5, 3, 5.25, 3.25], "texture": "#0"},
				"south": {"uv": [3.25, 5, 3.5, 5.25], "texture": "#0"},
				"west": {"uv": [5, 3.25, 5.25, 3.5], "texture": "#0"},
				"up": {"uv": [3.75, 5.25, 3.5, 5], "texture": "#0"},
				"down": {"uv": [5.25, 3.5, 5, 3.75], "texture": "#0"}
			}
		},
		{
			"from": [4.25, 15.5, 6.25],
			"to": [5.25, 16.5, 7.25],
			"rotation": {"angle": 45, "axis": "y", "origin": [4.25, 15.5, 7.25]},
			"faces": {
				"north": {"uv": [3.75, 5, 4, 5.25], "texture": "#0"},
				"east": {"uv": [5, 3.75, 5.25, 4], "texture": "#0"},
				"south": {"uv": [4, 5, 4.25, 5.25], "texture": "#0"},
				"west": {"uv": [5, 4, 5.25, 4.25], "texture": "#0"},
				"up": {"uv": [4.5, 5.25, 4.25, 5], "texture": "#0"},
				"down": {"uv": [5.25, 4.25, 5, 4.5], "texture": "#0"}
			}
		},
		{
			"from": [4.75, 16, 4],
			"to": [5.75, 17, 5],
			"rotation": {"angle": 0, "axis": "y", "origin": [4.75, 16, 5]},
			"faces": {
				"north": {"uv": [4.5, 5, 4.75, 5.25], "texture": "#0"},
				"east": {"uv": [5, 4.5, 5.25, 4.75], "texture": "#0"},
				"south": {"uv": [4.75, 5, 5, 5.25], "texture": "#0"},
				"west": {"uv": [5, 4.75, 5.25, 5], "texture": "#0"},
				"up": {"uv": [5.25, 5.25, 5, 5], "texture": "#0"},
				"down": {"uv": [0.25, 5.25, 0, 5.5], "texture": "#0"}
			}
		},
		{
			"from": [4.75, 16.25, 5],
			"to": [5.75, 17.25, 6],
			"rotation": {"angle": 0, "axis": "y", "origin": [4.75, 16.25, 6]},
			"faces": {
				"north": {"uv": [5.25, 0, 5.5, 0.25], "texture": "#0"},
				"east": {"uv": [0.25, 5.25, 0.5, 5.5], "texture": "#0"},
				"south": {"uv": [5.25, 0.25, 5.5, 0.5], "texture": "#0"},
				"west": {"uv": [0.5, 5.25, 0.75, 5.5], "texture": "#0"},
				"up": {"uv": [5.5, 0.75, 5.25, 0.5], "texture": "#0"},
				"down": {"uv": [1, 5.25, 0.75, 5.5], "texture": "#0"}
			}
		},
		{
			"from": [4.5, 16.25, 5.5],
			"to": [5.5, 17.25, 6.5],
			"rotation": {"angle": -45, "axis": "y", "origin": [4.5, 16.25, 6.5]},
			"faces": {
				"north": {"uv": [5.25, 0.75, 5.5, 1], "texture": "#0"},
				"east": {"uv": [1, 5.25, 1.25, 5.5], "texture": "#0"},
				"south": {"uv": [5.25, 1, 5.5, 1.25], "texture": "#0"},
				"west": {"uv": [1.25, 5.25, 1.5, 5.5], "texture": "#0"},
				"up": {"uv": [5.5, 1.5, 5.25, 1.25], "texture": "#0"},
				"down": {"uv": [1.75, 5.25, 1.5, 5.5], "texture": "#0"}
			}
		},
		{
			"from": [4.5, 16, 6.75],
			"to": [5.5, 17, 7.75],
			"rotation": {"angle": -22.5, "axis": "y", "origin": [4.5, 16, 7.75]},
			"faces": {
				"north": {"uv": [5.25, 1.5, 5.5, 1.75], "texture": "#0"},
				"east": {"uv": [1.75, 5.25, 2, 5.5], "texture": "#0"},
				"south": {"uv": [5.25, 1.75, 5.5, 2], "texture": "#0"},
				"west": {"uv": [2, 5.25, 2.25, 5.5], "texture": "#0"},
				"up": {"uv": [5.5, 2.25, 5.25, 2], "texture": "#0"},
				"down": {"uv": [2.5, 5.25, 2.25, 5.5], "texture": "#0"}
			}
		},
		{
			"from": [5.25, 16.5, 6.75],
			"to": [6.25, 17.5, 7.75],
			"rotation": {"angle": -22.5, "axis": "y", "origin": [5.25, 16.5, 7.75]},
			"faces": {
				"north": {"uv": [5.25, 2.25, 5.5, 2.5], "texture": "#0"},
				"east": {"uv": [2.5, 5.25, 2.75, 5.5], "texture": "#0"},
				"south": {"uv": [5.25, 2.5, 5.5, 2.75], "texture": "#0"},
				"west": {"uv": [2.75, 5.25, 3, 5.5], "texture": "#0"},
				"up": {"uv": [5.5, 3, 5.25, 2.75], "texture": "#0"},
				"down": {"uv": [3.25, 5.25, 3, 5.5], "texture": "#0"}
			}
		},
		{
			"from": [6.25, 16.25, 6.75],
			"to": [7.25, 17.25, 7.75],
			"rotation": {"angle": -22.5, "axis": "y", "origin": [6.25, 16.25, 7.75]},
			"faces": {
				"north": {"uv": [5.25, 3, 5.5, 3.25], "texture": "#0"},
				"east": {"uv": [3.25, 5.25, 3.5, 5.5], "texture": "#0"},
				"south": {"uv": [5.25, 3.25, 5.5, 3.5], "texture": "#0"},
				"west": {"uv": [3.5, 5.25, 3.75, 5.5], "texture": "#0"},
				"up": {"uv": [5.5, 3.75, 5.25, 3.5], "texture": "#0"},
				"down": {"uv": [4, 5.25, 3.75, 5.5], "texture": "#0"}
			}
		},
		{
			"from": [6.5, 16.25, 6],
			"to": [7.5, 17.25, 7],
			"rotation": {"angle": 0, "axis": "y", "origin": [6.5, 16.25, 7]},
			"faces": {
				"north": {"uv": [5.25, 3.75, 5.5, 4], "texture": "#0"},
				"east": {"uv": [4, 5.25, 4.25, 5.5], "texture": "#0"},
				"south": {"uv": [5.25, 4, 5.5, 4.25], "texture": "#0"},
				"west": {"uv": [4.25, 5.25, 4.5, 5.5], "texture": "#0"},
				"up": {"uv": [5.5, 4.5, 5.25, 4.25], "texture": "#0"},
				"down": {"uv": [4.75, 5.25, 4.5, 5.5], "texture": "#0"}
			}
		},
		{
			"from": [6.5, 16.5, 5.25],
			"to": [7.5, 17.5, 6.25],
			"rotation": {"angle": 0, "axis": "y", "origin": [6.5, 16.5, 6.25]},
			"faces": {
				"north": {"uv": [5.25, 4.5, 5.5, 4.75], "texture": "#0"},
				"east": {"uv": [4.75, 5.25, 5, 5.5], "texture": "#0"},
				"south": {"uv": [5.25, 4.75, 5.5, 5], "texture": "#0"},
				"west": {"uv": [5, 5.25, 5.25, 5.5], "texture": "#0"},
				"up": {"uv": [5.5, 5.25, 5.25, 5], "texture": "#0"},
				"down": {"uv": [5.5, 5.25, 5.25, 5.5], "texture": "#0"}
			}
		},
		{
			"from": [5.5, 16.5, 5.5],
			"to": [6.5, 17.5, 6.5],
			"rotation": {"angle": -45, "axis": "y", "origin": [5.5, 16.5, 6.5]},
			"faces": {
				"north": {"uv": [0, 5.5, 0.25, 5.75], "texture": "#0"},
				"east": {"uv": [5.5, 0, 5.75, 0.25], "texture": "#0"},
				"south": {"uv": [0.25, 5.5, 0.5, 5.75], "texture": "#0"},
				"west": {"uv": [5.5, 0.25, 5.75, 0.5], "texture": "#0"},
				"up": {"uv": [0.75, 5.75, 0.5, 5.5], "texture": "#0"},
				"down": {"uv": [5.75, 0.5, 5.5, 0.75], "texture": "#0"}
			}
		},
		{
			"from": [5.5, 16.5, 5],
			"to": [6.5, 17.5, 6],
			"rotation": {"angle": -22.5, "axis": "y", "origin": [5.5, 16.5, 6]},
			"faces": {
				"north": {"uv": [0.75, 5.5, 1, 5.75], "texture": "#0"},
				"east": {"uv": [5.5, 0.75, 5.75, 1], "texture": "#0"},
				"south": {"uv": [1, 5.5, 1.25, 5.75], "texture": "#0"},
				"west": {"uv": [5.5, 1, 5.75, 1.25], "texture": "#0"},
				"up": {"uv": [1.5, 5.75, 1.25, 5.5], "texture": "#0"},
				"down": {"uv": [5.75, 1.25, 5.5, 1.5], "texture": "#0"}
			}
		},
		{
			"from": [5.75, 16.5, 4.5],
			"to": [6.75, 17.5, 5.5],
			"rotation": {"angle": 0, "axis": "y", "origin": [5.75, 16.5, 5.5]},
			"faces": {
				"north": {"uv": [1.5, 5.5, 1.75, 5.75], "texture": "#0"},
				"east": {"uv": [5.5, 1.5, 5.75, 1.75], "texture": "#0"},
				"south": {"uv": [1.75, 5.5, 2, 5.75], "texture": "#0"},
				"west": {"uv": [5.5, 1.75, 5.75, 2], "texture": "#0"},
				"up": {"uv": [2.25, 5.75, 2, 5.5], "texture": "#0"},
				"down": {"uv": [5.75, 2, 5.5, 2.25], "texture": "#0"}
			}
		},
		{
			"from": [6.75, 16.25, 4.5],
			"to": [7.75, 17.25, 5.5],
			"rotation": {"angle": 0, "axis": "y", "origin": [6.75, 16.25, 5.5]},
			"faces": {
				"north": {"uv": [2.25, 5.5, 2.5, 5.75], "texture": "#0"},
				"east": {"uv": [5.5, 2.25, 5.75, 2.5], "texture": "#0"},
				"south": {"uv": [2.5, 5.5, 2.75, 5.75], "texture": "#0"},
				"west": {"uv": [5.5, 2.5, 5.75, 2.75], "texture": "#0"},
				"up": {"uv": [3, 5.75, 2.75, 5.5], "texture": "#0"},
				"down": {"uv": [5.75, 2.75, 5.5, 3], "texture": "#0"}
			}
		},
		{
			"from": [6.5, 15.75, 3.75],
			"to": [7.5, 16.75, 4.75],
			"rotation": {"angle": -22.5, "axis": "y", "origin": [6.5, 15.75, 4.75]},
			"faces": {
				"north": {"uv": [3, 5.5, 3.25, 5.75], "texture": "#0"},
				"east": {"uv": [5.5, 3, 5.75, 3.25], "texture": "#0"},
				"south": {"uv": [3.25, 5.5, 3.5, 5.75], "texture": "#0"},
				"west": {"uv": [5.5, 3.25, 5.75, 3.5], "texture": "#0"},
				"up": {"uv": [3.75, 5.75, 3.5, 5.5], "texture": "#0"},
				"down": {"uv": [5.75, 3.5, 5.5, 3.75], "texture": "#0"}
			}
		},
		{
			"from": [6, 16, 4],
			"to": [7, 17, 5],
			"rotation": {"angle": 22.5, "axis": "y", "origin": [6, 16, 5]},
			"faces": {
				"north": {"uv": [3.75, 5.5, 4, 5.75], "texture": "#0"},
				"east": {"uv": [5.5, 3.75, 5.75, 4], "texture": "#0"},
				"south": {"uv": [4, 5.5, 4.25, 5.75], "texture": "#0"},
				"west": {"uv": [5.5, 4, 5.75, 4.25], "texture": "#0"},
				"up": {"uv": [4.5, 5.75, 4.25, 5.5], "texture": "#0"},
				"down": {"uv": [5.75, 4.25, 5.5, 4.5], "texture": "#0"}
			}
		},
		{
			"from": [3.04836, 13, 9.95164],
			"to": [5.04836, 15, 11.95164],
			"rotation": {"angle": 0, "axis": "y", "origin": [5.875, 15.375, 9.57664]},
			"faces": {
				"north": {"uv": [0.5, 2, 1, 2.5], "texture": "#0"},
				"east": {"uv": [2, 0.5, 2.5, 1], "texture": "#0"},
				"south": {"uv": [1, 2, 1.5, 2.5], "texture": "#0"},
				"west": {"uv": [2, 1, 2.5, 1.5], "texture": "#0"},
				"up": {"uv": [2, 2.5, 1.5, 2], "texture": "#0"},
				"down": {"uv": [2.5, 1.5, 2, 2], "texture": "#0"}
			}
		},
		{
			"from": [3.79836, 15, 10.20164],
			"to": [4.79836, 16, 11.20164],
			"rotation": {"angle": 0, "axis": "y", "origin": [5.875, 15.375, 9.57664]},
			"faces": {
				"north": {"uv": [7.25, 3.75, 7.5, 4], "texture": "#0"},
				"east": {"uv": [4, 7.25, 4.25, 7.5], "texture": "#0"},
				"south": {"uv": [7.25, 4, 7.5, 4.25], "texture": "#0"},
				"west": {"uv": [4.25, 7.25, 4.5, 7.5], "texture": "#0"},
				"up": {"uv": [7.5, 4.5, 7.25, 4.25], "texture": "#0"},
				"down": {"uv": [4.75, 7.25, 4.5, 7.5], "texture": "#0"}
			}
		},
		{
			"from": [3.7733, 15, 7.57079],
			"to": [4.7733, 16, 8.57079],
			"rotation": {"angle": 22.5, "axis": "y", "origin": [5.875, 15.375, 9.57664]},
			"faces": {
				"north": {"uv": [7.25, 4.5, 7.5, 4.75], "texture": "#0"},
				"east": {"uv": [4.75, 7.25, 5, 7.5], "texture": "#0"},
				"south": {"uv": [7.25, 4.75, 7.5, 5], "texture": "#0"},
				"west": {"uv": [5, 7.25, 5.25, 7.5], "texture": "#0"},
				"up": {"uv": [7.5, 5.25, 7.25, 5], "texture": "#0"},
				"down": {"uv": [5.5, 7.25, 5.25, 7.5], "texture": "#0"}
			}
		},
		{
			"from": [3.29836, 15, 7.20164],
			"to": [4.29836, 16, 8.20164],
			"rotation": {"angle": 0, "axis": "y", "origin": [5.875, 15.375, 9.57664]},
			"faces": {
				"north": {"uv": [7.25, 5.25, 7.5, 5.5], "texture": "#0"},
				"east": {"uv": [5.5, 7.25, 5.75, 7.5], "texture": "#0"},
				"south": {"uv": [7.25, 5.5, 7.5, 5.75], "texture": "#0"},
				"west": {"uv": [5.75, 7.25, 6, 7.5], "texture": "#0"},
				"up": {"uv": [7.5, 6, 7.25, 5.75], "texture": "#0"},
				"down": {"uv": [6.25, 7.25, 6, 7.5], "texture": "#0"}
			}
		},
		{
			"from": [3.54836, 15, 9.20164],
			"to": [4.54836, 16, 10.20164],
			"rotation": {"angle": 0, "axis": "y", "origin": [5.875, 15.375, 9.57664]},
			"faces": {
				"north": {"uv": [7.25, 6, 7.5, 6.25], "texture": "#0"},
				"east": {"uv": [6.25, 7.25, 6.5, 7.5], "texture": "#0"},
				"south": {"uv": [7.25, 6.25, 7.5, 6.5], "texture": "#0"},
				"west": {"uv": [6.5, 7.25, 6.75, 7.5], "texture": "#0"},
				"up": {"uv": [7.5, 6.75, 7.25, 6.5], "texture": "#0"},
				"down": {"uv": [7, 7.25, 6.75, 7.5], "texture": "#0"}
			}
		},
		{
			"from": [3.48629, 13, 8.2637],
			"to": [4.48629, 15, 9.2637],
			"rotation": {"angle": 22.5, "axis": "y", "origin": [5.875, 15.375, 9.57664]},
			"faces": {
				"north": {"uv": [4, 2.5, 4.25, 3], "texture": "#0"},
				"east": {"uv": [2.75, 4, 3, 4.5], "texture": "#0"},
				"south": {"uv": [3, 4, 3.25, 4.5], "texture": "#0"},
				"west": {"uv": [4, 3, 4.25, 3.5], "texture": "#0"},
				"up": {"uv": [7.5, 7, 7.25, 6.75], "texture": "#0"},
				"down": {"uv": [7.25, 7.25, 7, 7.5], "texture": "#0"}
			}
		},
		{
			"from": [4.43338, 13, 10.55018],
			"to": [5.43338, 15, 11.55018],
			"rotation": {"angle": 22.5, "axis": "y", "origin": [5.875, 15.375, 9.57664]},
			"faces": {
				"north": {"uv": [3.25, 4, 3.5, 4.5], "texture": "#0"},
				"east": {"uv": [3.5, 4, 3.75, 4.5], "texture": "#0"},
				"south": {"uv": [4, 3.5, 4.25, 4], "texture": "#0"},
				"west": {"uv": [3.75, 4, 4, 4.5], "texture": "#0"},
				"up": {"uv": [7.5, 7.25, 7.25, 7], "texture": "#0"},
				"down": {"uv": [7.5, 7.25, 7.25, 7.5], "texture": "#0"}
			}
		},
		{
			"from": [6.04836, 12.75, 10.70164],
			"to": [7.04836, 14.75, 11.70164],
			"rotation": {"angle": 0, "axis": "y", "origin": [5.875, 15.375, 9.57664]},
			"faces": {
				"north": {"uv": [4, 4, 4.25, 4.5], "texture": "#0"},
				"east": {"uv": [4.25, 0, 4.5, 0.5], "texture": "#0"},
				"south": {"uv": [4.25, 0.5, 4.5, 1], "texture": "#0"},
				"west": {"uv": [4.25, 1, 4.5, 1.5], "texture": "#0"},
				"up": {"uv": [0.25, 7.75, 0, 7.5], "texture": "#0"},
				"down": {"uv": [7.75, 0, 7.5, 0.25], "texture": "#0"}
			}
		},
		{
			"from": [7.67657, 13, 9.85989],
			"to": [8.67657, 15, 10.85989],
			"rotation": {"angle": -22.5, "axis": "y", "origin": [5.875, 15.375, 9.57664]},
			"faces": {
				"north": {"uv": [4.25, 1.5, 4.5, 2], "texture": "#0"},
				"east": {"uv": [4.25, 2, 4.5, 2.5], "texture": "#0"},
				"south": {"uv": [4.25, 2.5, 4.5, 3], "texture": "#0"},
				"west": {"uv": [4.25, 3, 4.5, 3.5], "texture": "#0"},
				"up": {"uv": [0.5, 7.75, 0.25, 7.5], "texture": "#0"},
				"down": {"uv": [7.75, 0.25, 7.5, 0.5], "texture": "#0"}
			}
		},
		{
			"from": [8.13851, 13, 9.66855],
			"to": [9.13851, 15, 10.66855],
			"rotation": {"angle": -22.5, "axis": "y", "origin": [5.875, 15.375, 9.57664]},
			"faces": {
				"north": {"uv": [4.25, 3.5, 4.5, 4], "texture": "#0"},
				"east": {"uv": [4.25, 4, 4.5, 4.5], "texture": "#0"},
				"south": {"uv": [0, 4.5, 0.25, 5], "texture": "#0"},
				"west": {"uv": [4.5, 0, 4.75, 0.5], "texture": "#0"},
				"up": {"uv": [0.75, 7.75, 0.5, 7.5], "texture": "#0"},
				"down": {"uv": [7.75, 0.5, 7.5, 0.75], "texture": "#0"}
			}
		},
		{
			"from": [3.02435, 13, 9.08092],
			"to": [4.02435, 15, 10.08092],
			"rotation": {"angle": -22.5, "axis": "y", "origin": [5.875, 15.375, 9.57664]},
			"faces": {
				"north": {"uv": [0.25, 4.5, 0.5, 5], "texture": "#0"},
				"east": {"uv": [0.5, 4.5, 0.75, 5], "texture": "#0"},
				"south": {"uv": [4.5, 0.5, 4.75, 1], "texture": "#0"},
				"west": {"uv": [0.75, 4.5, 1, 5], "texture": "#0"},
				"up": {"uv": [1, 7.75, 0.75, 7.5], "texture": "#0"},
				"down": {"uv": [7.75, 0.75, 7.5, 1], "texture": "#0"}
			}
		},
		{
			"from": [3.04836, 13, 7.20164],
			"to": [4.04836, 15, 8.20164],
			"rotation": {"angle": 0, "axis": "y", "origin": [5.875, 15.375, 9.57664]},
			"faces": {
				"north": {"uv": [1, 4.5, 1.25, 5], "texture": "#0"},
				"east": {"uv": [4.5, 1, 4.75, 1.5], "texture": "#0"},
				"south": {"uv": [1.25, 4.5, 1.5, 5], "texture": "#0"},
				"west": {"uv": [1.5, 4.5, 1.75, 5], "texture": "#0"},
				"up": {"uv": [1.25, 7.75, 1, 7.5], "texture": "#0"},
				"down": {"uv": [7.75, 1, 7.5, 1.25], "texture": "#0"}
			}
		},
		{
			"from": [3.6111, 15, 9.6715],
			"to": [4.6111, 16, 10.6715],
			"rotation": {"angle": 45, "axis": "y", "origin": [5.875, 15.375, 9.57664]},
			"faces": {
				"north": {"uv": [1.25, 7.5, 1.5, 7.75], "texture": "#0"},
				"east": {"uv": [7.5, 1.25, 7.75, 1.5], "texture": "#0"},
				"south": {"uv": [1.5, 7.5, 1.75, 7.75], "texture": "#0"},
				"west": {"uv": [7.5, 1.5, 7.75, 1.75], "texture": "#0"},
				"up": {"uv": [2, 7.75, 1.75, 7.5], "texture": "#0"},
				"down": {"uv": [7.75, 1.75, 7.5, 2], "texture": "#0"}
			}
		},
		{
			"from": [5.02531, 15, 11.08571],
			"to": [6.02531, 16, 12.08571],
			"rotation": {"angle": 45, "axis": "y", "origin": [5.875, 15.375, 9.57664]},
			"faces": {
				"north": {"uv": [2, 7.5, 2.25, 7.75], "texture": "#0"},
				"east": {"uv": [7.5, 2, 7.75, 2.25], "texture": "#0"},
				"south": {"uv": [2.25, 7.5, 2.5, 7.75], "texture": "#0"},
				"west": {"uv": [7.5, 2.25, 7.75, 2.5], "texture": "#0"},
				"up": {"uv": [2.75, 7.75, 2.5, 7.5], "texture": "#0"},
				"down": {"uv": [7.75, 2.5, 7.5, 2.75], "texture": "#0"}
			}
		},
		{
			"from": [7.54836, 14.75, 10.95164],
			"to": [8.54836, 15.75, 11.95164],
			"rotation": {"angle": 0, "axis": "y", "origin": [5.875, 15.375, 9.57664]},
			"faces": {
				"north": {"uv": [2.75, 7.5, 3, 7.75], "texture": "#0"},
				"east": {"uv": [7.5, 2.75, 7.75, 3], "texture": "#0"},
				"south": {"uv": [3, 7.5, 3.25, 7.75], "texture": "#0"},
				"west": {"uv": [7.5, 3, 7.75, 3.25], "texture": "#0"},
				"up": {"uv": [3.5, 7.75, 3.25, 7.5], "texture": "#0"},
				"down": {"uv": [7.75, 3.25, 7.5, 3.5], "texture": "#0"}
			}
		},
		{
			"from": [6.17501, 14.75, 10.60884],
			"to": [7.17501, 15.75, 11.60884],
			"rotation": {"angle": -22.5, "axis": "y", "origin": [5.875, 15.375, 9.57664]},
			"faces": {
				"north": {"uv": [3.5, 7.5, 3.75, 7.75], "texture": "#0"},
				"east": {"uv": [7.5, 3.5, 7.75, 3.75], "texture": "#0"},
				"south": {"uv": [3.75, 7.5, 4, 7.75], "texture": "#0"},
				"west": {"uv": [7.5, 3.75, 7.75, 4], "texture": "#0"},
				"up": {"uv": [4.25, 7.75, 4, 7.5], "texture": "#0"},
				"down": {"uv": [7.75, 4, 7.5, 4.25], "texture": "#0"}
			}
		},
		{
			"from": [4.86844, 15.75, 10.06765],
			"to": [5.86844, 16.75, 11.06765],
			"rotation": {"angle": -22.5, "axis": "y", "origin": [5.875, 15.375, 9.57664]},
			"faces": {
				"north": {"uv": [4.25, 7.5, 4.5, 7.75], "texture": "#0"},
				"east": {"uv": [7.5, 4.25, 7.75, 4.5], "texture": "#0"},
				"south": {"uv": [4.5, 7.5, 4.75, 7.75], "texture": "#0"},
				"west": {"uv": [7.5, 4.5, 7.75, 4.75], "texture": "#0"},
				"up": {"uv": [5, 7.75, 4.75, 7.5], "texture": "#0"},
				"down": {"uv": [7.75, 4.75, 7.5, 5], "texture": "#0"}
			}
		},
		{
			"from": [5.06658, 15.75, 9.87369],
			"to": [6.06658, 16.75, 10.87369],
			"rotation": {"angle": 22.5, "axis": "y", "origin": [5.875, 15.375, 9.57664]},
			"faces": {
				"north": {"uv": [5, 7.5, 5.25, 7.75], "texture": "#0"},
				"east": {"uv": [7.5, 5, 7.75, 5.25], "texture": "#0"},
				"south": {"uv": [5.25, 7.5, 5.5, 7.75], "texture": "#0"},
				"west": {"uv": [7.5, 5.25, 7.75, 5.5], "texture": "#0"},
				"up": {"uv": [5.75, 7.75, 5.5, 7.5], "texture": "#0"},
				"down": {"uv": [7.75, 5.5, 7.5, 5.75], "texture": "#0"}
			}
		},
		{
			"from": [6.4524, 15.75, 10.44771],
			"to": [7.4524, 16.75, 11.44771],
			"rotation": {"angle": 22.5, "axis": "y", "origin": [5.875, 15.375, 9.57664]},
			"faces": {
				"north": {"uv": [5.75, 7.5, 6, 7.75], "texture": "#0"},
				"east": {"uv": [7.5, 5.75, 7.75, 6], "texture": "#0"},
				"south": {"uv": [6, 7.5, 6.25, 7.75], "texture": "#0"},
				"west": {"uv": [7.5, 6, 7.75, 6.25], "texture": "#0"},
				"up": {"uv": [6.5, 7.75, 6.25, 7.5], "texture": "#0"},
				"down": {"uv": [7.75, 6.25, 7.5, 6.5], "texture": "#0"}
			}
		},
		{
			"from": [6.91434, 15.5, 10.63906],
			"to": [7.91434, 16.5, 11.63906],
			"rotation": {"angle": 22.5, "axis": "y", "origin": [5.875, 15.375, 9.57664]},
			"faces": {
				"north": {"uv": [6.5, 7.5, 6.75, 7.75], "texture": "#0"},
				"east": {"uv": [7.5, 6.5, 7.75, 6.75], "texture": "#0"},
				"south": {"uv": [6.75, 7.5, 7, 7.75], "texture": "#0"},
				"west": {"uv": [7.5, 6.75, 7.75, 7], "texture": "#0"},
				"up": {"uv": [7.25, 7.75, 7, 7.5], "texture": "#0"},
				"down": {"uv": [7.75, 7, 7.5, 7.25], "texture": "#0"}
			}
		},
		{
			"from": [5.08597, 15.5, 10.3786],
			"to": [6.08597, 16.5, 11.3786],
			"rotation": {"angle": 45, "axis": "y", "origin": [5.875, 15.375, 9.57664]},
			"faces": {
				"north": {"uv": [7.25, 7.5, 7.5, 7.75], "texture": "#0"},
				"east": {"uv": [7.5, 7.25, 7.75, 7.5], "texture": "#0"},
				"south": {"uv": [7.5, 7.5, 7.75, 7.75], "texture": "#0"},
				"west": {"uv": [0, 7.75, 0.25, 8], "texture": "#0"},
				"up": {"uv": [8, 0.25, 7.75, 0], "texture": "#0"},
				"down": {"uv": [0.5, 7.75, 0.25, 8], "texture": "#0"}
			}
		},
		{
			"from": [4.04836, 16, 9.20164],
			"to": [5.04836, 17, 10.20164],
			"rotation": {"angle": 0, "axis": "y", "origin": [5.875, 15.375, 9.57664]},
			"faces": {
				"north": {"uv": [7.75, 0.25, 8, 0.5], "texture": "#0"},
				"east": {"uv": [0.5, 7.75, 0.75, 8], "texture": "#0"},
				"south": {"uv": [7.75, 0.5, 8, 0.75], "texture": "#0"},
				"west": {"uv": [0.75, 7.75, 1, 8], "texture": "#0"},
				"up": {"uv": [8, 1, 7.75, 0.75], "texture": "#0"},
				"down": {"uv": [1.25, 7.75, 1, 8], "texture": "#0"}
			}
		},
		{
			"from": [5.04836, 16.25, 9.20164],
			"to": [6.04836, 17.25, 10.20164],
			"rotation": {"angle": 0, "axis": "y", "origin": [5.875, 15.375, 9.57664]},
			"faces": {
				"north": {"uv": [7.75, 1, 8, 1.25], "texture": "#0"},
				"east": {"uv": [1.25, 7.75, 1.5, 8], "texture": "#0"},
				"south": {"uv": [7.75, 1.25, 8, 1.5], "texture": "#0"},
				"west": {"uv": [1.5, 7.75, 1.75, 8], "texture": "#0"},
				"up": {"uv": [8, 1.75, 7.75, 1.5], "texture": "#0"},
				"down": {"uv": [2, 7.75, 1.75, 8], "texture": "#0"}
			}
		},
		{
			"from": [5.73242, 16.25, 9.6715],
			"to": [6.73242, 17.25, 10.6715],
			"rotation": {"angle": 45, "axis": "y", "origin": [5.875, 15.375, 9.57664]},
			"faces": {
				"north": {"uv": [7.75, 1.75, 8, 2], "texture": "#0"},
				"east": {"uv": [2, 7.75, 2.25, 8], "texture": "#0"},
				"south": {"uv": [7.75, 2, 8, 2.25], "texture": "#0"},
				"west": {"uv": [2.25, 7.75, 2.5, 8], "texture": "#0"},
				"up": {"uv": [8, 2.5, 7.75, 2.25], "texture": "#0"},
				"down": {"uv": [2.75, 7.75, 2.5, 8], "texture": "#0"}
			}
		},
		{
			"from": [6.9868, 16, 8.649],
			"to": [7.9868, 17, 9.649],
			"rotation": {"angle": -22.5, "axis": "y", "origin": [5.875, 15.375, 9.57664]},
			"faces": {
				"north": {"uv": [7.75, 2.5, 8, 2.75], "texture": "#0"},
				"east": {"uv": [2.75, 7.75, 3, 8], "texture": "#0"},
				"south": {"uv": [7.75, 2.75, 8, 3], "texture": "#0"},
				"west": {"uv": [3, 7.75, 3.25, 8], "texture": "#0"},
				"up": {"uv": [8, 3.25, 7.75, 3], "texture": "#0"},
				"down": {"uv": [3.5, 7.75, 3.25, 8], "texture": "#0"}
			}
		},
		{
			"from": [6.69979, 16.5, 7.95609],
			"to": [7.69979, 17.5, 8.95609],
			"rotation": {"angle": -22.5, "axis": "y", "origin": [5.875, 15.375, 9.57664]},
			"faces": {
				"north": {"uv": [7.75, 3.25, 8, 3.5], "texture": "#0"},
				"east": {"uv": [3.5, 7.75, 3.75, 8], "texture": "#0"},
				"south": {"uv": [7.75, 3.5, 8, 3.75], "texture": "#0"},
				"west": {"uv": [3.75, 7.75, 4, 8], "texture": "#0"},
				"up": {"uv": [8, 4, 7.75, 3.75], "texture": "#0"},
				"down": {"uv": [4.25, 7.75, 4, 8], "texture": "#0"}
			}
		},
		{
			"from": [6.3171, 16.25, 7.03221],
			"to": [7.3171, 17.25, 8.03221],
			"rotation": {"angle": -22.5, "axis": "y", "origin": [5.875, 15.375, 9.57664]},
			"faces": {
				"north": {"uv": [7.75, 4, 8, 4.25], "texture": "#0"},
				"east": {"uv": [4.25, 7.75, 4.5, 8], "texture": "#0"},
				"south": {"uv": [7.75, 4.25, 8, 4.5], "texture": "#0"},
				"west": {"uv": [4.5, 7.75, 4.75, 8], "texture": "#0"},
				"up": {"uv": [8, 4.75, 7.75, 4.5], "texture": "#0"},
				"down": {"uv": [5, 7.75, 4.75, 8], "texture": "#0"}
			}
		},
		{
			"from": [6.04836, 16.25, 7.45164],
			"to": [7.04836, 17.25, 8.45164],
			"rotation": {"angle": 0, "axis": "y", "origin": [5.875, 15.375, 9.57664]},
			"faces": {
				"north": {"uv": [7.75, 4.75, 8, 5], "texture": "#0"},
				"east": {"uv": [5, 7.75, 5.25, 8], "texture": "#0"},
				"south": {"uv": [7.75, 5, 8, 5.25], "texture": "#0"},
				"west": {"uv": [5.25, 7.75, 5.5, 8], "texture": "#0"},
				"up": {"uv": [8, 5.5, 7.75, 5.25], "texture": "#0"},
				"down": {"uv": [5.75, 7.75, 5.5, 8], "texture": "#0"}
			}
		},
		{
			"from": [5.29836, 16.5, 7.45164],
			"to": [6.29836, 17.5, 8.45164],
			"rotation": {"angle": 0, "axis": "y", "origin": [5.875, 15.375, 9.57664]},
			"faces": {
				"north": {"uv": [7.75, 5.5, 8, 5.75], "texture": "#0"},
				"east": {"uv": [5.75, 7.75, 6, 8], "texture": "#0"},
				"south": {"uv": [7.75, 5.75, 8, 6], "texture": "#0"},
				"west": {"uv": [6, 7.75, 6.25, 8], "texture": "#0"},
				"up": {"uv": [8, 6.25, 7.75, 6], "texture": "#0"},
				"down": {"uv": [6.5, 7.75, 6.25, 8], "texture": "#0"}
			}
		},
		{
			"from": [6.43953, 16.5, 8.96439],
			"to": [7.43953, 17.5, 9.96439],
			"rotation": {"angle": 45, "axis": "y", "origin": [5.875, 15.375, 9.57664]},
			"faces": {
				"north": {"uv": [7.75, 6.25, 8, 6.5], "texture": "#0"},
				"east": {"uv": [6.5, 7.75, 6.75, 8], "texture": "#0"},
				"south": {"uv": [7.75, 6.5, 8, 6.75], "texture": "#0"},
				"west": {"uv": [6.75, 7.75, 7, 8], "texture": "#0"},
				"up": {"uv": [8, 7, 7.75, 6.75], "texture": "#0"},
				"down": {"uv": [7.25, 7.75, 7, 8], "texture": "#0"}
			}
		},
		{
			"from": [4.98733, 16.5, 8.39481],
			"to": [5.98733, 17.5, 9.39481],
			"rotation": {"angle": -22.5, "axis": "y", "origin": [5.875, 15.375, 9.57664]},
			"faces": {
				"north": {"uv": [7.75, 7, 8, 7.25], "texture": "#0"},
				"east": {"uv": [7.25, 7.75, 7.5, 8], "texture": "#0"},
				"south": {"uv": [7.75, 7.25, 8, 7.5], "texture": "#0"},
				"west": {"uv": [7.5, 7.75, 7.75, 8], "texture": "#0"},
				"up": {"uv": [8, 7.75, 7.75, 7.5], "texture": "#0"},
				"down": {"uv": [8, 7.75, 7.75, 8], "texture": "#0"}
			}
		},
		{
			"from": [4.54836, 16.5, 8.20164],
			"to": [5.54836, 17.5, 9.20164],
			"rotation": {"angle": 0, "axis": "y", "origin": [5.875, 15.375, 9.57664]},
			"faces": {
				"north": {"uv": [0, 8, 0.25, 8.25], "texture": "#0"},
				"east": {"uv": [8, 0, 8.25, 0.25], "texture": "#0"},
				"south": {"uv": [0.25, 8, 0.5, 8.25], "texture": "#0"},
				"west": {"uv": [8, 0.25, 8.25, 0.5], "texture": "#0"},
				"up": {"uv": [0.75, 8.25, 0.5, 8], "texture": "#0"},
				"down": {"uv": [8.25, 0.5, 8, 0.75], "texture": "#0"}
			}
		},
		{
			"from": [4.54836, 16.25, 7.20164],
			"to": [5.54836, 17.25, 8.20164],
			"rotation": {"angle": 0, "axis": "y", "origin": [5.875, 15.375, 9.57664]},
			"faces": {
				"north": {"uv": [0.75, 8, 1, 8.25], "texture": "#0"},
				"east": {"uv": [8, 0.75, 8.25, 1], "texture": "#0"},
				"south": {"uv": [1, 8, 1.25, 8.25], "texture": "#0"},
				"west": {"uv": [8, 1, 8.25, 1.25], "texture": "#0"},
				"up": {"uv": [1.5, 8.25, 1.25, 8], "texture": "#0"},
				"down": {"uv": [8.25, 1.25, 8, 1.5], "texture": "#0"}
			}
		},
		{
			"from": [3.44979, 15.75, 7.94929],
			"to": [4.44979, 16.75, 8.94929],
			"rotation": {"angle": -22.5, "axis": "y", "origin": [5.875, 15.375, 9.57664]},
			"faces": {
				"north": {"uv": [1.5, 8, 1.75, 8.25], "texture": "#0"},
				"east": {"uv": [8, 1.5, 8.25, 1.75], "texture": "#0"},
				"south": {"uv": [1.75, 8, 2, 8.25], "texture": "#0"},
				"west": {"uv": [8, 1.75, 8.25, 2], "texture": "#0"},
				"up": {"uv": [2.25, 8.25, 2, 8], "texture": "#0"},
				"down": {"uv": [8.25, 2, 8, 2.25], "texture": "#0"}
			}
		},
		{
			"from": [4.35046, 16, 7.68287],
			"to": [5.35046, 17, 8.68287],
			"rotation": {"angle": 22.5, "axis": "y", "origin": [5.875, 15.375, 9.57664]},
			"faces": {
				"north": {"uv": [2.25, 8, 2.5, 8.25], "texture": "#0"},
				"east": {"uv": [8, 2.25, 8.25, 2.5], "texture": "#0"},
				"south": {"uv": [2.5, 8, 2.75, 8.25], "texture": "#0"},
				"west": {"uv": [8, 2.5, 8.25, 2.75], "texture": "#0"},
				"up": {"uv": [3, 8.25, 2.75, 8], "texture": "#0"},
				"down": {"uv": [8.25, 2.75, 8, 3], "texture": "#0"}
			}
		},
		{
			"from": [10, 13, 9.90328],
			"to": [12, 15, 11.90328],
			"rotation": {"angle": 0, "axis": "y", "origin": [9.625, 15.375, 9.07664]},
			"faces": {
				"north": {"uv": [1.5, 0.5, 2, 1], "texture": "#0"},
				"east": {"uv": [1, 1.5, 1.5, 2], "texture": "#0"},
				"south": {"uv": [1.5, 1, 2, 1.5], "texture": "#0"},
				"west": {"uv": [1.5, 1.5, 2, 2], "texture": "#0"},
				"up": {"uv": [0.5, 2.5, 0, 2], "texture": "#0"},
				"down": {"uv": [2.5, 0, 2, 0.5], "texture": "#0"}
			}
		},
		{
			"from": [10.25, 15, 10.15328],
			"to": [11.25, 16, 11.15328],
			"rotation": {"angle": 0, "axis": "y", "origin": [9.625, 15.375, 9.07664]},
			"faces": {
				"north": {"uv": [2.5, 6.5, 2.75, 6.75], "texture": "#0"},
				"east": {"uv": [6.5, 2.5, 6.75, 2.75], "texture": "#0"},
				"south": {"uv": [2.75, 6.5, 3, 6.75], "texture": "#0"},
				"west": {"uv": [6.5, 2.75, 6.75, 3], "texture": "#0"},
				"up": {"uv": [3.25, 6.75, 3, 6.5], "texture": "#0"},
				"down": {"uv": [6.75, 3, 6.5, 3.25], "texture": "#0"}
			}
		},
		{
			"from": [7.61915, 15, 10.17834],
			"to": [8.61915, 16, 11.17834],
			"rotation": {"angle": 22.5, "axis": "y", "origin": [9.625, 15.375, 9.07664]},
			"faces": {
				"north": {"uv": [3.25, 6.5, 3.5, 6.75], "texture": "#0"},
				"east": {"uv": [6.5, 3.25, 6.75, 3.5], "texture": "#0"},
				"south": {"uv": [3.5, 6.5, 3.75, 6.75], "texture": "#0"},
				"west": {"uv": [6.5, 3.5, 6.75, 3.75], "texture": "#0"},
				"up": {"uv": [4, 6.75, 3.75, 6.5], "texture": "#0"},
				"down": {"uv": [6.75, 3.75, 6.5, 4], "texture": "#0"}
			}
		},
		{
			"from": [7.25, 15, 10.65328],
			"to": [8.25, 16, 11.65328],
			"rotation": {"angle": 0, "axis": "y", "origin": [9.625, 15.375, 9.07664]},
			"faces": {
				"north": {"uv": [4, 6.5, 4.25, 6.75], "texture": "#0"},
				"east": {"uv": [6.5, 4, 6.75, 4.25], "texture": "#0"},
				"south": {"uv": [4.25, 6.5, 4.5, 6.75], "texture": "#0"},
				"west": {"uv": [6.5, 4.25, 6.75, 4.5], "texture": "#0"},
				"up": {"uv": [4.75, 6.75, 4.5, 6.5], "texture": "#0"},
				"down": {"uv": [6.75, 4.5, 6.5, 4.75], "texture": "#0"}
			}
		},
		{
			"from": [9.25, 15, 10.40328],
			"to": [10.25, 16, 11.40328],
			"rotation": {"angle": 0, "axis": "y", "origin": [9.625, 15.375, 9.07664]},
			"faces": {
				"north": {"uv": [4.75, 6.5, 5, 6.75], "texture": "#0"},
				"east": {"uv": [6.5, 4.75, 6.75, 5], "texture": "#0"},
				"south": {"uv": [5, 6.5, 5.25, 6.75], "texture": "#0"},
				"west": {"uv": [6.5, 5, 6.75, 5.25], "texture": "#0"},
				"up": {"uv": [5.5, 6.75, 5.25, 6.5], "texture": "#0"},
				"down": {"uv": [6.75, 5.25, 6.5, 5.5], "texture": "#0"}
			}
		},
		{
			"from": [8.31206, 13, 10.46535],
			"to": [9.31206, 15, 11.46535],
			"rotation": {"angle": 22.5, "axis": "y", "origin": [9.625, 15.375, 9.07664]},
			"faces": {
				"north": {"uv": [3, 3.5, 3.25, 4], "texture": "#0"},
				"east": {"uv": [3.5, 3, 3.75, 3.5], "texture": "#0"},
				"south": {"uv": [3.25, 3.5, 3.5, 4], "texture": "#0"},
				"west": {"uv": [3.5, 3.5, 3.75, 4], "texture": "#0"},
				"up": {"uv": [5.75, 6.75, 5.5, 6.5], "texture": "#0"},
				"down": {"uv": [6.75, 5.5, 6.5, 5.75], "texture": "#0"}
			}
		},
		{
			"from": [10.59854, 13, 9.51826],
			"to": [11.59854, 15, 10.51826],
			"rotation": {"angle": 22.5, "axis": "y", "origin": [9.625, 15.375, 9.07664]},
			"faces": {
				"north": {"uv": [3.75, 0, 4, 0.5], "texture": "#0"},
				"east": {"uv": [3.75, 0.5, 4, 1], "texture": "#0"},
				"south": {"uv": [3.75, 1, 4, 1.5], "texture": "#0"},
				"west": {"uv": [3.75, 1.5, 4, 2], "texture": "#0"},
				"up": {"uv": [6, 6.75, 5.75, 6.5], "texture": "#0"},
				"down": {"uv": [6.75, 5.75, 6.5, 6], "texture": "#0"}
			}
		},
		{
			"from": [10.75, 12.75, 7.90328],
			"to": [11.75, 14.75, 8.90328],
			"rotation": {"angle": 0, "axis": "y", "origin": [9.625, 15.375, 9.07664]},
			"faces": {
				"north": {"uv": [3.75, 2, 4, 2.5], "texture": "#0"},
				"east": {"uv": [3.75, 2.5, 4, 3], "texture": "#0"},
				"south": {"uv": [3.75, 3, 4, 3.5], "texture": "#0"},
				"west": {"uv": [3.75, 3.5, 4, 4], "texture": "#0"},
				"up": {"uv": [6.25, 6.75, 6, 6.5], "texture": "#0"},
				"down": {"uv": [6.75, 6, 6.5, 6.25], "texture": "#0"}
			}
		},
		{
			"from": [9.90825, 13, 6.27507],
			"to": [10.90825, 15, 7.27507],
			"rotation": {"angle": -22.5, "axis": "y", "origin": [9.625, 15.375, 9.07664]},
			"faces": {
				"north": {"uv": [0, 4, 0.25, 4.5], "texture": "#0"},
				"east": {"uv": [4, 0, 4.25, 0.5], "texture": "#0"},
				"south": {"uv": [0.25, 4, 0.5, 4.5], "texture": "#0"},
				"west": {"uv": [0.5, 4, 0.75, 4.5], "texture": "#0"},
				"up": {"uv": [6.5, 6.75, 6.25, 6.5], "texture": "#0"},
				"down": {"uv": [6.75, 6.25, 6.5, 6.5], "texture": "#0"}
			}
		},
		{
			"from": [9.71691, 13, 5.81313],
			"to": [10.71691, 15, 6.81313],
			"rotation": {"angle": -22.5, "axis": "y", "origin": [9.625, 15.375, 9.07664]},
			"faces": {
				"north": {"uv": [4, 0.5, 4.25, 1], "texture": "#0"},
				"east": {"uv": [0.75, 4, 1, 4.5], "texture": "#0"},
				"south": {"uv": [1, 4, 1.25, 4.5], "texture": "#0"},
				"west": {"uv": [4, 1, 4.25, 1.5], "texture": "#0"},
				"up": {"uv": [6.75, 6.75, 6.5, 6.5], "texture": "#0"},
				"down": {"uv": [0.25, 6.75, 0, 7], "texture": "#0"}
			}
		},
		{
			"from": [9.12928, 13, 10.92729],
			"to": [10.12928, 15, 11.92729],
			"rotation": {"angle": -22.5, "axis": "y", "origin": [9.625, 15.375, 9.07664]},
			"faces": {
				"north": {"uv": [1.25, 4, 1.5, 4.5], "texture": "#0"},
				"east": {"uv": [1.5, 4, 1.75, 4.5], "texture": "#0"},
				"south": {"uv": [4, 1.5, 4.25, 2], "texture": "#0"},
				"west": {"uv": [1.75, 4, 2, 4.5], "texture": "#0"},
				"up": {"uv": [7, 0.25, 6.75, 0], "texture": "#0"},
				"down": {"uv": [0.5, 6.75, 0.25, 7], "texture": "#0"}
			}
		},
		{
			"from": [7.25, 13, 10.90328],
			"to": [8.25, 15, 11.90328],
			"rotation": {"angle": 0, "axis": "y", "origin": [9.625, 15.375, 9.07664]},
			"faces": {
				"north": {"uv": [2, 4, 2.25, 4.5], "texture": "#0"},
				"east": {"uv": [4, 2, 4.25, 2.5], "texture": "#0"},
				"south": {"uv": [2.25, 4, 2.5, 4.5], "texture": "#0"},
				"west": {"uv": [2.5, 4, 2.75, 4.5], "texture": "#0"},
				"up": {"uv": [7, 0.5, 6.75, 0.25], "texture": "#0"},
				"down": {"uv": [0.75, 6.75, 0.5, 7], "texture": "#0"}
			}
		},
		{
			"from": [9.71986, 15, 10.34054],
			"to": [10.71986, 16, 11.34054],
			"rotation": {"angle": 45, "axis": "y", "origin": [9.625, 15.375, 9.07664]},
			"faces": {
				"north": {"uv": [6.75, 0.5, 7, 0.75], "texture": "#0"},
				"east": {"uv": [0.75, 6.75, 1, 7], "texture": "#0"},
				"south": {"uv": [6.75, 0.75, 7, 1], "texture": "#0"},
				"west": {"uv": [1, 6.75, 1.25, 7], "texture": "#0"},
				"up": {"uv": [7, 1.25, 6.75, 1], "texture": "#0"},
				"down": {"uv": [1.5, 6.75, 1.25, 7], "texture": "#0"}
			}
		},
		{
			"from": [11.13407, 15, 8.92633],
			"to": [12.13407, 16, 9.92633],
			"rotation": {"angle": 45, "axis": "y", "origin": [9.625, 15.375, 9.07664]},
			"faces": {
				"north": {"uv": [6.75, 1.25, 7, 1.5], "texture": "#0"},
				"east": {"uv": [1.5, 6.75, 1.75, 7], "texture": "#0"},
				"south": {"uv": [6.75, 1.5, 7, 1.75], "texture": "#0"},
				"west": {"uv": [1.75, 6.75, 2, 7], "texture": "#0"},
				"up": {"uv": [7, 2, 6.75, 1.75], "texture": "#0"},
				"down": {"uv": [2.25, 6.75, 2, 7], "texture": "#0"}
			}
		},
		{
			"from": [11, 14.75, 6.40328],
			"to": [12, 15.75, 7.40328],
			"rotation": {"angle": 0, "axis": "y", "origin": [9.625, 15.375, 9.07664]},
			"faces": {
				"north": {"uv": [6.75, 2, 7, 2.25], "texture": "#0"},
				"east": {"uv": [2.25, 6.75, 2.5, 7], "texture": "#0"},
				"south": {"uv": [6.75, 2.25, 7, 2.5], "texture": "#0"},
				"west": {"uv": [2.5, 6.75, 2.75, 7], "texture": "#0"},
				"up": {"uv": [7, 2.75, 6.75, 2.5], "texture": "#0"},
				"down": {"uv": [3, 6.75, 2.75, 7], "texture": "#0"}
			}
		},
		{
			"from": [10.6572, 14.75, 7.77663],
			"to": [11.6572, 15.75, 8.77663],
			"rotation": {"angle": -22.5, "axis": "y", "origin": [9.625, 15.375, 9.07664]},
			"faces": {
				"north": {"uv": [6.75, 2.75, 7, 3], "texture": "#0"},
				"east": {"uv": [3, 6.75, 3.25, 7], "texture": "#0"},
				"south": {"uv": [6.75, 3, 7, 3.25], "texture": "#0"},
				"west": {"uv": [3.25, 6.75, 3.5, 7], "texture": "#0"},
				"up": {"uv": [7, 3.5, 6.75, 3.25], "texture": "#0"},
				"down": {"uv": [3.75, 6.75, 3.5, 7], "texture": "#0"}
			}
		},
		{
			"from": [10.11601, 15.75, 9.0832],
			"to": [11.11601, 16.75, 10.0832],
			"rotation": {"angle": -22.5, "axis": "y", "origin": [9.625, 15.375, 9.07664]},
			"faces": {
				"north": {"uv": [6.75, 3.5, 7, 3.75], "texture": "#0"},
				"east": {"uv": [3.75, 6.75, 4, 7], "texture": "#0"},
				"south": {"uv": [6.75, 3.75, 7, 4], "texture": "#0"},
				"west": {"uv": [4, 6.75, 4.25, 7], "texture": "#0"},
				"up": {"uv": [7, 4.25, 6.75, 4], "texture": "#0"},
				"down": {"uv": [4.5, 6.75, 4.25, 7], "texture": "#0"}
			}
		},
		{
			"from": [9.92205, 15.75, 8.88506],
			"to": [10.92205, 16.75, 9.88506],
			"rotation": {"angle": 22.5, "axis": "y", "origin": [9.625, 15.375, 9.07664]},
			"faces": {
				"north": {"uv": [6.75, 4.25, 7, 4.5], "texture": "#0"},
				"east": {"uv": [4.5, 6.75, 4.75, 7], "texture": "#0"},
				"south": {"uv": [6.75, 4.5, 7, 4.75], "texture": "#0"},
				"west": {"uv": [4.75, 6.75, 5, 7], "texture": "#0"},
				"up": {"uv": [7, 5, 6.75, 4.75], "texture": "#0"},
				"down": {"uv": [5.25, 6.75, 5, 7], "texture": "#0"}
			}
		},
		{
			"from": [10.49607, 15.75, 7.49924],
			"to": [11.49607, 16.75, 8.49924],
			"rotation": {"angle": 22.5, "axis": "y", "origin": [9.625, 15.375, 9.07664]},
			"faces": {
				"north": {"uv": [6.75, 5, 7, 5.25], "texture": "#0"},
				"east": {"uv": [5.25, 6.75, 5.5, 7], "texture": "#0"},
				"south": {"uv": [6.75, 5.25, 7, 5.5], "texture": "#0"},
				"west": {"uv": [5.5, 6.75, 5.75, 7], "texture": "#0"},
				"up": {"uv": [7, 5.75, 6.75, 5.5], "texture": "#0"},
				"down": {"uv": [6, 6.75, 5.75, 7], "texture": "#0"}
			}
		},
		{
			"from": [10.68741, 15.5, 7.0373],
			"to": [11.68741, 16.5, 8.0373],
			"rotation": {"angle": 22.5, "axis": "y", "origin": [9.625, 15.375, 9.07664]},
			"faces": {
				"north": {"uv": [6.75, 5.75, 7, 6], "texture": "#0"},
				"east": {"uv": [6, 6.75, 6.25, 7], "texture": "#0"},
				"south": {"uv": [6.75, 6, 7, 6.25], "texture": "#0"},
				"west": {"uv": [6.25, 6.75, 6.5, 7], "texture": "#0"},
				"up": {"uv": [7, 6.5, 6.75, 6.25], "texture": "#0"},
				"down": {"uv": [6.75, 6.75, 6.5, 7], "texture": "#0"}
			}
		},
		{
			"from": [10.42696, 15.5, 8.86567],
			"to": [11.42696, 16.5, 9.86567],
			"rotation": {"angle": 45, "axis": "y", "origin": [9.625, 15.375, 9.07664]},
			"faces": {
				"north": {"uv": [6.75, 6.5, 7, 6.75], "texture": "#0"},
				"east": {"uv": [6.75, 6.75, 7, 7], "texture": "#0"},
				"south": {"uv": [0, 7, 0.25, 7.25], "texture": "#0"},
				"west": {"uv": [7, 0, 7.25, 0.25], "texture": "#0"},
				"up": {"uv": [0.5, 7.25, 0.25, 7], "texture": "#0"},
				"down": {"uv": [7.25, 0.25, 7, 0.5], "texture": "#0"}
			}
		},
		{
			"from": [9.25, 16, 9.90328],
			"to": [10.25, 17, 10.90328],
			"rotation": {"angle": 0, "axis": "y", "origin": [9.625, 15.375, 9.07664]},
			"faces": {
				"north": {"uv": [0.5, 7, 0.75, 7.25], "texture": "#0"},
				"east": {"uv": [7, 0.5, 7.25, 0.75], "texture": "#0"},
				"south": {"uv": [0.75, 7, 1, 7.25], "texture": "#0"},
				"west": {"uv": [7, 0.75, 7.25, 1], "texture": "#0"},
				"up": {"uv": [1.25, 7.25, 1, 7], "texture": "#0"},
				"down": {"uv": [7.25, 1, 7, 1.25], "texture": "#0"}
			}
		},
		{
			"from": [9.25, 16.25, 8.90328],
			"to": [10.25, 17.25, 9.90328],
			"rotation": {"angle": 0, "axis": "y", "origin": [9.625, 15.375, 9.07664]},
			"faces": {
				"north": {"uv": [1.25, 7, 1.5, 7.25], "texture": "#0"},
				"east": {"uv": [7, 1.25, 7.25, 1.5], "texture": "#0"},
				"south": {"uv": [1.5, 7, 1.75, 7.25], "texture": "#0"},
				"west": {"uv": [7, 1.5, 7.25, 1.75], "texture": "#0"},
				"up": {"uv": [2, 7.25, 1.75, 7], "texture": "#0"},
				"down": {"uv": [7.25, 1.75, 7, 2], "texture": "#0"}
			}
		},
		{
			"from": [9.71986, 16.25, 8.21922],
			"to": [10.71986, 17.25, 9.21922],
			"rotation": {"angle": 45, "axis": "y", "origin": [9.625, 15.375, 9.07664]},
			"faces": {
				"north": {"uv": [2, 7, 2.25, 7.25], "texture": "#0"},
				"east": {"uv": [7, 2, 7.25, 2.25], "texture": "#0"},
				"south": {"uv": [2.25, 7, 2.5, 7.25], "texture": "#0"},
				"west": {"uv": [7, 2.25, 7.25, 2.5], "texture": "#0"},
				"up": {"uv": [2.75, 7.25, 2.5, 7], "texture": "#0"},
				"down": {"uv": [7.25, 2.5, 7, 2.75], "texture": "#0"}
			}
		},
		{
			"from": [8.69736, 16, 6.96484],
			"to": [9.69736, 17, 7.96484],
			"rotation": {"angle": -22.5, "axis": "y", "origin": [9.625, 15.375, 9.07664]},
			"faces": {
				"north": {"uv": [2.75, 7, 3, 7.25], "texture": "#0"},
				"east": {"uv": [7, 2.75, 7.25, 3], "texture": "#0"},
				"south": {"uv": [3, 7, 3.25, 7.25], "texture": "#0"},
				"west": {"uv": [7, 3, 7.25, 3.25], "texture": "#0"},
				"up": {"uv": [3.5, 7.25, 3.25, 7], "texture": "#0"},
				"down": {"uv": [7.25, 3.25, 7, 3.5], "texture": "#0"}
			}
		},
		{
			"from": [8.00445, 16.5, 7.25185],
			"to": [9.00445, 17.5, 8.25185],
			"rotation": {"angle": -22.5, "axis": "y", "origin": [9.625, 15.375, 9.07664]},
			"faces": {
				"north": {"uv": [3.5, 7, 3.75, 7.25], "texture": "#0"},
				"east": {"uv": [7, 3.5, 7.25, 3.75], "texture": "#0"},
				"south": {"uv": [3.75, 7, 4, 7.25], "texture": "#0"},
				"west": {"uv": [7, 3.75, 7.25, 4], "texture": "#0"},
				"up": {"uv": [4.25, 7.25, 4, 7], "texture": "#0"},
				"down": {"uv": [7.25, 4, 7, 4.25], "texture": "#0"}
			}
		},
		{
			"from": [7.08057, 16.25, 7.63454],
			"to": [8.08057, 17.25, 8.63454],
			"rotation": {"angle": -22.5, "axis": "y", "origin": [9.625, 15.375, 9.07664]},
			"faces": {
				"north": {"uv": [4.25, 7, 4.5, 7.25], "texture": "#0"},
				"east": {"uv": [7, 4.25, 7.25, 4.5], "texture": "#0"},
				"south": {"uv": [4.5, 7, 4.75, 7.25], "texture": "#0"},
				"west": {"uv": [7, 4.5, 7.25, 4.75], "texture": "#0"},
				"up": {"uv": [5, 7.25, 4.75, 7], "texture": "#0"},
				"down": {"uv": [7.25, 4.75, 7, 5], "texture": "#0"}
			}
		},
		{
			"from": [7.5, 16.25, 7.90328],
			"to": [8.5, 17.25, 8.90328],
			"rotation": {"angle": 0, "axis": "y", "origin": [9.625, 15.375, 9.07664]},
			"faces": {
				"north": {"uv": [5, 7, 5.25, 7.25], "texture": "#0"},
				"east": {"uv": [7, 5, 7.25, 5.25], "texture": "#0"},
				"south": {"uv": [5.25, 7, 5.5, 7.25], "texture": "#0"},
				"west": {"uv": [7, 5.25, 7.25, 5.5], "texture": "#0"},
				"up": {"uv": [5.75, 7.25, 5.5, 7], "texture": "#0"},
				"down": {"uv": [7.25, 5.5, 7, 5.75], "texture": "#0"}
			}
		},
		{
			"from": [7.5, 16.5, 8.65328],
			"to": [8.5, 17.5, 9.65328],
			"rotation": {"angle": 0, "axis": "y", "origin": [9.625, 15.375, 9.07664]},
			"faces": {
				"north": {"uv": [5.75, 7, 6, 7.25], "texture": "#0"},
				"east": {"uv": [7, 5.75, 7.25, 6], "texture": "#0"},
				"south": {"uv": [6, 7, 6.25, 7.25], "texture": "#0"},
				"west": {"uv": [7, 6, 7.25, 6.25], "texture": "#0"},
				"up": {"uv": [6.5, 7.25, 6.25, 7], "texture": "#0"},
				"down": {"uv": [7.25, 6.25, 7, 6.5], "texture": "#0"}
			}
		},
		{
			"from": [9.01275, 16.5, 7.51212],
			"to": [10.01275, 17.5, 8.51212],
			"rotation": {"angle": 45, "axis": "y", "origin": [9.625, 15.375, 9.07664]},
			"faces": {
				"north": {"uv": [6.5, 7, 6.75, 7.25], "texture": "#0"},
				"east": {"uv": [7, 6.5, 7.25, 6.75], "texture": "#0"},
				"south": {"uv": [6.75, 7, 7, 7.25], "texture": "#0"},
				"west": {"uv": [7, 6.75, 7.25, 7], "texture": "#0"},
				"up": {"uv": [7.25, 7.25, 7, 7], "texture": "#0"},
				"down": {"uv": [0.25, 7.25, 0, 7.5], "texture": "#0"}
			}
		},
		{
			"from": [8.44317, 16.5, 8.96431],
			"to": [9.44317, 17.5, 9.96431],
			"rotation": {"angle": -22.5, "axis": "y", "origin": [9.625, 15.375, 9.07664]},
			"faces": {
				"north": {"uv": [7.25, 0, 7.5, 0.25], "texture": "#0"},
				"east": {"uv": [0.25, 7.25, 0.5, 7.5], "texture": "#0"},
				"south": {"uv": [7.25, 0.25, 7.5, 0.5], "texture": "#0"},
				"west": {"uv": [0.5, 7.25, 0.75, 7.5], "texture": "#0"},
				"up": {"uv": [7.5, 0.75, 7.25, 0.5], "texture": "#0"},
				"down": {"uv": [1, 7.25, 0.75, 7.5], "texture": "#0"}
			}
		},
		{
			"from": [8.25, 16.5, 9.40328],
			"to": [9.25, 17.5, 10.40328],
			"rotation": {"angle": 0, "axis": "y", "origin": [9.625, 15.375, 9.07664]},
			"faces": {
				"north": {"uv": [7.25, 0.75, 7.5, 1], "texture": "#0"},
				"east": {"uv": [1, 7.25, 1.25, 7.5], "texture": "#0"},
				"south": {"uv": [7.25, 1, 7.5, 1.25], "texture": "#0"},
				"west": {"uv": [1.25, 7.25, 1.5, 7.5], "texture": "#0"},
				"up": {"uv": [7.5, 1.5, 7.25, 1.25], "texture": "#0"},
				"down": {"uv": [1.75, 7.25, 1.5, 7.5], "texture": "#0"}
			}
		},
		{
			"from": [7.25, 16.25, 9.40328],
			"to": [8.25, 17.25, 10.40328],
			"rotation": {"angle": 0, "axis": "y", "origin": [9.625, 15.375, 9.07664]},
			"faces": {
				"north": {"uv": [7.25, 1.5, 7.5, 1.75], "texture": "#0"},
				"east": {"uv": [1.75, 7.25, 2, 7.5], "texture": "#0"},
				"south": {"uv": [7.25, 1.75, 7.5, 2], "texture": "#0"},
				"west": {"uv": [2, 7.25, 2.25, 7.5], "texture": "#0"},
				"up": {"uv": [7.5, 2.25, 7.25, 2], "texture": "#0"},
				"down": {"uv": [2.5, 7.25, 2.25, 7.5], "texture": "#0"}
			}
		},
		{
			"from": [7.99765, 15.75, 10.50185],
			"to": [8.99765, 16.75, 11.50185],
			"rotation": {"angle": -22.5, "axis": "y", "origin": [9.625, 15.375, 9.07664]},
			"faces": {
				"north": {"uv": [7.25, 2.25, 7.5, 2.5], "texture": "#0"},
				"east": {"uv": [2.5, 7.25, 2.75, 7.5], "texture": "#0"},
				"south": {"uv": [7.25, 2.5, 7.5, 2.75], "texture": "#0"},
				"west": {"uv": [2.75, 7.25, 3, 7.5], "texture": "#0"},
				"up": {"uv": [7.5, 3, 7.25, 2.75], "texture": "#0"},
				"down": {"uv": [3.25, 7.25, 3, 7.5], "texture": "#0"}
			}
		},
		{
			"from": [7.73123, 16, 9.60118],
			"to": [8.73123, 17, 10.60118],
			"rotation": {"angle": 22.5, "axis": "y", "origin": [9.625, 15.375, 9.07664]},
			"faces": {
				"north": {"uv": [7.25, 3, 7.5, 3.25], "texture": "#0"},
				"east": {"uv": [3.25, 7.25, 3.5, 7.5], "texture": "#0"},
				"south": {"uv": [7.25, 3.25, 7.5, 3.5], "texture": "#0"},
				"west": {"uv": [3.5, 7.25, 3.75, 7.5], "texture": "#0"},
				"up": {"uv": [7.5, 3.75, 7.25, 3.5], "texture": "#0"},
				"down": {"uv": [4, 7.25, 3.75, 7.5], "texture": "#0"}
			}
		},
		{
			"from": [9.95164, 13, 2.95164],
			"to": [11.95164, 15, 4.95164],
			"rotation": {"angle": 0, "axis": "y", "origin": [9.125, 15.375, 5.32664]},
			"faces": {
				"north": {"uv": [0.5, 1, 1, 1.5], "texture": "#0"},
				"east": {"uv": [1, 0.5, 1.5, 1], "texture": "#0"},
				"south": {"uv": [1, 1, 1.5, 1.5], "texture": "#0"},
				"west": {"uv": [0, 1.5, 0.5, 2], "texture": "#0"},
				"up": {"uv": [2, 0.5, 1.5, 0], "texture": "#0"},
				"down": {"uv": [1, 1.5, 0.5, 2], "texture": "#0"}
			}
		},
		{
			"from": [10.20164, 15, 3.70164],
			"to": [11.20164, 16, 4.70164],
			"rotation": {"angle": 0, "axis": "y", "origin": [9.125, 15.375, 5.32664]},
			"faces": {
				"north": {"uv": [4.5, 5.5, 4.75, 5.75], "texture": "#0"},
				"east": {"uv": [5.5, 4.5, 5.75, 4.75], "texture": "#0"},
				"south": {"uv": [4.75, 5.5, 5, 5.75], "texture": "#0"},
				"west": {"uv": [5.5, 4.75, 5.75, 5], "texture": "#0"},
				"up": {"uv": [5.25, 5.75, 5, 5.5], "texture": "#0"},
				"down": {"uv": [5.75, 5, 5.5, 5.25], "texture": "#0"}
			}
		},
		{
			"from": [10.2267, 15, 6.33249],
			"to": [11.2267, 16, 7.33249],
			"rotation": {"angle": 22.5, "axis": "y", "origin": [9.125, 15.375, 5.32664]},
			"faces": {
				"north": {"uv": [5.25, 5.5, 5.5, 5.75], "texture": "#0"},
				"east": {"uv": [5.5, 5.25, 5.75, 5.5], "texture": "#0"},
				"south": {"uv": [5.5, 5.5, 5.75, 5.75], "texture": "#0"},
				"west": {"uv": [0, 5.75, 0.25, 6], "texture": "#0"},
				"up": {"uv": [6, 0.25, 5.75, 0], "texture": "#0"},
				"down": {"uv": [0.5, 5.75, 0.25, 6], "texture": "#0"}
			}
		},
		{
			"from": [10.70164, 15, 6.70164],
			"to": [11.70164, 16, 7.70164],
			"rotation": {"angle": 0, "axis": "y", "origin": [9.125, 15.375, 5.32664]},
			"faces": {
				"north": {"uv": [5.75, 0.25, 6, 0.5], "texture": "#0"},
				"east": {"uv": [0.5, 5.75, 0.75, 6], "texture": "#0"},
				"south": {"uv": [5.75, 0.5, 6, 0.75], "texture": "#0"},
				"west": {"uv": [0.75, 5.75, 1, 6], "texture": "#0"},
				"up": {"uv": [6, 1, 5.75, 0.75], "texture": "#0"},
				"down": {"uv": [1.25, 5.75, 1, 6], "texture": "#0"}
			}
		},
		{
			"from": [10.45164, 15, 4.70164],
			"to": [11.45164, 16, 5.70164],
			"rotation": {"angle": 0, "axis": "y", "origin": [9.125, 15.375, 5.32664]},
			"faces": {
				"north": {"uv": [5.75, 1, 6, 1.25], "texture": "#0"},
				"east": {"uv": [1.25, 5.75, 1.5, 6], "texture": "#0"},
				"south": {"uv": [5.75, 1.25, 6, 1.5], "texture": "#0"},
				"west": {"uv": [1.5, 5.75, 1.75, 6], "texture": "#0"},
				"up": {"uv": [6, 1.75, 5.75, 1.5], "texture": "#0"},
				"down": {"uv": [2, 5.75, 1.75, 6], "texture": "#0"}
			}
		},
		{
			"from": [10.51371, 13, 5.63958],
			"to": [11.51371, 15, 6.63958],
			"rotation": {"angle": 22.5, "axis": "y", "origin": [9.125, 15.375, 5.32664]},
			"faces": {
				"north": {"uv": [3, 2.5, 3.25, 3], "texture": "#0"},
				"east": {"uv": [2.75, 3, 3, 3.5], "texture": "#0"},
				"south": {"uv": [3, 3, 3.25, 3.5], "texture": "#0"},
				"west": {"uv": [3.25, 0, 3.5, 0.5], "texture": "#0"},
				"up": {"uv": [6, 2, 5.75, 1.75], "texture": "#0"},
				"down": {"uv": [2.25, 5.75, 2, 6], "texture": "#0"}
			}
		},
		{
			"from": [9.56662, 13, 3.3531],
			"to": [10.56662, 15, 4.3531],
			"rotation": {"angle": 22.5, "axis": "y", "origin": [9.125, 15.375, 5.32664]},
			"faces": {
				"north": {"uv": [3.25, 0.5, 3.5, 1], "texture": "#0"},
				"east": {"uv": [3.25, 1, 3.5, 1.5], "texture": "#0"},
				"south": {"uv": [3.25, 1.5, 3.5, 2], "texture": "#0"},
				"west": {"uv": [3.25, 2, 3.5, 2.5], "texture": "#0"},
				"up": {"uv": [6, 2.25, 5.75, 2], "texture": "#0"},
				"down": {"uv": [2.5, 5.75, 2.25, 6], "texture": "#0"}
			}
		},
		{
			"from": [7.95164, 12.75, 3.20164],
			"to": [8.95164, 14.75, 4.20164],
			"rotation": {"angle": 0, "axis": "y", "origin": [9.125, 15.375, 5.32664]},
			"faces": {
				"north": {"uv": [3.25, 2.5, 3.5, 3], "texture": "#0"},
				"east": {"uv": [3.25, 3, 3.5, 3.5], "texture": "#0"},
				"south": {"uv": [0, 3.5, 0.25, 4], "texture": "#0"},
				"west": {"uv": [3.5, 0, 3.75, 0.5], "texture": "#0"},
				"up": {"uv": [6, 2.5, 5.75, 2.25], "texture": "#0"},
				"down": {"uv": [2.75, 5.75, 2.5, 6], "texture": "#0"}
			}
		},
		{
			"from": [6.32343, 13, 4.04339],
			"to": [7.32343, 15, 5.04339],
			"rotation": {"angle": -22.5, "axis": "y", "origin": [9.125, 15.375, 5.32664]},
			"faces": {
				"north": {"uv": [0.25, 3.5, 0.5, 4], "texture": "#0"},
				"east": {"uv": [0.5, 3.5, 0.75, 4], "texture": "#0"},
				"south": {"uv": [3.5, 0.5, 3.75, 1], "texture": "#0"},
				"west": {"uv": [0.75, 3.5, 1, 4], "texture": "#0"},
				"up": {"uv": [6, 2.75, 5.75, 2.5], "texture": "#0"},
				"down": {"uv": [3, 5.75, 2.75, 6], "texture": "#0"}
			}
		},
		{
			"from": [5.86149, 13, 4.23473],
			"to": [6.86149, 15, 5.23473],
			"rotation": {"angle": -22.5, "axis": "y", "origin": [9.125, 15.375, 5.32664]},
			"faces": {
				"north": {"uv": [1, 3.5, 1.25, 4], "texture": "#0"},
				"east": {"uv": [3.5, 1, 3.75, 1.5], "texture": "#0"},
				"south": {"uv": [1.25, 3.5, 1.5, 4], "texture": "#0"},
				"west": {"uv": [1.5, 3.5, 1.75, 4], "texture": "#0"},
				"up": {"uv": [6, 3, 5.75, 2.75], "texture": "#0"},
				"down": {"uv": [3.25, 5.75, 3, 6], "texture": "#0"}
			}
		},
		{
			"from": [10.97565, 13, 4.82236],
			"to": [11.97565, 15, 5.82236],
			"rotation": {"angle": -22.5, "axis": "y", "origin": [9.125, 15.375, 5.32664]},
			"faces": {
				"north": {"uv": [3.5, 1.5, 3.75, 2], "texture": "#0"},
				"east": {"uv": [1.75, 3.5, 2, 4], "texture": "#0"},
				"south": {"uv": [2, 3.5, 2.25, 4], "texture": "#0"},
				"west": {"uv": [3.5, 2, 3.75, 2.5], "texture": "#0"},
				"up": {"uv": [6, 3.25, 5.75, 3], "texture": "#0"},
				"down": {"uv": [3.5, 5.75, 3.25, 6], "texture": "#0"}
			}
		},
		{
			"from": [10.95164, 13, 6.70164],
			"to": [11.95164, 15, 7.70164],
			"rotation": {"angle": 0, "axis": "y", "origin": [9.125, 15.375, 5.32664]},
			"faces": {
				"north": {"uv": [2.25, 3.5, 2.5, 4], "texture": "#0"},
				"east": {"uv": [2.5, 3.5, 2.75, 4], "texture": "#0"},
				"south": {"uv": [3.5, 2.5, 3.75, 3], "texture": "#0"},
				"west": {"uv": [2.75, 3.5, 3, 4], "texture": "#0"},
				"up": {"uv": [6, 3.5, 5.75, 3.25], "texture": "#0"},
				"down": {"uv": [3.75, 5.75, 3.5, 6], "texture": "#0"}
			}
		},
		{
			"from": [8.03014, 15, 3.06274],
			"to": [9.03014, 16, 4.06274],
			"rotation": {"angle": -45, "axis": "y", "origin": [9.125, 15.375, 5.32664]},
			"faces": {
				"north": {"uv": [5.75, 3.5, 6, 3.75], "texture": "#0"},
				"east": {"uv": [3.75, 5.75, 4, 6], "texture": "#0"},
				"south": {"uv": [5.75, 3.75, 6, 4], "texture": "#0"},
				"west": {"uv": [4, 5.75, 4.25, 6], "texture": "#0"},
				"up": {"uv": [6, 4.25, 5.75, 4], "texture": "#0"},
				"down": {"uv": [4.5, 5.75, 4.25, 6], "texture": "#0"}
			}
		},
		{
			"from": [6.61593, 15, 4.47695],
			"to": [7.61593, 16, 5.47695],
			"rotation": {"angle": -45, "axis": "y", "origin": [9.125, 15.375, 5.32664]},
			"faces": {
				"north": {"uv": [5.75, 4.25, 6, 4.5], "texture": "#0"},
				"east": {"uv": [4.5, 5.75, 4.75, 6], "texture": "#0"},
				"south": {"uv": [5.75, 4.5, 6, 4.75], "texture": "#0"},
				"west": {"uv": [4.75, 5.75, 5, 6], "texture": "#0"},
				"up": {"uv": [6, 5, 5.75, 4.75], "texture": "#0"},
				"down": {"uv": [5.25, 5.75, 5, 6], "texture": "#0"}
			}
		},
		{
			"from": [6.45164, 14.75, 2.95164],
			"to": [7.45164, 15.75, 3.95164],
			"rotation": {"angle": 0, "axis": "y", "origin": [9.125, 15.375, 5.32664]},
			"faces": {
				"north": {"uv": [5.75, 5, 6, 5.25], "texture": "#0"},
				"east": {"uv": [5.25, 5.75, 5.5, 6], "texture": "#0"},
				"south": {"uv": [5.75, 5.25, 6, 5.5], "texture": "#0"},
				"west": {"uv": [5.5, 5.75, 5.75, 6], "texture": "#0"},
				"up": {"uv": [6, 5.75, 5.75, 5.5], "texture": "#0"},
				"down": {"uv": [6, 5.75, 5.75, 6], "texture": "#0"}
			}
		},
		{
			"from": [7.82499, 14.75, 3.29444],
			"to": [8.82499, 15.75, 4.29444],
			"rotation": {"angle": -22.5, "axis": "y", "origin": [9.125, 15.375, 5.32664]},
			"faces": {
				"north": {"uv": [0, 6, 0.25, 6.25], "texture": "#0"},
				"east": {"uv": [6, 0, 6.25, 0.25], "texture": "#0"},
				"south": {"uv": [0.25, 6, 0.5, 6.25], "texture": "#0"},
				"west": {"uv": [6, 0.25, 6.25, 0.5], "texture": "#0"},
				"up": {"uv": [0.75, 6.25, 0.5, 6], "texture": "#0"},
				"down": {"uv": [6.25, 0.5, 6, 0.75], "texture": "#0"}
			}
		},
		{
			"from": [9.13156, 15.75, 3.83564],
			"to": [10.13156, 16.75, 4.83564],
			"rotation": {"angle": -22.5, "axis": "y", "origin": [9.125, 15.375, 5.32664]},
			"faces": {
				"north": {"uv": [0.75, 6, 1, 6.25], "texture": "#0"},
				"east": {"uv": [6, 0.75, 6.25, 1], "texture": "#0"},
				"south": {"uv": [1, 6, 1.25, 6.25], "texture": "#0"},
				"west": {"uv": [6, 1, 6.25, 1.25], "texture": "#0"},
				"up": {"uv": [1.5, 6.25, 1.25, 6], "texture": "#0"},
				"down": {"uv": [6.25, 1.25, 6, 1.5], "texture": "#0"}
			}
		},
		{
			"from": [8.93342, 15.75, 4.02959],
			"to": [9.93342, 16.75, 5.02959],
			"rotation": {"angle": 22.5, "axis": "y", "origin": [9.125, 15.375, 5.32664]},
			"faces": {
				"north": {"uv": [1.5, 6, 1.75, 6.25], "texture": "#0"},
				"east": {"uv": [6, 1.5, 6.25, 1.75], "texture": "#0"},
				"south": {"uv": [1.75, 6, 2, 6.25], "texture": "#0"},
				"west": {"uv": [6, 1.75, 6.25, 2], "texture": "#0"},
				"up": {"uv": [2.25, 6.25, 2, 6], "texture": "#0"},
				"down": {"uv": [6.25, 2, 6, 2.25], "texture": "#0"}
			}
		},
		{
			"from": [7.5476, 15.75, 3.45557],
			"to": [8.5476, 16.75, 4.45557],
			"rotation": {"angle": 22.5, "axis": "y", "origin": [9.125, 15.375, 5.32664]},
			"faces": {
				"north": {"uv": [2.25, 6, 2.5, 6.25], "texture": "#0"},
				"east": {"uv": [6, 2.25, 6.25, 2.5], "texture": "#0"},
				"south": {"uv": [2.5, 6, 2.75, 6.25], "texture": "#0"},
				"west": {"uv": [6, 2.5, 6.25, 2.75], "texture": "#0"},
				"up": {"uv": [3, 6.25, 2.75, 6], "texture": "#0"},
				"down": {"uv": [6.25, 2.75, 6, 3], "texture": "#0"}
			}
		},
		{
			"from": [7.08566, 15.5, 3.26423],
			"to": [8.08566, 16.5, 4.26423],
			"rotation": {"angle": 22.5, "axis": "y", "origin": [9.125, 15.375, 5.32664]},
			"faces": {
				"north": {"uv": [3, 6, 3.25, 6.25], "texture": "#0"},
				"east": {"uv": [6, 3, 6.25, 3.25], "texture": "#0"},
				"south": {"uv": [3.25, 6, 3.5, 6.25], "texture": "#0"},
				"west": {"uv": [6, 3.25, 6.25, 3.5], "texture": "#0"},
				"up": {"uv": [3.75, 6.25, 3.5, 6], "texture": "#0"},
				"down": {"uv": [6.25, 3.5, 6, 3.75], "texture": "#0"}
			}
		},
		{
			"from": [7.32304, 15.5, 4.53761],
			"to": [8.32304, 16.5, 5.53761],
			"rotation": {"angle": -45, "axis": "y", "origin": [9.125, 15.375, 5.32664]},
			"faces": {
				"north": {"uv": [3.75, 6, 4, 6.25], "texture": "#0"},
				"east": {"uv": [6, 3.75, 6.25, 4], "texture": "#0"},
				"south": {"uv": [4, 6, 4.25, 6.25], "texture": "#0"},
				"west": {"uv": [6, 4, 6.25, 4.25], "texture": "#0"},
				"up": {"uv": [4.5, 6.25, 4.25, 6], "texture": "#0"},
				"down": {"uv": [6.25, 4.25, 6, 4.5], "texture": "#0"}
			}
		},
		{
			"from": [9.95164, 16, 4.70164],
			"to": [10.95164, 17, 5.70164],
			"rotation": {"angle": 0, "axis": "y", "origin": [9.125, 15.375, 5.32664]},
			"faces": {
				"north": {"uv": [4.5, 6, 4.75, 6.25], "texture": "#0"},
				"east": {"uv": [6, 4.5, 6.25, 4.75], "texture": "#0"},
				"south": {"uv": [4.75, 6, 5, 6.25], "texture": "#0"},
				"west": {"uv": [6, 4.75, 6.25, 5], "texture": "#0"},
				"up": {"uv": [5.25, 6.25, 5, 6], "texture": "#0"},
				"down": {"uv": [6.25, 5, 6, 5.25], "texture": "#0"}
			}
		},
		{
			"from": [8.95164, 16.25, 4.70164],
			"to": [9.95164, 17.25, 5.70164],
			"rotation": {"angle": 0, "axis": "y", "origin": [9.125, 15.375, 5.32664]},
			"faces": {
				"north": {"uv": [5.25, 6, 5.5, 6.25], "texture": "#0"},
				"east": {"uv": [6, 5.25, 6.25, 5.5], "texture": "#0"},
				"south": {"uv": [5.5, 6, 5.75, 6.25], "texture": "#0"},
				"west": {"uv": [6, 5.5, 6.25, 5.75], "texture": "#0"},
				"up": {"uv": [6, 6.25, 5.75, 6], "texture": "#0"},
				"down": {"uv": [6.25, 5.75, 6, 6], "texture": "#0"}
			}
		},
		{
			"from": [8.03014, 16.25, 5.18406],
			"to": [9.03014, 17.25, 6.18406],
			"rotation": {"angle": -45, "axis": "y", "origin": [9.125, 15.375, 5.32664]},
			"faces": {
				"north": {"uv": [6, 6, 6.25, 6.25], "texture": "#0"},
				"east": {"uv": [0, 6.25, 0.25, 6.5], "texture": "#0"},
				"south": {"uv": [6.25, 0, 6.5, 0.25], "texture": "#0"},
				"west": {"uv": [0.25, 6.25, 0.5, 6.5], "texture": "#0"},
				"up": {"uv": [6.5, 0.5, 6.25, 0.25], "texture": "#0"},
				"down": {"uv": [0.75, 6.25, 0.5, 6.5], "texture": "#0"}
			}
		},
		{
			"from": [7.0132, 16, 5.25428],
			"to": [8.0132, 17, 6.25428],
			"rotation": {"angle": -22.5, "axis": "y", "origin": [9.125, 15.375, 5.32664]},
			"faces": {
				"north": {"uv": [6.25, 0.5, 6.5, 0.75], "texture": "#0"},
				"east": {"uv": [0.75, 6.25, 1, 6.5], "texture": "#0"},
				"south": {"uv": [6.25, 0.75, 6.5, 1], "texture": "#0"},
				"west": {"uv": [1, 6.25, 1.25, 6.5], "texture": "#0"},
				"up": {"uv": [6.5, 1.25, 6.25, 1], "texture": "#0"},
				"down": {"uv": [1.5, 6.25, 1.25, 6.5], "texture": "#0"}
			}
		},
		{
			"from": [7.30021, 16.5, 5.94719],
			"to": [8.30021, 17.5, 6.94719],
			"rotation": {"angle": -22.5, "axis": "y", "origin": [9.125, 15.375, 5.32664]},
			"faces": {
				"north": {"uv": [6.25, 1.25, 6.5, 1.5], "texture": "#0"},
				"east": {"uv": [1.5, 6.25, 1.75, 6.5], "texture": "#0"},
				"south": {"uv": [6.25, 1.5, 6.5, 1.75], "texture": "#0"},
				"west": {"uv": [1.75, 6.25, 2, 6.5], "texture": "#0"},
				"up": {"uv": [6.5, 2, 6.25, 1.75], "texture": "#0"},
				"down": {"uv": [2.25, 6.25, 2, 6.5], "texture": "#0"}
			}
		},
		{
			"from": [7.6829, 16.25, 6.87107],
			"to": [8.6829, 17.25, 7.87107],
			"rotation": {"angle": -22.5, "axis": "y", "origin": [9.125, 15.375, 5.32664]},
			"faces": {
				"north": {"uv": [6.25, 2, 6.5, 2.25], "texture": "#0"},
				"east": {"uv": [2.25, 6.25, 2.5, 6.5], "texture": "#0"},
				"south": {"uv": [6.25, 2.25, 6.5, 2.5], "texture": "#0"},
				"west": {"uv": [2.5, 6.25, 2.75, 6.5], "texture": "#0"},
				"up": {"uv": [6.5, 2.75, 6.25, 2.5], "texture": "#0"},
				"down": {"uv": [3, 6.25, 2.75, 6.5], "texture": "#0"}
			}
		},
		{
			"from": [7.95164, 16.25, 6.45164],
			"to": [8.95164, 17.25, 7.45164],
			"rotation": {"angle": 0, "axis": "y", "origin": [9.125, 15.375, 5.32664]},
			"faces": {
				"north": {"uv": [6.25, 2.75, 6.5, 3], "texture": "#0"},
				"east": {"uv": [3, 6.25, 3.25, 6.5], "texture": "#0"},
				"south": {"uv": [6.25, 3, 6.5, 3.25], "texture": "#0"},
				"west": {"uv": [3.25, 6.25, 3.5, 6.5], "texture": "#0"},
				"up": {"uv": [6.5, 3.5, 6.25, 3.25], "texture": "#0"},
				"down": {"uv": [3.75, 6.25, 3.5, 6.5], "texture": "#0"}
			}
		},
		{
			"from": [8.70164, 16.5, 6.45164],
			"to": [9.70164, 17.5, 7.45164],
			"rotation": {"angle": 0, "axis": "y", "origin": [9.125, 15.375, 5.32664]},
			"faces": {
				"north": {"uv": [6.25, 3.5, 6.5, 3.75], "texture": "#0"},
				"east": {"uv": [3.75, 6.25, 4, 6.5], "texture": "#0"},
				"south": {"uv": [6.25, 3.75, 6.5, 4], "texture": "#0"},
				"west": {"uv": [4, 6.25, 4.25, 6.5], "texture": "#0"},
				"up": {"uv": [6.5, 4.25, 6.25, 4], "texture": "#0"},
				"down": {"uv": [4.5, 6.25, 4.25, 6.5], "texture": "#0"}
			}
		},
		{
			"from": [8.73725, 16.5, 5.89117],
			"to": [9.73725, 17.5, 6.89117],
			"rotation": {"angle": -45, "axis": "y", "origin": [9.125, 15.375, 5.32664]},
			"faces": {
				"north": {"uv": [6.25, 4.25, 6.5, 4.5], "texture": "#0"},
				"east": {"uv": [4.5, 6.25, 4.75, 6.5], "texture": "#0"},
				"south": {"uv": [6.25, 4.5, 6.5, 4.75], "texture": "#0"},
				"west": {"uv": [4.75, 6.25, 5, 6.5], "texture": "#0"},
				"up": {"uv": [6.5, 5, 6.25, 4.75], "texture": "#0"},
				"down": {"uv": [5.25, 6.25, 5, 6.5], "texture": "#0"}
			}
		},
		{
			"from": [9.01267, 16.5, 5.50847],
			"to": [10.01267, 17.5, 6.50847],
			"rotation": {"angle": -22.5, "axis": "y", "origin": [9.125, 15.375, 5.32664]},
			"faces": {
				"north": {"uv": [6.25, 5, 6.5, 5.25], "texture": "#0"},
				"east": {"uv": [5.25, 6.25, 5.5, 6.5], "texture": "#0"},
				"south": {"uv": [6.25, 5.25, 6.5, 5.5], "texture": "#0"},
				"west": {"uv": [5.5, 6.25, 5.75, 6.5], "texture": "#0"},
				"up": {"uv": [6.5, 5.75, 6.25, 5.5], "texture": "#0"},
				"down": {"uv": [6, 6.25, 5.75, 6.5], "texture": "#0"}
			}
		},
		{
			"from": [9.45164, 16.5, 5.70164],
			"to": [10.45164, 17.5, 6.70164],
			"rotation": {"angle": 0, "axis": "y", "origin": [9.125, 15.375, 5.32664]},
			"faces": {
				"north": {"uv": [6.25, 5.75, 6.5, 6], "texture": "#0"},
				"east": {"uv": [6, 6.25, 6.25, 6.5], "texture": "#0"},
				"south": {"uv": [6.25, 6, 6.5, 6.25], "texture": "#0"},
				"west": {"uv": [6.25, 6.25, 6.5, 6.5], "texture": "#0"},
				"up": {"uv": [0.25, 6.75, 0, 6.5], "texture": "#0"},
				"down": {"uv": [6.75, 0, 6.5, 0.25], "texture": "#0"}
			}
		},
		{
			"from": [9.45164, 16.25, 6.70164],
			"to": [10.45164, 17.25, 7.70164],
			"rotation": {"angle": 0, "axis": "y", "origin": [9.125, 15.375, 5.32664]},
			"faces": {
				"north": {"uv": [0.25, 6.5, 0.5, 6.75], "texture": "#0"},
				"east": {"uv": [6.5, 0.25, 6.75, 0.5], "texture": "#0"},
				"south": {"uv": [0.5, 6.5, 0.75, 6.75], "texture": "#0"},
				"west": {"uv": [6.5, 0.5, 6.75, 0.75], "texture": "#0"},
				"up": {"uv": [1, 6.75, 0.75, 6.5], "texture": "#0"},
				"down": {"uv": [6.75, 0.75, 6.5, 1], "texture": "#0"}
			}
		},
		{
			"from": [10.55021, 15.75, 5.95399],
			"to": [11.55021, 16.75, 6.95399],
			"rotation": {"angle": -22.5, "axis": "y", "origin": [9.125, 15.375, 5.32664]},
			"faces": {
				"north": {"uv": [1, 6.5, 1.25, 6.75], "texture": "#0"},
				"east": {"uv": [6.5, 1, 6.75, 1.25], "texture": "#0"},
				"south": {"uv": [1.25, 6.5, 1.5, 6.75], "texture": "#0"},
				"west": {"uv": [6.5, 1.25, 6.75, 1.5], "texture": "#0"},
				"up": {"uv": [1.75, 6.75, 1.5, 6.5], "texture": "#0"},
				"down": {"uv": [6.75, 1.5, 6.5, 1.75], "texture": "#0"}
			}
		},
		{
			"from": [9.64954, 16, 6.22041],
			"to": [10.64954, 17, 7.22041],
			"rotation": {"angle": 22.5, "axis": "y", "origin": [9.125, 15.375, 5.32664]},
			"faces": {
				"north": {"uv": [1.75, 6.5, 2, 6.75], "texture": "#0"},
				"east": {"uv": [6.5, 1.75, 6.75, 2], "texture": "#0"},
				"south": {"uv": [2, 6.5, 2.25, 6.75], "texture": "#0"},
				"west": {"uv": [6.5, 2, 6.75, 2.25], "texture": "#0"},
				"up": {"uv": [2.5, 6.75, 2.25, 6.5], "texture": "#0"},
				"down": {"uv": [6.75, 2.25, 6.5, 2.5], "texture": "#0"}
			}
		}
	],
	"display": {
		"thirdperson_righthand": {
			"translation": [0.25, -0.75, -1.25],
			"scale": [0.5, 0.5, 0.5]
		},
		"thirdperson_lefthand": {
			"translation": [-0.25, -0.75, -1.5],
			"scale": [0.5, 0.5, 0.5]
		},
		"firstperson_righthand": {
			"rotation": [0.5, 59.5, 0],
			"translation": [0, -2, 0],
			"scale": [0.75, 0.75, 0.75]
		},
		"firstperson_lefthand": {
			"rotation": [0.5, 59.5, 0],
			"translation": [1, -2.5, 0],
			"scale": [0.75, 0.75, 0.75]
		},
		"ground": {
			"translation": [0, 3, 0],
			"scale": [0.77, 0.77, 0.77]
		},
		"gui": {
			"rotation": [25.5, 141.5, 0],
			"scale": [0.69, 0.69, 0.69]
		},
		"head": {
			"translation": [0, 14.5, 0]
		},
		"fixed": {
			"translation": [0, -0.25, 0]
		}
	},
	"groups": [
		0,
		1,
		{
			"name": "flaps",
			"origin": [12, 13, 12],
			"color": 0,
			"children": [2, 3, 4, 5]
		},
		{
			"name": "popcorn_corner1",
			"origin": [4, 15, 5],
			"color": 0,
			"children": [6, 7, 8, 9, 10, 11, 12, 13, 14, 15, 16, 17, 18, 19, 20, 21, 22, 23, 24, 25, 26, 27, 28, 29, 30, 31, 32, 33, 34, 35, 36, 37, 38, 39, 40]
		},
		{
			"name": "popcorn_corner2",
			"origin": [4, 15, 5],
			"color": 0,
			"children": [41, 42, 43, 44, 45, 46, 47, 48, 49, 50, 51, 52, 53, 54, 55, 56, 57, 58, 59, 60, 61, 62, 63, 64, 65, 66, 67, 68, 69, 70, 71, 72, 73, 74, 75]
		},
		{
			"name": "popcorn_corner3",
			"origin": [4, 15, 5],
			"color": 0,
			"children": [76, 77, 78, 79, 80, 81, 82, 83, 84, 85, 86, 87, 88, 89, 90, 91, 92, 93, 94, 95, 96, 97, 98, 99, 100, 101, 102, 103, 104, 105, 106, 107, 108, 109, 110]
		},
		{
			"name": "popcorn_corner4",
			"origin": [4, 15, 5],
			"color": 0,
			"children": [111, 112, 113, 114, 115, 116, 117, 118, 119, 120, 121, 122, 123, 124, 125, 126, 127, 128, 129, 130, 131, 132, 133, 134, 135, 136, 137, 138, 139, 140, 141, 142, 143, 144, 145]
		}
	]
}