{
  "model": {
    "type": "range_dispatch",
    "property": "custom_model_data",
    "fallback": {
      "type": "model",
      "model": "block/carved_pumpkin"
    },
    "entries": [
      {
        "model": {
          "type": "model",
          "model": "custom:item/izilac/fancyhat"
        },
        "threshold": 1
      },
      {
        "model": {
          "type": "model",
          "model": "custom:item/izilac/swordhead"
        },
        "threshold": 2
      },
      {
        "model": {
          "type": "model",
          "model": "custom:item/izilac/glasses"
        },
        "threshold": 3
      },
      {
        "model": {
          "type": "model",
          "model": "custom:item/izilac/glasses_down"
        },
        "threshold": 4
      },
      {
        "model": {
          "type": "model",
          "model": "custom:item/izilac/moustache"
        },
        "threshold": 5
      },
      {
        "model": {
          "type": "model",
          "model": "custom:item/sho/bloody_crown"
        },
        "threshold": 105
      },
      {
        "model": {
          "type": "model",
          "model": "custom:item/sho/mounted_telescope"
        },
        "threshold": 107
      },
      {
        "model": {
          "type": "model",
          "model": "custom:item/lynnt/wizbiz"
        },
        "threshold": 200
      },
      {
        "model": {
          "type": "model",
          "model": "custom:item/lynnt/wizard_apprentice"
        },
        "threshold": 201
      },
      {
        "model": {
          "type": "model",
          "model": "custom:item/lynnt/double_apprentice"
        },
        "threshold": 202
      },
      {
        "model": {
          "type": "model",
          "model": "custom:item/default/party_hat"
        },
        "threshold": 950
      }
    ]
  }
}
