{
	"credit": "Made by Izilac",
	"texture_size": [4, 4],
	"textures": {
		"0": "custom:item/frame",
		"1": "custom:item/lentille",
		"particle": "custom:item/frame"
	},
	"elements": [
		{
			"from": [5.375, 0.9375, 7.8125],
			"to": [5.5625, 1.125, 10.6875],
			"rotation": {"angle": 0, "axis": "y", "origin": [7, 0.9375, 6.1875]},
			"faces": {
				"north": {"uv": [6, 8, 6.25, 8.25], "texture": "#0"},
				"east": {"uv": [0, 4, 2.875, 4.25], "texture": "#0"},
				"south": {"uv": [8, 6, 8.25, 6.25], "texture": "#0"},
				"west": {"uv": [4, 0, 6.875, 0.25], "texture": "#0"},
				"up": {"uv": [4.25, 3.875, 4, 1], "texture": "#0"},
				"down": {"uv": [3.25, 4, 3, 6.875], "texture": "#0"}
			}
		},
		{
			"from": [8.5625, 0.9375, 7.8125],
			"to": [8.75, 1.125, 10.6875],
			"rotation": {"angle": 0, "axis": "y", "origin": [10.1875, 0.9375, 6.1875]},
			"faces": {
				"north": {"uv": [7, 8, 7.25, 8.25], "texture": "#0"},
				"east": {"uv": [4, 4, 6.875, 4.25], "texture": "#0"},
				"south": {"uv": [8, 7, 8.25, 7.25], "texture": "#0"},
				"west": {"uv": [0, 5, 2.875, 5.25], "texture": "#0"},
				"up": {"uv": [5.25, 3.875, 5, 1], "texture": "#0"},
				"down": {"uv": [4.25, 5, 4, 7.875], "texture": "#0"}
			}
		},
		{
			"from": [8.5625, 0.9375, 10.625],
			"to": [8.75, 1.0625, 11],
			"rotation": {"angle": 22.5, "axis": "x", "origin": [8.65625, 1.03125, 10.71875]},
			"faces": {
				"north": {"uv": [9, 8, 9.25, 8.125], "texture": "#0"},
				"east": {"uv": [9, 6, 9.375, 6.125], "texture": "#0"},
				"south": {"uv": [9, 9, 9.25, 9.125], "texture": "#0"},
				"west": {"uv": [7, 9, 7.375, 9.125], "texture": "#0"},
				"up": {"uv": [4.25, 8.375, 4, 8], "texture": "#0"},
				"down": {"uv": [8.25, 4, 8, 4.375], "texture": "#0"}
			}
		},
		{
			"from": [5.375, 0.9375, 10.625],
			"to": [5.5625, 1.0625, 11],
			"rotation": {"angle": 22.5, "axis": "x", "origin": [5.46875, 1.03125, 10.71875]},
			"faces": {
				"north": {"uv": [0, 10, 0.25, 10.125], "texture": "#0"},
				"east": {"uv": [9, 7, 9.375, 7.125], "texture": "#0"},
				"south": {"uv": [10, 0, 10.25, 0.125], "texture": "#0"},
				"west": {"uv": [8, 9, 8.375, 9.125], "texture": "#0"},
				"up": {"uv": [5.25, 8.375, 5, 8], "texture": "#0"},
				"down": {"uv": [8.25, 5, 8, 5.375], "texture": "#0"}
			}
		},
		{
			"from": [5.375, 0.9375, 7.8125],
			"to": [8.75, 1.125, 8],
			"rotation": {"angle": 0, "axis": "y", "origin": [7, 0.9375, 6.1875]},
			"faces": {
				"north": {"uv": [0, 0, 3.375, 0.25], "texture": "#0"},
				"east": {"uv": [8, 8, 8.25, 8.25], "texture": "#0"},
				"south": {"uv": [0, 1, 3.375, 1.25], "texture": "#0"},
				"west": {"uv": [0, 9, 0.25, 9.25], "texture": "#0"},
				"up": {"uv": [3.375, 2.25, 0, 2], "texture": "#0"},
				"down": {"uv": [3.375, 3, 0, 3.25], "texture": "#0"}
			}
		},
		{
			"from": [7.0625, 0.75, 7.8125],
			"to": [7.25, 1.6875, 8],
			"rotation": {"angle": -22.5, "axis": "z", "origin": [5.5, 1.5, 6.1875]},
			"faces": {
				"north": {"uv": [2, 6, 2.25, 7], "texture": "#0"},
				"east": {"uv": [2, 7, 2.25, 8], "texture": "#0"},
				"south": {"uv": [3, 7, 3.25, 8], "texture": "#0"},
				"west": {"uv": [7, 4, 7.25, 5], "texture": "#0"},
				"up": {"uv": [9.25, 0.25, 9, 0], "texture": "#0"},
				"down": {"uv": [1.25, 9, 1, 9.25], "texture": "#0"}
			}
		},
		{
			"from": [8.625, 0.75, 7.8125],
			"to": [8.8125, 1.6875, 8],
			"rotation": {"angle": -22.5, "axis": "z", "origin": [7.0625, 1.5, 6.1875]},
			"faces": {
				"north": {"uv": [5, 7, 5.25, 8], "texture": "#0"},
				"east": {"uv": [7, 5, 7.25, 6], "texture": "#0"},
				"south": {"uv": [6, 7, 6.25, 8], "texture": "#0"},
				"west": {"uv": [7, 6, 7.25, 7], "texture": "#0"},
				"up": {"uv": [9.25, 1.25, 9, 1], "texture": "#0"},
				"down": {"uv": [2.25, 9, 2, 9.25], "texture": "#0"}
			}
		},
		{
			"from": [5.6875, 0.125, 7.8125],
			"to": [6.8125, 0.3125, 8],
			"rotation": {"angle": 0, "axis": "y", "origin": [6.625, 1.875, 6.1875]},
			"faces": {
				"north": {"uv": [5, 5, 6.125, 5.25], "texture": "#0"},
				"east": {"uv": [9, 2, 9.25, 2.25], "texture": "#0"},
				"south": {"uv": [0, 6, 1.125, 6.25], "texture": "#0"},
				"west": {"uv": [3, 9, 3.25, 9.25], "texture": "#0"},
				"up": {"uv": [7.125, 1.25, 6, 1], "texture": "#0"},
				"down": {"uv": [7.125, 2, 6, 2.25], "texture": "#0"}
			}
		},
		{
			"from": [7.31569, 0.10383, 7.8125],
			"to": [8.44069, 0.29133, 8],
			"rotation": {"angle": 0, "axis": "y", "origin": [8.25319, 1.85383, 6.1875]},
			"faces": {
				"north": {"uv": [6, 3, 7.125, 3.25], "texture": "#0"},
				"east": {"uv": [9, 3, 9.25, 3.25], "texture": "#0"},
				"south": {"uv": [5, 6, 6.125, 6.25], "texture": "#0"},
				"west": {"uv": [4, 9, 4.25, 9.25], "texture": "#0"},
				"up": {"uv": [1.125, 7.25, 0, 7], "texture": "#0"},
				"down": {"uv": [8.125, 0, 7, 0.25], "texture": "#0"}
			}
		},
		{
			"from": [5.5625, 0.8125, 7.8125],
			"to": [5.75, 1.75, 8],
			"rotation": {"angle": 22.5, "axis": "z", "origin": [7.3125, 0.8125, 6.1875]},
			"faces": {
				"north": {"uv": [7, 7, 7.25, 8], "texture": "#0"},
				"east": {"uv": [0, 8, 0.25, 9], "texture": "#0"},
				"south": {"uv": [1, 8, 1.25, 9], "texture": "#0"},
				"west": {"uv": [8, 1, 8.25, 2], "texture": "#0"},
				"up": {"uv": [9.25, 4.25, 9, 4], "texture": "#0"},
				"down": {"uv": [5.25, 9, 5, 9.25], "texture": "#0"}
			}
		},
		{
			"from": [7.1875, 0.8125, 7.8125],
			"to": [7.375, 1.6875, 8],
			"rotation": {"angle": 22.5, "axis": "z", "origin": [8.9375, 0.8125, 6.1875]},
			"faces": {
				"north": {"uv": [2, 8, 2.25, 8.875], "texture": "#0"},
				"east": {"uv": [8, 2, 8.25, 2.875], "texture": "#0"},
				"south": {"uv": [3, 8, 3.25, 8.875], "texture": "#0"},
				"west": {"uv": [8, 3, 8.25, 3.875], "texture": "#0"},
				"up": {"uv": [9.25, 5.25, 9, 5], "texture": "#0"},
				"down": {"uv": [6.25, 9, 6, 9.25], "texture": "#0"}
			}
		},
		{
			"from": [7.5, 0.25, 7.875],
			"to": [8.375, 1, 7.875],
			"rotation": {"angle": 0, "axis": "y", "origin": [7, 0, 7.875]},
			"faces": {
				"north": {"uv": [4, 0, 7.5, 3], "texture": "#1"},
				"east": {"uv": [0, 0, 0, 3], "texture": "#1"},
				"south": {"uv": [4, 4, 7.5, 7], "texture": "#1"},
				"west": {"uv": [0, 0, 0, 3], "texture": "#1"},
				"up": {"uv": [3.5, 0, 0, 0], "texture": "#1"},
				"down": {"uv": [3.5, 0, 0, 0], "texture": "#1"}
			}
		},
		{
			"from": [8.125, 0.1875, 7.875],
			"to": [8.4375, 0.9375, 7.875],
			"rotation": {"angle": -22.5, "axis": "z", "origin": [8.5, 0.625, 7.875]},
			"faces": {
				"north": {"uv": [12, 0, 13.5, 3], "texture": "#1"},
				"east": {"uv": [0, 0, 0, 3], "texture": "#1"},
				"south": {"uv": [4, 12, 5.5, 15], "texture": "#1"},
				"west": {"uv": [0, 0, 0, 3], "texture": "#1"},
				"up": {"uv": [1.5, 0, 0, 0], "texture": "#1"},
				"down": {"uv": [1.5, 0, 0, 0], "texture": "#1"}
			}
		},
		{
			"from": [7.25, 0.375, 7.875],
			"to": [7.625, 1.125, 7.875],
			"rotation": {"angle": 22.5, "axis": "z", "origin": [7.6875, 0.8125, 7.875]},
			"faces": {
				"north": {"uv": [8, 8, 9.5, 11], "texture": "#1"},
				"east": {"uv": [0, 0, 0, 3], "texture": "#1"},
				"south": {"uv": [0, 12, 1.5, 15], "texture": "#1"},
				"west": {"uv": [0, 0, 0, 3], "texture": "#1"},
				"up": {"uv": [1.5, 0, 0, 0], "texture": "#1"},
				"down": {"uv": [1.5, 0, 0, 0], "texture": "#1"}
			}
		},
		{
			"from": [6.4375, 0.1875, 7.875],
			"to": [6.875, 0.9375, 7.875],
			"rotation": {"angle": -22.5, "axis": "z", "origin": [6.875, 0.625, 7.875]},
			"faces": {
				"north": {"uv": [0, 8, 2, 11], "texture": "#1"},
				"east": {"uv": [0, 0, 0, 3], "texture": "#1"},
				"south": {"uv": [8, 0, 10, 3], "texture": "#1"},
				"west": {"uv": [0, 0, 0, 3], "texture": "#1"},
				"up": {"uv": [2, 0, 0, 0], "texture": "#1"},
				"down": {"uv": [2, 0, 0, 0], "texture": "#1"}
			}
		},
		{
			"from": [5.8125, 0.25, 7.875],
			"to": [6.8125, 1, 7.875],
			"rotation": {"angle": 0, "axis": "y", "origin": [5.375, 0, 7.875]},
			"faces": {
				"north": {"uv": [0, 0, 4, 3], "texture": "#1"},
				"east": {"uv": [0, 0, 0, 3], "texture": "#1"},
				"south": {"uv": [0, 4, 4, 7], "texture": "#1"},
				"west": {"uv": [0, 0, 0, 3], "texture": "#1"},
				"up": {"uv": [4, 0, 0, 0], "texture": "#1"},
				"down": {"uv": [4, 0, 0, 0], "texture": "#1"}
			}
		},
		{
			"from": [5.625, 0.375, 7.875],
			"to": [6.0625, 1.125, 7.875],
			"rotation": {"angle": 22.5, "axis": "z", "origin": [6.0625, 0.8125, 7.875]},
			"faces": {
				"north": {"uv": [4, 8, 6, 11], "texture": "#1"},
				"east": {"uv": [0, 0, 0, 3], "texture": "#1"},
				"south": {"uv": [8, 4, 10, 7], "texture": "#1"},
				"west": {"uv": [0, 0, 0, 3], "texture": "#1"},
				"up": {"uv": [2, 0, 0, 0], "texture": "#1"},
				"down": {"uv": [2, 0, 0, 0], "texture": "#1"}
			}
		}
	],
	"display": {
		"thirdperson_righthand": {
			"rotation": [180, 180, 103],
			"translation": [7.75, 1.5, 0.75],
			"scale": [0.96, 1.09, 1.04]
		},
		"thirdperson_lefthand": {
			"translation": [-0.25, 8.75, 0.75],
			"scale": [0.91, 1.11, 1.18]
		},
		"ground": {
			"translation": [1.75, 28.75, 0],
			"scale": [4, 4, 4]
		},
		"gui": {
			"rotation": [-16, -13, 0],
			"translation": [5, 26.5, 0],
			"scale": [4, 4, 4]
		},
		"head": {
			"translation": [3.5, 28, -6.75],
			"scale": [4, 4, 4]
		},
		"fixed": {
			"translation": [4, 29.25, 0],
			"scale": [4, 4, 4]
		}
	},
	"groups": [
		{
			"name": "group",
			"origin": [8, 8, 8],
			"color": 0,
			"children": [0, 1, 2, 3, 4, 5, 6, 7, 8, 9, 10]
		},
		11,
		12,
		13,
		14,
		15,
		16
	]
}