{
  "model": {
    "type": "select",
    "property": "custom_model_data",
    "fallback": {
      "type": "model",
      "model": "block/carved_pumpkin"
    },
    "cases": [
      {
        "when": "fancyhat",
        "model": {
          "type": "model",
          "model": "custom:item/fancyhat"
        }
      },
      {
        "when": "swordhead",
        "model": {
          "type": "model",
          "model": "custom:item/swordhead"
        }
      },
      {
        "when": "glasses",
        "model": {
          "type": "model",
          "model": "custom:item/glasses"
        }
      },
      {
        "when": "glasses_down",
        "model": {
          "type": "model",
          "model": "custom:item/glasses_down"
        }
      },
      {
        "when": "moustache",
        "model": {
          "type": "model",
          "model": "custom:item/moustache"
        }
      }
    ]
  }
}
