{
	"credit": "Made with Blockbench",
	"texture_size": [32, 32],
	"textures": {
		"2": "custom:item/lynnt/egg_bunny/egg_bunny",
		"particle": "custom:item/lynnt/egg_bunny/egg_bunny"
	},
	"elements": [
		{
			"name": "tip top",
			"from": [6, 10, 6],
			"to": [10, 11, 10],
			"rotation": {"angle": 0, "axis": "y", "origin": [6, 10, 6]},
			"faces": {
				"north": {"uv": [8, 7, 10, 7.5], "texture": "#2"},
				"east": {"uv": [8, 7.5, 10, 8], "texture": "#2"},
				"south": {"uv": [12, 3.5, 14, 4], "texture": "#2"},
				"west": {"uv": [9, 12, 11, 12.5], "texture": "#2"},
				"up": {"uv": [12, 12, 10, 10], "texture": "#2"},
				"down": {"uv": [6, 11, 4, 13], "texture": "#2"}
			}
		},
		{
			"name": "top",
			"from": [5, 9, 5],
			"to": [11, 10, 11],
			"rotation": {"angle": 0, "axis": "y", "origin": [5, 9, 5]},
			"faces": {
				"north": {"uv": [12, 1.5, 15, 2], "texture": "#2"},
				"east": {"uv": [12, 2, 15, 2.5], "texture": "#2"},
				"south": {"uv": [12, 2.5, 15, 3], "texture": "#2"},
				"west": {"uv": [12, 3, 15, 3.5], "texture": "#2"},
				"up": {"uv": [10, 11, 7, 8], "texture": "#2"},
				"down": {"uv": [13, 7, 10, 10], "texture": "#2"}
			}
		},
		{
			"name": "middle",
			"from": [4, 1, 4],
			"to": [12, 9, 12],
			"rotation": {"angle": 0, "axis": "y", "origin": [4, 1, 4]},
			"faces": {
				"north": {"uv": [0, 0, 4, 4], "texture": "#2"},
				"east": {"uv": [0, 4, 4, 8], "texture": "#2"},
				"south": {"uv": [4, 0, 8, 4], "texture": "#2"},
				"west": {"uv": [4, 4, 8, 8], "texture": "#2"},
				"up": {"uv": [4, 12, 0, 8], "texture": "#2"},
				"down": {"uv": [12, 0, 8, 4], "texture": "#2"}
			}
		},
		{
			"name": "bottom",
			"from": [5, 0, 5],
			"to": [11, 1, 11],
			"rotation": {"angle": 0, "axis": "y", "origin": [5, 0, 5]},
			"faces": {
				"north": {"uv": [0, 12, 3, 12.5], "texture": "#2"},
				"east": {"uv": [12, 0, 15, 0.5], "texture": "#2"},
				"south": {"uv": [12, 0.5, 15, 1], "texture": "#2"},
				"west": {"uv": [12, 1, 15, 1.5], "texture": "#2"},
				"up": {"uv": [7, 11, 4, 8], "texture": "#2"},
				"down": {"uv": [11, 4, 8, 7], "texture": "#2"}
			}
		},
		{
			"from": [4, 9, 4],
			"to": [7, 12, 5],
			"rotation": {"angle": 0, "axis": "y", "origin": [4, 9, 4]},
			"faces": {
				"north": {"uv": [11, 4, 12.5, 5.5], "texture": "#2"},
				"east": {"uv": [3, 12, 3.5, 13.5], "texture": "#2"},
				"south": {"uv": [11, 5.5, 12.5, 7], "texture": "#2"},
				"west": {"uv": [3.5, 12, 4, 13.5], "texture": "#2"},
				"up": {"uv": [13.5, 10.5, 12, 10], "texture": "#2"},
				"down": {"uv": [13.5, 10.5, 12, 11], "texture": "#2"}
			}
		},
		{
			"from": [9, 9, 4],
			"to": [12, 12, 5],
			"rotation": {"angle": 0, "axis": "y", "origin": [9, 9, 4]},
			"faces": {
				"north": {"uv": [6, 11, 7.5, 12.5], "texture": "#2"},
				"east": {"uv": [11, 12, 11.5, 13.5], "texture": "#2"},
				"south": {"uv": [7.5, 11, 9, 12.5], "texture": "#2"},
				"west": {"uv": [12, 11, 12.5, 12.5], "texture": "#2"},
				"up": {"uv": [1.5, 13, 0, 12.5], "texture": "#2"},
				"down": {"uv": [3, 12.5, 1.5, 13], "texture": "#2"}
			}
		}
	],
	"display": {
		"thirdperson_righthand": {
			"scale": [0.75, 0.75, 0.75]
		},
		"thirdperson_lefthand": {
			"scale": [0.75, 0.75, 0.75]
		},
		"ground": {
			"translation": [0, 1.5, 0],
			"scale": [0.75, 0.75, 0.75]
		},
		"head": {
			"translation": [0, 14.25, 0]
		},
		"fixed": {
			"rotation": [-90, 0, 0],
			"translation": [0, 0, -8]
		}
	},
	"groups": [
		0,
		1,
		2,
		3,
		{
			"name": "ears",
			"origin": [8, 8, 8],
			"color": 0,
			"children": [4, 5]
		}
	]
}