{
	"credit": "Made by LynntFluffle",
	"texture_size": [32, 32],
	"textures": {
		"0": "custom:item/lynnt/wizard_apprentice/wizard_apprentice",
		"particle": "custom:item/lynnt/wizard_apprentice/wizard_apprentice"
	},
	"elements": [
		{
			"name": "base",
			"from": [4, 0, 5],
			"to": [12, 1, 11],
			"rotation": {"angle": 0, "axis": "y", "origin": [4, 0, 5]},
			"faces": {
				"north": {"uv": [4.25, 1.25, 5.25, 1.375], "texture": "#0"},
				"east": {"uv": [4.25, 3.875, 5, 4], "texture": "#0"},
				"south": {"uv": [4.25, 1.375, 5.25, 1.5], "texture": "#0"},
				"west": {"uv": [4.25, 4, 5, 4.125], "texture": "#0"},
				"up": {"uv": [1, 0.75, 0, 0], "texture": "#0"},
				"down": {"uv": [1, 0.75, 0, 1.5], "texture": "#0"}
			}
		},
		{
			"name": "base",
			"from": [6, 0, 3],
			"to": [10, 1, 13],
			"rotation": {"angle": 0, "axis": "y", "origin": [6, 0, 3]},
			"faces": {
				"north": {"uv": [3, 1.875, 3.5, 2], "texture": "#0"},
				"east": {"uv": [3.75, 2.75, 5, 2.875], "texture": "#0"},
				"south": {"uv": [3, 4.125, 3.5, 4.25], "texture": "#0"},
				"west": {"uv": [4.25, 0.875, 5.5, 1], "texture": "#0"},
				"up": {"uv": [0.5, 2.75, 0, 1.5], "texture": "#0"},
				"down": {"uv": [1, 1.5, 0.5, 2.75], "texture": "#0"}
			}
		},
		{
			"name": "base",
			"from": [3, 0, 6],
			"to": [13, 1, 10],
			"rotation": {"angle": 0, "axis": "y", "origin": [3, 0, 6]},
			"faces": {
				"north": {"uv": [4.25, 1, 5.5, 1.125], "texture": "#0"},
				"east": {"uv": [4.5, 0.25, 5, 0.375], "texture": "#0"},
				"south": {"uv": [4.25, 1.125, 5.5, 1.25], "texture": "#0"},
				"west": {"uv": [1.75, 4.5, 2.25, 4.625], "texture": "#0"},
				"up": {"uv": [3, 0.5, 1.75, 0], "texture": "#0"},
				"down": {"uv": [3, 0.5, 1.75, 1], "texture": "#0"}
			}
		},
		{
			"name": "base",
			"from": [5, 0, 4],
			"to": [11, 1, 12],
			"rotation": {"angle": 0, "axis": "y", "origin": [5, 0, 4]},
			"faces": {
				"north": {"uv": [1.5, 4.375, 2.25, 4.5], "texture": "#0"},
				"east": {"uv": [1.5, 4.25, 2.5, 4.375], "texture": "#0"},
				"south": {"uv": [2.25, 4.375, 3, 4.5], "texture": "#0"},
				"west": {"uv": [4.25, 1.5, 5.25, 1.625], "texture": "#0"},
				"up": {"uv": [1.75, 1, 1, 0], "texture": "#0"},
				"down": {"uv": [1.75, 1, 1, 2], "texture": "#0"}
			}
		},
		{
			"name": "base 2",
			"from": [5, 1, 5],
			"to": [11, 3, 11],
			"rotation": {"angle": 0, "axis": "y", "origin": [5, 1, 5]},
			"faces": {
				"north": {"uv": [1.5, 3.75, 2.25, 4], "texture": "#0"},
				"east": {"uv": [3.75, 1.875, 4.5, 2.125], "texture": "#0"},
				"south": {"uv": [3.75, 2.125, 4.5, 2.375], "texture": "#0"},
				"west": {"uv": [2.25, 3.75, 3, 4], "texture": "#0"},
				"up": {"uv": [2.5, 1.75, 1.75, 1], "texture": "#0"},
				"down": {"uv": [2.5, 1.75, 1.75, 2.5], "texture": "#0"}
			}
		},
		{
			"from": [7, 4, 4],
			"to": [9, 5, 12],
			"rotation": {"angle": 0, "axis": "y", "origin": [7, 4, 4]},
			"faces": {
				"north": {"uv": [0.75, 4.125, 1, 4.25], "texture": "#0"},
				"east": {"uv": [4.25, 1.625, 5.25, 1.75], "texture": "#0"},
				"south": {"uv": [0.75, 4.75, 1, 4.875], "texture": "#0"},
				"west": {"uv": [4.25, 1.75, 5.25, 1.875], "texture": "#0"},
				"up": {"uv": [1, 4.125, 0.75, 3.125], "texture": "#0"},
				"down": {"uv": [3.75, 1.875, 3.5, 2.875], "texture": "#0"}
			}
		},
		{
			"from": [6, 1, 4],
			"to": [10, 4, 12],
			"rotation": {"angle": 0, "axis": "y", "origin": [6, 1, 4]},
			"faces": {
				"north": {"uv": [3.75, 2.375, 4.25, 2.75], "texture": "#0"},
				"east": {"uv": [2.5, 2.5, 3.5, 2.875], "texture": "#0"},
				"south": {"uv": [3, 3.75, 3.5, 4.125], "texture": "#0"},
				"west": {"uv": [0, 2.75, 1, 3.125], "texture": "#0"},
				"up": {"uv": [1.5, 3, 1, 2], "texture": "#0"},
				"down": {"uv": [3, 1, 2.5, 2], "texture": "#0"}
			}
		},
		{
			"from": [4, 1, 6],
			"to": [12, 4, 10],
			"rotation": {"angle": 0, "axis": "y", "origin": [4, 1, 6]},
			"faces": {
				"north": {"uv": [2.5, 2.875, 3.5, 3.25], "texture": "#0"},
				"east": {"uv": [3.5, 3.875, 4, 4.25], "texture": "#0"},
				"south": {"uv": [3, 0, 4, 0.375], "texture": "#0"},
				"west": {"uv": [4, 0, 4.5, 0.375], "texture": "#0"},
				"up": {"uv": [2.5, 3, 1.5, 2.5], "texture": "#0"},
				"down": {"uv": [3.5, 2, 2.5, 2.5], "texture": "#0"}
			}
		},
		{
			"from": [4, 4, 7],
			"to": [12, 5, 9],
			"rotation": {"angle": 0, "axis": "y", "origin": [4, 4, 7]},
			"faces": {
				"north": {"uv": [4.25, 2.375, 5.25, 2.5], "texture": "#0"},
				"east": {"uv": [1, 4.75, 1.25, 4.875], "texture": "#0"},
				"south": {"uv": [2.5, 4.25, 3.5, 4.375], "texture": "#0"},
				"west": {"uv": [1.25, 4.75, 1.5, 4.875], "texture": "#0"},
				"up": {"uv": [4.5, 3.125, 3.5, 2.875], "texture": "#0"},
				"down": {"uv": [4.5, 3.125, 3.5, 3.375], "texture": "#0"}
			}
		},
		{
			"name": "base 3",
			"from": [6, 3, 5],
			"to": [10, 7, 11],
			"rotation": {"angle": 0, "axis": "y", "origin": [6, 3, 5]},
			"faces": {
				"north": {"uv": [5.5, 0, 7.5, 2], "texture": "#0"},
				"east": {"uv": [0, 5, 3, 7], "texture": "#0"},
				"south": {"uv": [0, 7, 2, 9], "texture": "#0"},
				"west": {"uv": [5, 2.5, 8, 4.5], "texture": "#0"},
				"up": {"uv": [5, 8, 3, 5], "texture": "#0"},
				"down": {"uv": [7, 4.5, 5, 7.5], "texture": "#0"}
			}
		},
		{
			"from": [5, 3, 6],
			"to": [11, 7, 10],
			"rotation": {"angle": 0, "axis": "y", "origin": [5, 3, 6]},
			"faces": {
				"north": {"uv": [3, 1.375, 3.75, 1.875], "texture": "#0"},
				"east": {"uv": [3.75, 0.375, 4.25, 0.875], "texture": "#0"},
				"south": {"uv": [0, 3.125, 0.75, 3.625], "texture": "#0"},
				"west": {"uv": [3.75, 0.875, 4.25, 1.375], "texture": "#0"},
				"up": {"uv": [2.75, 3.75, 2, 3.25], "texture": "#0"},
				"down": {"uv": [3.5, 3.25, 2.75, 3.75], "texture": "#0"}
			}
		},
		{
			"from": [7, 7, 5],
			"to": [9, 9, 11],
			"rotation": {"angle": 0, "axis": "y", "origin": [7, 7, 5]},
			"faces": {
				"north": {"uv": [4.5, 1.875, 4.75, 2.125], "texture": "#0"},
				"east": {"uv": [1.5, 4, 2.25, 4.25], "texture": "#0"},
				"south": {"uv": [4.5, 2.125, 4.75, 2.375], "texture": "#0"},
				"west": {"uv": [2.25, 4, 3, 4.25], "texture": "#0"},
				"up": {"uv": [0.75, 4.375, 0.5, 3.625], "texture": "#0"},
				"down": {"uv": [4.25, 3.375, 4, 4.125], "texture": "#0"}
			}
		},
		{
			"from": [5, 7, 7],
			"to": [11, 9, 9],
			"rotation": {"angle": 0, "axis": "y", "origin": [5, 7, 7]},
			"faces": {
				"north": {"uv": [4, 4.125, 4.75, 4.375], "texture": "#0"},
				"east": {"uv": [2.25, 4.5, 2.5, 4.75], "texture": "#0"},
				"south": {"uv": [4.25, 0.375, 5, 0.625], "texture": "#0"},
				"west": {"uv": [2.5, 4.5, 2.75, 4.75], "texture": "#0"},
				"up": {"uv": [5, 0.875, 4.25, 0.625], "texture": "#0"},
				"down": {"uv": [1.5, 4.25, 0.75, 4.5], "texture": "#0"}
			}
		},
		{
			"from": [6, 7, 6],
			"to": [10, 9, 10],
			"rotation": {"angle": 0, "axis": "y", "origin": [6, 7, 6]},
			"faces": {
				"north": {"uv": [2, 3, 2.5, 3.25], "texture": "#0"},
				"east": {"uv": [0, 4.125, 0.5, 4.375], "texture": "#0"},
				"south": {"uv": [4.25, 2.5, 4.75, 2.75], "texture": "#0"},
				"west": {"uv": [4.25, 3.375, 4.75, 3.625], "texture": "#0"},
				"up": {"uv": [1.5, 4.25, 1, 3.75], "texture": "#0"},
				"down": {"uv": [4.25, 1.375, 3.75, 1.875], "texture": "#0"}
			}
		},
		{
			"from": [7, 11, 7],
			"to": [10, 13, 9],
			"rotation": {"angle": 22.5, "axis": "z", "origin": [10, 11, 7]},
			"faces": {
				"north": {"uv": [0.25, 4.375, 0.625, 4.625], "texture": "#0"},
				"east": {"uv": [2.75, 4.5, 3, 4.75], "texture": "#0"},
				"south": {"uv": [3, 4.375, 3.375, 4.625], "texture": "#0"},
				"west": {"uv": [4.5, 2.875, 4.75, 3.125], "texture": "#0"},
				"up": {"uv": [4.375, 4.625, 4, 4.375], "texture": "#0"},
				"down": {"uv": [4.75, 4.375, 4.375, 4.625], "texture": "#0"}
			}
		},
		{
			"from": [6, 11, 7],
			"to": [8, 13, 9],
			"rotation": {"angle": -22.5, "axis": "z", "origin": [8, 11, 7]},
			"faces": {
				"north": {"uv": [4.5, 3.125, 4.75, 3.375], "texture": "#0"},
				"east": {"uv": [3.375, 4.5, 3.625, 4.75], "texture": "#0"},
				"south": {"uv": [3.625, 4.5, 3.875, 4.75], "texture": "#0"},
				"west": {"uv": [0.25, 4.625, 0.5, 4.875], "texture": "#0"},
				"up": {"uv": [2, 4.875, 1.75, 4.625], "texture": "#0"},
				"down": {"uv": [2.25, 4.625, 2, 4.875], "texture": "#0"}
			}
		},
		{
			"from": [5, 12, 7],
			"to": [7, 13, 9],
			"rotation": {"angle": -22.5, "axis": "z", "origin": [7, 12, 7]},
			"faces": {
				"north": {"uv": [1.5, 4.75, 1.75, 4.875], "texture": "#0"},
				"east": {"uv": [4.75, 1.875, 5, 2], "texture": "#0"},
				"south": {"uv": [4.75, 2, 5, 2.125], "texture": "#0"},
				"west": {"uv": [4.75, 2.125, 5, 2.25], "texture": "#0"},
				"up": {"uv": [3.25, 4.875, 3, 4.625], "texture": "#0"},
				"down": {"uv": [4.125, 4.625, 3.875, 4.875], "texture": "#0"}
			}
		},
		{
			"from": [7, 9, 7],
			"to": [10, 11, 9],
			"rotation": {"angle": 0, "axis": "y", "origin": [7, 9, 7]},
			"faces": {
				"north": {"uv": [4.5, 0, 4.875, 0.25], "texture": "#0"},
				"east": {"uv": [4.125, 4.625, 4.375, 4.875], "texture": "#0"},
				"south": {"uv": [0.625, 4.5, 1, 4.75], "texture": "#0"},
				"west": {"uv": [4.375, 4.625, 4.625, 4.875], "texture": "#0"},
				"up": {"uv": [1.375, 4.75, 1, 4.5], "texture": "#0"},
				"down": {"uv": [1.75, 4.5, 1.375, 4.75], "texture": "#0"}
			}
		},
		{
			"from": [7, 9, 6],
			"to": [9, 11, 10],
			"rotation": {"angle": 0, "axis": "y", "origin": [7, 9, 6]},
			"faces": {
				"north": {"uv": [4.625, 4.625, 4.875, 4.875], "texture": "#0"},
				"east": {"uv": [3.5, 4.25, 4, 4.5], "texture": "#0"},
				"south": {"uv": [0.5, 4.75, 0.75, 5], "texture": "#0"},
				"west": {"uv": [4.25, 3.625, 4.75, 3.875], "texture": "#0"},
				"up": {"uv": [1.75, 2.5, 1.5, 2], "texture": "#0"},
				"down": {"uv": [0.25, 4.375, 0, 4.875], "texture": "#0"}
			}
		},
		{
			"from": [6, 9, 7],
			"to": [7, 10, 9],
			"rotation": {"angle": 0, "axis": "y", "origin": [6, 9, 7]},
			"faces": {
				"north": {"uv": [0.625, 4.375, 0.75, 4.5], "texture": "#0"},
				"east": {"uv": [2.25, 4.75, 2.5, 4.875], "texture": "#0"},
				"south": {"uv": [3.375, 4.375, 3.5, 4.5], "texture": "#0"},
				"west": {"uv": [4.75, 2.25, 5, 2.375], "texture": "#0"},
				"up": {"uv": [3.375, 4.875, 3.25, 4.625], "texture": "#0"},
				"down": {"uv": [2.625, 4.75, 2.5, 5], "texture": "#0"}
			}
		},
		{
			"from": [4, 12, 9],
			"to": [5, 13, 10],
			"rotation": {"angle": 45, "axis": "z", "origin": [4, 13, 9]},
			"faces": {
				"north": {"uv": [3, 0.5, 3.5, 1], "texture": "#0"},
				"east": {"uv": [3, 0.5, 3.5, 1], "texture": "#0"},
				"south": {"uv": [3, 0.5, 3.5, 1], "texture": "#0"},
				"west": {"uv": [3, 0.5, 3.5, 1], "texture": "#0"},
				"up": {"uv": [1.5, 3.5, 1, 3], "texture": "#0"},
				"down": {"uv": [2, 3, 1.5, 3.5], "texture": "#0"}
			}
		}
	],
	"display": {
		"thirdperson_righthand": {
			"scale": [0.7, 0.7, 0.7]
		},
		"thirdperson_lefthand": {
			"scale": [0.7, 0.7, 0.7]
		},
		"ground": {
			"translation": [0, 4, 0],
			"scale": [0.9, 0.9, 0.9]
		},
		"gui": {
			"rotation": [45, -45, 0],
			"translation": [0, 1.75, 0],
			"scale": [0.9, 0.9, 0.9]
		},
		"head": {
			"translation": [0, 14.25, 0]
		},
		"fixed": {
			"rotation": [-90, 0, 0],
			"translation": [0, 0, -8]
		}
	},
	"groups": [
		{
			"name": "brim",
			"origin": [6, 0, 3],
			"color": 0,
			"children": [0, 1, 2, 3]
		},
		{
			"name": "base2",
			"origin": [0, 0, 0],
			"color": 0,
			"children": [4, 5, 6, 7, 8]
		},
		{
			"name": "base 3",
			"origin": [0, 0, 0],
			"color": 0,
			"children": [9, 10, 11, 12, 13]
		},
		{
			"name": "tip top",
			"origin": [8, 8, 8],
			"color": 0,
			"children": [14, 15, 16, 17, 18, 19, 20]
		}
	]
}