{
	"credit": "Made by LynntFluffle",
	"texture_size": [32, 32],
	"textures": {
		"0": "custom:item/default/party_hat",
		"particle": "custom:item/default/party_hat"
	},
	"elements": [
		{
			"name": "base",
			"from": [3, 0, 3],
			"to": [13, 3, 13],
			"rotation": {"angle": 0, "axis": "y", "origin": [3, 0, 3]},
			"faces": {
				"north": {"uv": [0, 10, 5, 11.5], "texture": "#0"},
				"east": {"uv": [5, 11, 10, 12.5], "texture": "#0"},
				"south": {"uv": [11, 8, 16, 9.5], "texture": "#0"},
				"west": {"uv": [11, 9.5, 16, 11], "texture": "#0"},
				"up": {"uv": [5, 5, 0, 0], "texture": "#0"},
				"down": {"uv": [5, 5, 0, 10], "texture": "#0"}
			}
		},
		{
			"name": "mid 1",
			"from": [4, 3, 4],
			"to": [12, 7, 12],
			"rotation": {"angle": 0, "axis": "y", "origin": [4, 3, 4]},
			"faces": {
				"north": {"uv": [9, 0, 13, 2], "texture": "#0"},
				"east": {"uv": [9, 2, 13, 4], "texture": "#0"},
				"south": {"uv": [9, 4, 13, 6], "texture": "#0"},
				"west": {"uv": [9, 6, 13, 8], "texture": "#0"},
				"up": {"uv": [9, 4, 5, 0], "texture": "#0"},
				"down": {"uv": [9, 4, 5, 8], "texture": "#0"}
			}
		},
		{
			"name": "mid2",
			"from": [5, 7, 5],
			"to": [11, 10, 11],
			"rotation": {"angle": 0, "axis": "y", "origin": [5, 7, 5]},
			"faces": {
				"north": {"uv": [10, 11, 13, 12.5], "texture": "#0"},
				"east": {"uv": [0, 11.5, 3, 13], "texture": "#0"},
				"south": {"uv": [3, 12.5, 6, 14], "texture": "#0"},
				"west": {"uv": [6, 12.5, 9, 14], "texture": "#0"},
				"up": {"uv": [8, 11, 5, 8], "texture": "#0"},
				"down": {"uv": [11, 8, 8, 11], "texture": "#0"}
			}
		},
		{
			"name": "mid3",
			"from": [6, 10, 6],
			"to": [10, 12, 10],
			"rotation": {"angle": 0, "axis": "y", "origin": [6, 10, 6]},
			"faces": {
				"north": {"uv": [3, 11.5, 5, 12.5], "texture": "#0"},
				"east": {"uv": [0, 13, 2, 14], "texture": "#0"},
				"south": {"uv": [13, 0, 15, 1], "texture": "#0"},
				"west": {"uv": [13, 1, 15, 2], "texture": "#0"},
				"up": {"uv": [11, 14.5, 9, 12.5], "texture": "#0"},
				"down": {"uv": [13, 12.5, 11, 14.5], "texture": "#0"}
			}
		},
		{
			"name": "mid4",
			"from": [7, 12, 7],
			"to": [9, 14, 9],
			"rotation": {"angle": 0, "axis": "y", "origin": [0, 12, 7]},
			"faces": {
				"north": {"uv": [13, 6.5, 14, 7.5], "texture": "#0"},
				"east": {"uv": [13, 11, 14, 12], "texture": "#0"},
				"south": {"uv": [13, 12, 14, 13], "texture": "#0"},
				"west": {"uv": [13, 13, 14, 14], "texture": "#0"},
				"up": {"uv": [1, 15, 0, 14], "texture": "#0"},
				"down": {"uv": [2, 14, 1, 15], "texture": "#0"}
			}
		},
		{
			"from": [6, 15, 8],
			"to": [10, 16, 8],
			"rotation": {"angle": 0, "axis": "y", "origin": [6, 15, 8]},
			"faces": {
				"north": {"uv": [13, 7.5, 15, 8], "texture": "#0"},
				"east": {"uv": [0, 0, 0, 0.5], "texture": "#0"},
				"south": {"uv": [14, 2, 16, 2.5], "texture": "#0"},
				"west": {"uv": [0, 0, 0, 0.5], "texture": "#0"},
				"up": {"uv": [2, 0, 0, 0], "texture": "#0"},
				"down": {"uv": [2, 0, 0, 0], "texture": "#0"}
			}
		},
		{
			"from": [8, 15, 6],
			"to": [8, 16, 10],
			"rotation": {"angle": 0, "axis": "y", "origin": [8, 15, 6]},
			"faces": {
				"north": {"uv": [0, 0, 0, 0.5], "texture": "#0"},
				"east": {"uv": [14, 2.5, 16, 3], "texture": "#0"},
				"south": {"uv": [0, 0, 0, 0.5], "texture": "#0"},
				"west": {"uv": [3, 14, 5, 14.5], "texture": "#0"},
				"up": {"uv": [0, 2, 0, 0], "texture": "#0"},
				"down": {"uv": [0, 0, 0, 2], "texture": "#0"}
			}
		},
		{
			"from": [7, 14, 8],
			"to": [9, 17, 8],
			"rotation": {"angle": 0, "axis": "y", "origin": [7, 14, 8]},
			"faces": {
				"north": {"uv": [2, 13, 3, 14.5], "texture": "#0"},
				"east": {"uv": [0, 0, 0, 1.5], "texture": "#0"},
				"south": {"uv": [13, 2, 14, 3.5], "texture": "#0"},
				"west": {"uv": [0, 0, 0, 1.5], "texture": "#0"},
				"up": {"uv": [1, 0, 0, 0], "texture": "#0"},
				"down": {"uv": [1, 0, 0, 0], "texture": "#0"}
			}
		},
		{
			"from": [8, 14, 7],
			"to": [8, 17, 9],
			"rotation": {"angle": 0, "axis": "y", "origin": [8, 14, 7]},
			"faces": {
				"north": {"uv": [0, 0, 0, 1.5], "texture": "#0"},
				"east": {"uv": [13, 3.5, 14, 5], "texture": "#0"},
				"south": {"uv": [0, 0, 0, 1.5], "texture": "#0"},
				"west": {"uv": [13, 5, 14, 6.5], "texture": "#0"},
				"up": {"uv": [0, 1, 0, 0], "texture": "#0"},
				"down": {"uv": [0, 0, 0, 1], "texture": "#0"}
			}
		}
	],
	"display": {
		"thirdperson_righthand": {
			"translation": [0, -1.75, -1.25],
			"scale": [0.6, 0.6, 0.6]
		},
		"thirdperson_lefthand": {
			"translation": [0, -1.75, -1.25],
			"scale": [0.6, 0.6, 0.6]
		},
		"ground": {
			"translation": [0, 4.25, -0.5],
			"scale": [0.9, 0.9, 0.9]
		},
		"gui": {
			"rotation": [45, -45, 0],
			"translation": [0, 1.5, 0],
			"scale": [0.8, 0.8, 0.8]
		},
		"head": {
			"rotation": [0, 0, 8],
			"translation": [-2.5, 13.75, 0]
		},
		"fixed": {
			"rotation": [-90, 0, 0],
			"translation": [0, 0, -8.25]
		}
	},
	"groups": [
		{
			"name": "hat",
			"origin": [3, 0, 3],
			"color": 0,
			"children": [0, 1, 2, 3, 4]
		},
		{
			"name": "top",
			"origin": [0, 0, 0],
			"color": 0,
			"children": [5, 6, 7, 8]
		}
	]
}