{
  "model": {
    "type": "range_dispatch",
    "property": "custom_model_data",
    "fallback": {
      "type": "model",
      "model": "item/golden_carrot"
    },
    "entries": [
      {
        "model": {
          "type": "model",
          "model": "custom:item/sho/popcorn_box"
        },
        "threshold": 101
      },
      {
        "model": {
          "type": "model",
          "model": "custom:item/james/choco_mooshake"
        },
        "threshold": 300
      },
      {
        "model": {
          "type": "model",
          "model": "custom:item/james/red_velvet_cookie"
        },
        "threshold": 301
      }
    ]
  }
}
